#include "../ui.h"
// Embedded flat vehicle emblem: gp_preview.png
const LV_ATTRIBUTE_MEM_ALIGN uint8_t ui_img_mini_gp3_data[] = {
    0x00,0x00,0x00,0x00,0x00,0x00,0x00,0x00,0x00,0x00,0x00,0x00,0x00,0x00,0x00,0x00,0x00,0x00,0x00,0x00,0x00,0x00,0x00,0x00,
    0x00,0x00,0x00,0x00,0x00,0x00,0x00,0x00,0x00,0x00,0x00,0x00,0x00,0x00,0x00,0x00,0x00,0x00,0x00,0x00,0x00,0x00,0x00,0x00,
    0x00,0x00,0x00,0x00,0x00,0x00,0x00,0x00,0x00,0x00,0x00,0x00,0x00,0x00,0x00,0x00,0x00,0x00,0x00,0x00,0x00,0x00,0x00,0x00,
    0x00,0x00,0x00,0x00,0x00,0x00,0x00,0x00,0x00,0x00,0x00,0x00,0x00,0x00,0x00,0x00,0x00,0x00,0x00,0x00,0x00,0x00,0x00,0x00,
    0x00,0x00,0x00,0x00,0x00,0x00,0x00,0x00,0x00,0x00,0x00,0x00,0x00,0x00,0x00,0x00,0x00,0x00,0x00,0x00,0x00,0x00,0x00,0x00,
    0x00,0x00,0x00,0x00,0x00,0x00,0x00,0x00,0x00,0x00,0x00,0x00,0x00,0x00,0x00,0x00,0x00,0x00,0x00,0x00,0x00,0x00,0x00,0x00,
    0x00,0x00,0x00,0x00,0x00,0x00,0x00,0x00,0x00,0x00,0x00,0x00,0x00,0x00,0x00,0x00,0x00,0x00,0x00,0x00,0x00,0x00,0x00,0x00,
    0x00,0x00,0x00,0x00,0x00,0x00,0x00,0x00,0x00,0x00,0x00,0x00,0x00,0x00,0x00,0x00,0x00,0x00,0x00,0x00,0x00,0x00,0x00,0x00,
    0x00,0x00,0x00,0x00,0x00,0x00,0x00,0x00,0x00,0x00,0x00,0x00,0x00,0x00,0x00,0x00,0x00,0x00,0x00,0x00,0x00,0x00,0x00,0x00,
    0x00,0x00,0x00,0x00,0x00,0x00,0x00,0x00,0x00,0x00,0x00,0x00,0x00,0x00,0x00,0x00,0x00,0x00,0x00,0x00,0x00,0x00,0x00,0x00,
    0x00,0x00,0x00,0x00,0x00,0x00,0x00,0x00,0x00,0x00,0x00,0x00,0x00,0x00,0x00,0x00,0x00,0x00,0x00,0x00,0x00,0x00,0x00,0x00,
    0x00,0x00,0x00,0x00,0x00,0x00,0x00,0x00,0x00,0x00,0x00,0x00,0x00,0x00,0x00,0x00,0x00,0x00,0x00,0x00,0x00,0x00,0x00,0x00,
    0x00,0x00,0x00,0x00,0x00,0x00,0x00,0x00,0x00,0x00,0x00,0x00,0x00,0x00,0x00,0x00,0x00,0x00,0x00,0x00,0x00,0x00,0x00,0x00,
    0x00,0x00,0x00,0x00,0x00,0x00,0x00,0x00,0x00,0x00,0x00,0x00,0x00,0x00,0x00,0x00,0x00,0x00,0x00,0x00,0x00,0x00,0x00,0x00,
    0x00,0x00,0x00,0x00,0x00,0x00,0x00,0x00,0x00,0x00,0x00,0x00,0x00,0x00,0x00,0x00,0x00,0x00,0x00,0x00,0x00,0x00,0x00,0x00,
    0x00,0x00,0x00,0x00,0x00,0x00,0x00,0x00,0x00,0x00,0x00,0x00,0x00,0x00,0x00,0x00,0x00,0x00,0x00,0x00,0x00,0x00,0x00,0x00,
    0x00,0x00,0x00,0x00,0x00,0x00,0x00,0x00,0x00,0x00,0x00,0x00,0x00,0x00,0x00,0x00,0x00,0x00,0x00,0x00,0x00,0x00,0x00,0x00,
    0x00,0x00,0x00,0x00,0x00,0x00,0x00,0x00,0x00,0x00,0x00,0x00,0x00,0x00,0x00,0x00,0x00,0x00,0x00,0x00,0x00,0x00,0x00,0x00,
    0x00,0x00,0x00,0x00,0x00,0x00,0x00,0x00,0x00,0x00,0x00,0x00,0x00,0x00,0x00,0x00,0x00,0x00,0x00,0x00,0x00,0x00,0x00,0x00,
    0x00,0x00,0x00,0x00,0x00,0x00,0x00,0x00,0x00,0x00,0x00,0x00,0x00,0x00,0x00,0x00,0x00,0x00,0x00,0x00,0x00,0x00,0x00,0x00,
    0x00,0x00,0x00,0x00,0x00,0x00,0x00,0x00,0x00,0x00,0x00,0x00,0x00,0x00,0x00,0x00,0x00,0x00,0x00,0x00,0x00,0x00,0x00,0x00,
    0x00,0x00,0x00,0x00,0x00,0x00,0x00,0x00,0x00,0x00,0x00,0x00,0x00,0x00,0x00,0x00,0x00,0x00,0x00,0x00,0x00,0x00,0x00,0x00,
    0x00,0x00,0x00,0x00,0x00,0x00,0x00,0x00,0x00,0x00,0x00,0x00,0x00,0x00,0x00,0x00,0x00,0x00,0x00,0x00,0x00,0x00,0x00,0x00,
    0x00,0x00,0x00,0x00,0x00,0x00,0x00,0x00,0x00,0x00,0x00,0x00,0x00,0x00,0x00,0x00,0x00,0x00,0x00,0x00,0x00,0x00,0x00,0x00,
    0x00,0x00,0x00,0x00,0x00,0x00,0x00,0x00,0x00,0x00,0x00,0x00,0x00,0x00,0x00,0x00,0x00,0x00,0x00,0x00,0x00,0x00,0x00,0x00,
    0x00,0x00,0x00,0x00,0x00,0x00,0x00,0x00,0x00,0x00,0x00,0x00,0x00,0x00,0x00,0x00,0x00,0x00,0x00,0x00,0x00,0x00,0x00,0x00,
    0x00,0x00,0x00,0x00,0x00,0x00,0x00,0x00,0x00,0x00,0x00,0x00,0x00,0x00,0x00,0x00,0x00,0x00,0x00,0x00,0x00,0x00,0x00,0x00,
    0x00,0x00,0x00,0x00,0x00,0x00,0x00,0x00,0x00,0x00,0x00,0x00,0x00,0x00,0x00,0x00,0x00,0x00,0x00,0x00,0x00,0x00,0x00,0x00,
    0x00,0x00,0x00,0x00,0x00,0x00,0x00,0x00,0x00,0x00,0x00,0x00,0x00,0x00,0x00,0x00,0x00,0x00,0x00,0x00,0x00,0x00,0x00,0x00,
    0x00,0x00,0x00,0x00,0x00,0x00,0x00,0x00,0x00,0x00,0x00,0x00,0x00,0x00,0x00,0x00,0x00,0x00,0x00,0x00,0x00,0x00,0x00,0x00,
    0x00,0x00,0x00,0x00,0x00,0x00,0x00,0x00,0x00,0x00,0x00,0x00,0x00,0x00,0x00,0x00,0x00,0x00,0x00,0x00,0x00,0x00,0x00,0x00,
    0x00,0x00,0x00,0x00,0x00,0x00,0x00,0x00,0x00,0x00,0x00,0x00,0x00,0x00,0x00,0x00,0x00,0x00,0x00,0x00,0x00,0x00,0x00,0x00,
    0x00,0x00,0x00,0x00,0x00,0x00,0x00,0x00,0x00,0x00,0x00,0x00,0x00,0x00,0x00,0x00,0x00,0x00,0x00,0x00,0x00,0x00,0x00,0x00,
    0x00,0x00,0x00,0x00,0x00,0x00,0x00,0x00,0x00,0x00,0x00,0x00,0x00,0x00,0x00,0x00,0x00,0x00,0x00,0x00,0x00,0x00,0x00,0x00,
    0x00,0x00,0x00,0x00,0x00,0x00,0x00,0x00,0x00,0x00,0x00,0x00,0x00,0x00,0x00,0x00,0x00,0x00,0x00,0x00,0x00,0x00,0x00,0x00,
    0x00,0x00,0x00,0x00,0x00,0x00,0x00,0x00,0x00,0x00,0x00,0x00,0x00,0x00,0x00,0x00,0x00,0x00,0x00,0x00,0x00,0x00,0x00,0x00,
    0x00,0x00,0x00,0x00,0x00,0x00,0x00,0x00,0x00,0x00,0x00,0x00,0x00,0x00,0x00,0x00,0x00,0x00,0x00,0x00,0x00,0x00,0x00,0x00,
    0x00,0x00,0x00,0x00,0x00,0x00,0x00,0x00,0x00,0x00,0x00,0x00,0x00,0x00,0x00,0x00,0x00,0x00,0x00,0x00,0x00,0x00,0x00,0x00,
    0x00,0x00,0x00,0x00,0x00,0x00,0x00,0x00,0x00,0x00,0x00,0x00,0x00,0x00,0x00,0x00,0x00,0x00,0x00,0x00,0x00,0x00,0x00,0x00,
    0x00,0x00,0x00,0x00,0x00,0x00,0x00,0x00,0x00,0x00,0x00,0x00,0x00,0x00,0x00,0x00,0x00,0x00,0x00,0x00,0x00,0x00,0x00,0x00,
    0x00,0x00,0x00,0x00,0x00,0x00,0x00,0x00,0x00,0x00,0x00,0x00,0x00,0x00,0x00,0x00,0x00,0x00,0x00,0x00,0x00,0x00,0x00,0x00,
    0x00,0x00,0x00,0x00,0x00,0x00,0x00,0x00,0x00,0x00,0x00,0x00,0x00,0x00,0x00,0x00,0x00,0x00,0x00,0x00,0x00,0x00,0x00,0x00,
    0x00,0x00,0x00,0x00,0x00,0x00,0x00,0x00,0x00,0x00,0x00,0x00,0x00,0x00,0x00,0x00,0x00,0x00,0x00,0x00,0x00,0x00,0x00,0x00,
    0x00,0x00,0x00,0x00,0x00,0x00,0x00,0x00,0x00,0x00,0x00,0x00,0x00,0x00,0x00,0x00,0x00,0x00,0x00,0x00,0x00,0x00,0x00,0x00,
    0x00,0x00,0x00,0x00,0x00,0x00,0x00,0x00,0x00,0x00,0x00,0x00,0x00,0x00,0x00,0x00,0x00,0x00,0x00,0x00,0x00,0x00,0x00,0x00,
    0x00,0x00,0x00,0x00,0x00,0x00,0x00,0x00,0x00,0x00,0x00,0x00,0x00,0x00,0x00,0x00,0x00,0x00,0x00,0x00,0x00,0x00,0x00,0x00,
    0x00,0x00,0x00,0x00,0x00,0x00,0x00,0x00,0x00,0x00,0x00,0x00,0x00,0x00,0x00,0x00,0x00,0x00,0x00,0x00,0x00,0x00,0x00,0x00,
    0x00,0x00,0x00,0x00,0x00,0x00,0x00,0x00,0x00,0x00,0x00,0x00,0x00,0x00,0x00,0x00,0x00,0x00,0x00,0x00,0x00,0x00,0x00,0x00,
    0x00,0x00,0x00,0x00,0x00,0x00,0x00,0x00,0x00,0x00,0x00,0x00,0x00,0x00,0x00,0x00,0x00,0x00,0x00,0x00,0x00,0x00,0x00,0x00,
    0x00,0x00,0x00,0x00,0x00,0x00,0x00,0x00,0x00,0x00,0x00,0x00,0x00,0x00,0x00,0x00,0x00,0x00,0x00,0x00,0x00,0x00,0x00,0x00,
    0x00,0x00,0x00,0x00,0x00,0x00,0x00,0x00,0x00,0x00,0x00,0x00,0x00,0x00,0x00,0x00,0x00,0x00,0x00,0x00,0x00,0x00,0x00,0x00,
    0x00,0x00,0x00,0x00,0x00,0x00,0x00,0x00,0x00,0x00,0x00,0x00,0x00,0x00,0x00,0x00,0x00,0x00,0x00,0x00,0x00,0x00,0x00,0x00,
    0x00,0x00,0x00,0x00,0x00,0x00,0x00,0x00,0x00,0x00,0x00,0x00,0x00,0x00,0x00,0x00,0x00,0x00,0x00,0x00,0x00,0x00,0x00,0x00,
    0x00,0x00,0x00,0x00,0x00,0x00,0x00,0x00,0x00,0x00,0x00,0x00,0x00,0x00,0x00,0x00,0x00,0x00,0x00,0x00,0x00,0x00,0x00,0x00,
    0x00,0x00,0x00,0x00,0x00,0x00,0x00,0x00,0x00,0x00,0x00,0x00,0x00,0x00,0x00,0x00,0x00,0x00,0x00,0x00,0x00,0x00,0x00,0x00,
    0x00,0x00,0x00,0x00,0x00,0x00,0x00,0x00,0x00,0x00,0x00,0x00,0x00,0x00,0x00,0x00,0x00,0x00,0x00,0x00,0x00,0x00,0x00,0x00,
    0x00,0x00,0x00,0x00,0x00,0x00,0x00,0x00,0x00,0x00,0x00,0x00,0x00,0x00,0x00,0x00,0x00,0x00,0x00,0x00,0x00,0x00,0x00,0x00,
    0x00,0x00,0x00,0x00,0x00,0x00,0x00,0x00,0x00,0x00,0x00,0x00,0x00,0x00,0x00,0x00,0x00,0x00,0x00,0x00,0x00,0x00,0x00,0x00,
    0x00,0x00,0x00,0x00,0x00,0x00,0x00,0x00,0x00,0x00,0x00,0x00,0x00,0x00,0x00,0x00,0x00,0x00,0x00,0x00,0x00,0x00,0x00,0x00,
    0x00,0x00,0x00,0x00,0x00,0x00,0x00,0x00,0x00,0x00,0x00,0x00,0x00,0x00,0x00,0x00,0x00,0x00,0x00,0x00,0x00,0x00,0x00,0x00,
    0x00,0x00,0x00,0x00,0x00,0x00,0x00,0x00,0x00,0x00,0x00,0x00,0x00,0x00,0x00,0x00,0x00,0x00,0x00,0x00,0x00,0x00,0x00,0x00,
    0x00,0x00,0x00,0x00,0x00,0x00,0x00,0x00,0x00,0x00,0x00,0x00,0x00,0x00,0x00,0x00,0x00,0x00,0x00,0x00,0x00,0x00,0x00,0x00,
    0x00,0x00,0x00,0x00,0x00,0x00,0x00,0x00,0x00,0x00,0x00,0x00,0x00,0x00,0x00,0x00,0x00,0x00,0x00,0x00,0x00,0x00,0x00,0x00,
    0x00,0x00,0x00,0x00,0x00,0x00,0x00,0x00,0x00,0x00,0x00,0x00,0x00,0x00,0x00,0x00,0x00,0x00,0x00,0x00,0x00,0x00,0x00,0x00,
    0x00,0x00,0x00,0x00,0x00,0x00,0x00,0x00,0x00,0x00,0x00,0x00,0x00,0x00,0x00,0x00,0x00,0x00,0x00,0x00,0x00,0x00,0x00,0x00,
    0x00,0x00,0x00,0x00,0x00,0x00,0x00,0x00,0x00,0x00,0x00,0x00,0x00,0x00,0x00,0x00,0x00,0x00,0x00,0x00,0x00,0x00,0x00,0x00,
    0x00,0x00,0x00,0x00,0x00,0x00,0x00,0x00,0x00,0x00,0x00,0x00,0x00,0x00,0x00,0x00,0x00,0x00,0x00,0x00,0x00,0x00,0x00,0x00,
    0x00,0x00,0x00,0x00,0x00,0x00,0x00,0x00,0x00,0x00,0x00,0x00,0x00,0x00,0x00,0x00,0x00,0x00,0x00,0x00,0x00,0x00,0x00,0x00,
    0x00,0x00,0x00,0x00,0x00,0x00,0x00,0x00,0x00,0x00,0x00,0x00,0x00,0x00,0x00,0x00,0x00,0x00,0x00,0x00,0x00,0x00,0x00,0x00,
    0x00,0x00,0x00,0x00,0x00,0x00,0x00,0x00,0x00,0x00,0x00,0x00,0x00,0x00,0x00,0x00,0x00,0x00,0x00,0x00,0x00,0x00,0x00,0x00,
    0x00,0x00,0x00,0x00,0x00,0x00,0x00,0x00,0x00,0x00,0x00,0x00,0x00,0x00,0x00,0x00,0x00,0x00,0x00,0x00,0x00,0x00,0x00,0x00,
    0x00,0x00,0x00,0x00,0x00,0x00,0x00,0x00,0x00,0x00,0x00,0x00,0x00,0x00,0x00,0x00,0x00,0x00,0x00,0x00,0x00,0x00,0x00,0x00,
    0x00,0x00,0x00,0x00,0x00,0x00,0x00,0x00,0x00,0x00,0x00,0x00,0x00,0x00,0x00,0x00,0x00,0x00,0x00,0x00,0x00,0x00,0x00,0x00,
    0x00,0x00,0x00,0x00,0x00,0x00,0x00,0x00,0x00,0x00,0x00,0x00,0x00,0x00,0x00,0x00,0x00,0x00,0x00,0x00,0x00,0x00,0x00,0x00,
    0x00,0x00,0x00,0x00,0x00,0x00,0x00,0x00,0x00,0x00,0x00,0x00,0x00,0x00,0x00,0x00,0x00,0x00,0x00,0x00,0x00,0x00,0x00,0x00,
    0x00,0x00,0x00,0x00,0x00,0x00,0x00,0x00,0x00,0x00,0x00,0x00,0x00,0x00,0x00,0x00,0x00,0x00,0x00,0x00,0x00,0x00,0x00,0x00,
    0x00,0x00,0x00,0x00,0x00,0x00,0x00,0x00,0x00,0x00,0x00,0x00,0x00,0x00,0x00,0x00,0x00,0x00,0x00,0x00,0x00,0x00,0x00,0x00,
    0x00,0x00,0x00,0x00,0x00,0x00,0x00,0x00,0x00,0x00,0x00,0x00,0x00,0x00,0x00,0x00,0x00,0x00,0x00,0x00,0x00,0x00,0x00,0x00,
    0x00,0x00,0x00,0x00,0x00,0x00,0x00,0x00,0x00,0x00,0x00,0x00,0x00,0x00,0x00,0x00,0x00,0x00,0x00,0x00,0x00,0x00,0x00,0x00,
    0x00,0x00,0x00,0x00,0x00,0x00,0x00,0x00,0x00,0x00,0x00,0x00,0x00,0x00,0x00,0x00,0x00,0x00,0x00,0x00,0x00,0x00,0x00,0x00,
    0x00,0x00,0x00,0x00,0x00,0x00,0x00,0x00,0x00,0x00,0x00,0x00,0x00,0x00,0x00,0x00,0x00,0x00,0x00,0x00,0x00,0x00,0x00,0x00,
    0x00,0x00,0x00,0x00,0x00,0x00,0x00,0x00,0x00,0x00,0x00,0x00,0x00,0x00,0x00,0x00,0x00,0x00,0x00,0x00,0x00,0x00,0x00,0x00,
    0x00,0x00,0x00,0x00,0x00,0x00,0x00,0x00,0x00,0x00,0x00,0x00,0x00,0x00,0x00,0x00,0x00,0x00,0x00,0x00,0x00,0x00,0x00,0x00,
    0x00,0x00,0x00,0x00,0x00,0x00,0x00,0xf8,0x01,0xa0,0xfa,0x03,0xa0,0xfa,0x03,0xe7,0xf9,0x04,0xe7,0xf9,0x04,0xe7,0xf9,0x04,
    0xe7,0xf9,0x04,0xe7,0xf9,0x04,0xe7,0xf9,0x04,0xe7,0xf9,0x04,0xe7,0xf9,0x04,0xe7,0xf9,0x04,0xe7,0xf9,0x04,0xe7,0xf9,0x04,
    0xaa,0xfa,0x03,0xa0,0xfa,0x03,0xa0,0xfa,0x03,0x00,0x00,0x01,0x00,0x00,0x00,0x00,0x00,0x00,0x00,0x00,0x00,0x00,0x00,0x00,
    0x00,0x00,0x00,0x00,0x00,0x00,0x00,0x00,0x00,0x00,0x00,0x00,0x00,0x00,0x00,0x00,0x00,0x00,0x00,0x00,0x00,0x00,0x00,0x00,
    0x00,0x00,0x00,0x00,0x00,0x00,0x00,0x00,0x00,0x00,0x00,0x00,0x00,0x00,0x00,0x00,0x00,0x00,0x00,0x00,0x00,0x00,0x00,0x00,
    0x00,0x00,0x00,0x00,0x00,0x00,0x00,0x00,0x00,0x00,0x00,0x00,0x00,0x00,0x00,0x00,0x00,0x00,0x00,0x00,0x00,0x00,0x00,0x00,
    0x00,0x00,0x00,0x00,0x00,0x00,0x00,0x00,0x00,0x00,0x00,0x00,0x00,0x00,0x00,0x00,0x00,0x00,0x00,0x00,0x00,0x00,0x00,0x00,
    0x00,0x00,0x00,0x00,0x00,0x00,0x00,0x00,0x00,0x00,0x00,0x00,0x00,0x00,0x00,0x00,0x00,0x00,0x00,0x00,0x00,0x00,0x00,0x00,
    0x00,0x00,0x00,0x00,0x00,0x00,0x00,0x00,0x00,0x00,0x00,0x00,0x00,0x00,0x00,0x00,0x00,0x00,0x00,0x00,0x00,0x00,0x00,0x00,
    0x00,0x00,0x00,0x00,0x00,0x00,0x00,0x00,0x00,0x00,0x00,0x00,0x00,0x00,0x00,0x00,0x00,0x00,0x00,0x00,0x00,0x00,0x00,0x00,
    0x00,0x00,0x00,0x00,0x00,0x00,0x00,0x00,0x00,0x00,0x00,0x00,0x00,0x00,0x00,0x00,0x00,0x00,0x00,0x00,0x00,0x00,0x00,0x00,
    0x00,0x00,0x00,0x00,0x00,0x00,0x00,0x00,0x00,0x00,0x00,0x00,0x00,0x00,0x00,0x00,0x00,0x00,0x00,0x00,0x00,0x00,0x00,0x00,
    0x00,0x00,0x00,0x00,0x00,0x00,0x00,0x00,0x00,0x00,0x00,0x00,0x00,0x00,0x00,0x00,0x00,0x00,0x00,0x00,0x00,0x00,0x00,0x00,
    0x00,0x00,0x00,0x00,0x00,0x00,0x00,0x00,0x00,0x00,0x00,0x00,0x00,0x00,0x00,0x00,0x00,0x00,0x00,0x00,0x00,0x00,0x00,0x00,
    0x00,0x00,0x00,0x00,0x00,0x00,0x00,0x00,0x00,0x00,0x00,0x00,0x00,0x00,0x00,0x00,0x00,0x00,0x00,0x00,0x00,0x00,0x00,0x00,
    0x00,0x00,0x00,0x00,0x00,0x00,0x00,0x00,0x00,0x00,0x00,0x00,0x00,0x00,0x00,0x00,0x00,0x00,0x00,0x00,0x00,0x00,0x00,0x00,
    0x00,0x00,0x00,0x00,0x00,0x00,0x00,0x00,0x00,0x00,0x00,0x00,0x00,0x00,0x00,0x00,0x00,0x00,0x00,0x00,0x00,0x00,0x00,0x00,
    0x00,0x00,0x00,0x00,0x00,0x00,0x00,0x00,0x00,0x00,0x00,0x00,0x00,0x00,0x00,0x00,0x00,0x00,0x00,0x00,0x00,0x00,0x00,0x00,
    0x00,0x00,0x00,0x00,0x00,0x00,0x00,0x00,0x00,0x00,0x00,0x00,0x00,0x00,0x00,0x00,0x00,0x00,0x00,0x00,0x00,0x00,0x00,0x00,
    0x00,0x00,0x00,0x00,0x00,0x00,0x00,0x00,0x00,0x00,0x00,0x00,0x00,0x00,0x00,0x00,0x00,0x00,0x00,0x00,0x00,0x00,0x00,0x00,
    0x00,0x00,0x00,0x00,0x00,0x00,0x00,0x00,0x00,0x00,0x00,0x00,0x00,0x00,0x00,0x00,0x00,0x00,0x00,0x00,0x00,0x00,0x00,0x00,
    0x00,0x00,0x00,0x00,0x00,0x00,0x00,0x00,0x00,0x00,0x00,0x00,0x00,0x00,0x00,0x00,0x00,0x00,0x00,0x00,0x00,0x00,0x00,0x00,
    0x00,0x00,0x00,0x00,0x00,0x00,0x00,0x00,0x00,0x00,0x00,0x00,0x00,0x00,0x00,0x00,0x00,0x00,0x00,0x00,0x00,0x00,0x00,0x00,
    0x00,0x00,0x00,0x00,0x00,0x00,0x00,0x00,0x00,0x00,0x00,0x00,0x00,0x00,0x00,0x00,0x00,0x00,0x00,0x00,0x00,0x00,0x00,0x00,
    0x00,0x00,0x00,0x00,0x00,0x00,0x00,0x00,0x00,0x00,0x00,0x00,0x00,0x00,0x00,0x00,0x00,0x00,0x00,0x00,0x00,0x00,0x00,0x00,
    0x00,0x00,0x00,0x00,0x00,0x00,0x00,0x00,0x00,0x00,0x00,0x00,0x00,0x00,0x00,0x00,0x00,0x00,0x00,0x00,0x00,0x00,0x00,0x00,
    0x00,0x00,0x00,0x00,0xf8,0x01,0xa0,0xfa,0x03,0x00,0xf8,0x02,0x00,0x00,0x00,0x00,0x00,0x00,0x00,0x00,0x00,0x00,0x00,0x00,
    0x00,0x00,0x00,0x00,0x00,0x00,0x00,0x00,0x00,0x00,0x00,0x00,0x00,0x00,0x00,0x00,0x00,0x00,0x00,0x00,0x00,0x00,0x00,0x00,
    0x00,0x00,0x00,0x00,0x00,0x00,0x00,0x00,0x00,0x00,0x00,0x00,0x00,0x00,0x00,0x00,0x00,0x00,0x00,0xf8,0x02,0xa0,0xfa,0x03,
    0xe7,0xf9,0x04,0x00,0xa8,0x03,0x00,0x00,0x00,0x00,0x00,0x00,0x00,0x00,0x00,0x00,0x00,0x00,0x00,0x00,0x00,0x00,0x00,0x00,
    0x00,0x00,0x00,0x00,0x00,0x00,0x00,0x00,0x00,0x00,0x00,0x00,0x00,0x00,0x00,0x00,0x00,0x00,0x00,0x00,0x00,0x00,0x00,0x00,
    0x00,0x00,0x00,0x00,0x00,0x00,0x00,0x00,0x00,0x00,0x00,0x00,0x00,0x00,0x00,0x00,0x00,0x00,0x00,0x00,0x00,0x00,0x00,0x00,
    0x00,0x00,0x00,0x00,0x00,0x00,0x00,0x00,0x00,0x00,0x00,0x00,0x00,0x00,0x00,0x00,0x00,0x00,0x00,0x00,0x00,0x00,0x00,0x00,
    0x00,0x00,0x00,0x00,0x00,0x00,0x00,0x00,0x00,0x00,0x00,0x00,0x00,0x00,0x00,0x00,0x00,0x00,0x00,0x00,0x00,0x00,0x00,0x00,
    0x00,0x00,0x00,0x00,0x00,0x00,0x00,0x00,0x00,0x00,0x00,0x00,0x00,0x00,0x00,0x00,0x00,0x00,0x00,0x00,0x00,0x00,0x00,0x00,
    0x00,0x00,0x00,0x00,0x00,0x00,0x00,0x00,0x00,0x00,0x00,0x00,0x00,0x00,0x00,0x00,0x00,0x00,0x00,0x00,0x00,0x00,0x00,0x00,
    0x00,0x00,0x00,0x00,0x00,0x00,0x00,0x00,0x00,0x00,0x00,0x00,0x00,0x00,0x00,0x00,0x00,0x00,0x00,0x00,0x00,0x00,0x00,0x00,
    0x00,0x00,0x00,0x00,0x00,0x00,0x00,0x00,0x00,0x00,0x00,0x00,0x00,0x00,0x00,0x00,0x00,0x00,0x00,0x00,0x00,0x00,0x00,0x00,
    0x00,0x00,0x00,0x00,0x00,0x00,0x00,0x00,0x00,0x00,0x00,0x00,0x00,0x00,0x00,0x00,0x00,0x00,0x00,0x00,0x00,0x00,0x00,0x00,
    0x00,0x00,0x00,0x00,0x00,0x00,0x00,0x00,0x00,0x00,0x00,0x00,0x00,0x00,0x00,0x00,0x00,0x00,0x00,0x00,0x00,0x00,0x00,0x00,
    0x00,0x00,0x00,0x00,0x00,0x00,0x00,0x00,0x00,0x00,0x00,0x00,0x00,0x00,0x00,0x00,0x00,0x00,0x00,0x00,0x00,0x00,0x00,0x00,
    0x00,0x00,0x00,0x00,0x00,0x00,0x00,0x00,0x00,0x00,0x00,0x00,0x00,0x00,0x00,0x00,0x00,0x00,0x00,0x00,0x00,0x00,0x00,0x00,
    0x00,0x00,0x00,0x00,0x00,0x00,0x00,0x00,0x00,0x00,0x00,0x00,0x00,0x00,0x00,0x00,0x00,0x00,0x00,0x00,0x00,0x00,0x00,0x00,
    0x00,0x00,0x00,0x00,0x00,0x00,0x00,0x00,0x00,0x00,0x00,0x00,0x00,0x00,0x00,0x00,0x00,0x00,0x00,0x00,0x00,0x00,0x00,0x00,
    0x00,0x00,0x00,0x00,0x00,0x00,0x00,0x00,0x00,0x00,0x00,0x00,0x00,0x00,0x00,0x00,0x00,0x00,0x00,0x00,0x00,0x00,0x00,0x00,
    0x00,0x00,0x00,0x00,0x00,0x00,0x00,0x00,0x00,0x00,0x00,0x00,0x00,0x00,0x00,0x00,0x00,0x00,0x00,0x00,0x00,0x00,0x00,0x00,
    0x00,0x00,0x00,0x00,0x00,0x00,0x00,0x00,0x00,0x00,0x00,0x00,0x00,0x00,0x00,0x00,0x00,0x00,0x00,0x00,0x00,0x00,0x00,0x00,
    0x00,0x00,0x00,0x00,0x00,0x00,0x00,0x00,0x00,0x00,0x00,0x00,0x00,0x00,0x00,0x00,0x00,0x00,0x00,0x00,0x00,0x00,0x00,0x00,
    0x00,0x00,0x00,0x00,0x00,0x00,0x00,0x00,0x00,0x00,0x00,0x00,0x00,0x00,0x00,0x00,0x00,0x00,0x00,0x00,0x00,0x00,0x00,0x00,
    0x00,0x00,0x00,0x00,0x00,0x00,0x00,0x00,0x00,0x00,0x00,0x00,0x00,0x00,0x00,0x00,0x00,0x00,0x00,0x00,0x00,0x00,0x00,0x00,
    0x00,0x00,0x00,0x00,0x00,0x00,0x00,0x00,0x00,0x00,0x00,0x00,0x00,0x00,0x00,0x00,0x00,0x00,0x00,0x00,0x00,0x00,0x00,0x00,
    0x00,0x00,0x00,0x00,0x00,0x00,0x00,0x00,0x00,0x00,0x00,0x00,0x00,0x00,0x00,0x00,0x00,0x00,0x00,0x00,0x00,0x00,0x00,0x00,
    0x00,0x00,0x00,0x00,0xf8,0x01,0xe7,0xf9,0x04,0x00,0x00,0x00,0x00,0x00,0x00,0x00,0x00,0x00,0x24,0xe9,0x0e,0x85,0xf9,0x3a,
    0x64,0xe1,0x49,0x64,0xe1,0xab,0x64,0xe1,0xab,0x64,0xe1,0xab,0x64,0xe1,0xab,0x64,0xe1,0xab,0x64,0xe1,0xab,0x64,0xe1,0xab,
    0x64,0xe1,0xab,0x64,0xe1,0xab,0x64,0xe1,0xa8,0x85,0xf1,0xab,0x64,0xe1,0x71,0x65,0xe9,0x39,0x65,0xe9,0x3c,0x00,0xf8,0x01,
    0x00,0x00,0x00,0x00,0x00,0x00,0x00,0x00,0x00,0x00,0x00,0x00,0x00,0x00,0x00,0x00,0x00,0x00,0x86,0xc9,0x05,0x86,0xc9,0x05,
    0x00,0xf8,0x01,0x00,0xf8,0x01,0x00,0x00,0x00,0x00,0x00,0x00,0x00,0x00,0x00,0x00,0x00,0x00,0x00,0x00,0x00,0x00,0x00,0x00,
    0x00,0x00,0x00,0x00,0x00,0x00,0x00,0x00,0x00,0x00,0x00,0x00,0x00,0x00,0x00,0x00,0x00,0x00,0x00,0x00,0x00,0x00,0x00,0x00,
    0x00,0x00,0x00,0x00,0x00,0x00,0x00,0x00,0x00,0x00,0x00,0x00,0x00,0x00,0x00,0x00,0x00,0x00,0x00,0x00,0x00,0x00,0x00,0x00,
    0x00,0x00,0x00,0x00,0x00,0x00,0x00,0x00,0x00,0x00,0x00,0x00,0x00,0x00,0x00,0x00,0x00,0x00,0x00,0x00,0x00,0x00,0x00,0x00,
    0x00,0x00,0x00,0x00,0x00,0x00,0x00,0x00,0x00,0x00,0x00,0x00,0x00,0x00,0x00,0x00,0x00,0x00,0x00,0x00,0x00,0x00,0x00,0x00,
    0x00,0x00,0x00,0x00,0x00,0x00,0x00,0x00,0x00,0x00,0x00,0x00,0x00,0x00,0x00,0x00,0x00,0x00,0x00,0x00,0x00,0x00,0x00,0x00,
    0x00,0x00,0x00,0x00,0x00,0x00,0x00,0x00,0x00,0x00,0x00,0x00,0x00,0x00,0x00,0x00,0x00,0x00,0x00,0x00,0x00,0x00,0x00,0x00,
    0x00,0x00,0x00,0x00,0x00,0x00,0x00,0x00,0x00,0x00,0x00,0x00,0x00,0x00,0x00,0x00,0x00,0x00,0x00,0x00,0x00,0x00,0x00,0x00,
    0x00,0x00,0x00,0x00,0x00,0x00,0x00,0x00,0x00,0x00,0x00,0x00,0x00,0x00,0x00,0x00,0x00,0x00,0x00,0x00,0x00,0x00,0x00,0x00,
    0x00,0x00,0x00,0x00,0x00,0x00,0x00,0x00,0x00,0x00,0x00,0x00,0x00,0x00,0x00,0x00,0x00,0x00,0x00,0x00,0x00,0x00,0x00,0x00,
    0x00,0x00,0x00,0x00,0x00,0x00,0x00,0x00,0x00,0x00,0x00,0x00,0x00,0x00,0x00,0x00,0x00,0x00,0x00,0x00,0x00,0x00,0x00,0x00,
    0x00,0x00,0x00,0x00,0x00,0x00,0x00,0x00,0x00,0x00,0x00,0x00,0x00,0x00,0x00,0x00,0x00,0x00,0x00,0x00,0x00,0x00,0x00,0x00,
    0x00,0x00,0x00,0x00,0x00,0x00,0x00,0x00,0x00,0x00,0x00,0x00,0x00,0x00,0x00,0x00,0x00,0x00,0x00,0x00,0x00,0x00,0x00,0x00,
    0x00,0x00,0x00,0x00,0x00,0x00,0x00,0x00,0x00,0x00,0x00,0x00,0x00,0x00,0x00,0x00,0x00,0x00,0x00,0x00,0x00,0x00,0x00,0x00,
    0x00,0x00,0x00,0x00,0x00,0x00,0x00,0x00,0x00,0x00,0x00,0x00,0x00,0x00,0x00,0x00,0x00,0x00,0x00,0x00,0x00,0x00,0x00,0x00,
    0x00,0x00,0x00,0x00,0x00,0x00,0x00,0x00,0x00,0x00,0x00,0x00,0x00,0x00,0x00,0x00,0x00,0x00,0x00,0x00,0x00,0x00,0x00,0x00,
    0x00,0x00,0x00,0x00,0x00,0x00,0x00,0x00,0x00,0x00,0x00,0x00,0x00,0x00,0x00,0x00,0x00,0x00,0x00,0x00,0x00,0x00,0x00,0x00,
    0x00,0x00,0x00,0x00,0x00,0x00,0x00,0x00,0x00,0x00,0x00,0x00,0x00,0x00,0x00,0x00,0x00,0x00,0x00,0x00,0x00,0x00,0x00,0x00,
    0x00,0x00,0x00,0x00,0x00,0x00,0x00,0x00,0x00,0x00,0x00,0x00,0x00,0x00,0x00,0x00,0x00,0x00,0x00,0x00,0x00,0x00,0x00,0x00,
    0x00,0x00,0x00,0x00,0x00,0x00,0x00,0x00,0x00,0x00,0x00,0x00,0x00,0x00,0x00,0x00,0x00,0x00,0x00,0x00,0x00,0x00,0x00,0x00,
    0x00,0x00,0x00,0x00,0x00,0x00,0x00,0x00,0x00,0x00,0x00,0x00,0x00,0x00,0x00,0x00,0x00,0x00,0x00,0x00,0x00,0x00,0x00,0x00,
    0x00,0x00,0x00,0x00,0x00,0x00,0x00,0x00,0x00,0x00,0x00,0x00,0x00,0x00,0x00,0x00,0x00,0x00,0x00,0x00,0x00,0x00,0x00,0x00,
    0x00,0x00,0x00,0x00,0x00,0x00,0x00,0xf8,0x02,0x00,0x00,0x00,0x00,0x00,0x00,0x86,0x99,0x05,0x65,0xe9,0x65,0x65,0xe9,0xc5,
    0x64,0xe1,0xdd,0x85,0xf1,0xff,0x85,0xf1,0xff,0x85,0xf1,0xff,0x85,0xf1,0xff,0x85,0xf1,0xff,0x85,0xf1,0xff,0x85,0xf1,0xff,
    0x85,0xf1,0xff,0x85,0xf1,0xff,0x85,0xf1,0xff,0x85,0xf1,0xff,0x85,0xf1,0xff,0x85,0xf1,0xff,0x85,0xf1,0xff,0x85,0xf1,0xff,
    0x85,0xf1,0xff,0x64,0xe1,0xd0,0x65,0xf1,0xc5,0x64,0xe1,0x81,0x85,0xf1,0x54,0x65,0xe1,0x38,0x00,0x00,0x00,0x00,0x00,0x00,
    0x00,0x00,0x00,0x00,0x00,0x00,0x00,0x00,0x00,0x00,0x00,0x00,0x86,0xc9,0x05,0x86,0xc9,0x05,0x00,0xf8,0x02,0x00,0xf8,0x02,
    0x00,0xf8,0x01,0x00,0x00,0x00,0x00,0x00,0x00,0x00,0x00,0x00,0x00,0x00,0x00,0x00,0x00,0x00,0x00,0x00,0x00,0x00,0x00,0x00,
    0x00,0x00,0x00,0x00,0x00,0x00,0x00,0x00,0x00,0x00,0x00,0x00,0x00,0x00,0x00,0x00,0x00,0x00,0x00,0x00,0x00,0x00,0x00,0x00,
    0x00,0x00,0x00,0x00,0x00,0x00,0x00,0x00,0x00,0x00,0x00,0x00,0x00,0x00,0x00,0x00,0x00,0x00,0x00,0x00,0x00,0x00,0x00,0x00,
    0x00,0x00,0x00,0x00,0x00,0x00,0x00,0x00,0x00,0x00,0x00,0x00,0x00,0x00,0x00,0x00,0x00,0x00,0x00,0x00,0x00,0x00,0x00,0x00,
    0x00,0x00,0x00,0x00,0x00,0x00,0x00,0x00,0x00,0x00,0x00,0x00,0x00,0x00,0x00,0x00,0x00,0x00,0x00,0x00,0x00,0x00,0x00,0x00,
    0x00,0x00,0x00,0x00,0x00,0x00,0x00,0x00,0x00,0x00,0x00,0x00,0x00,0x00,0x00,0x00,0x00,0x00,0x00,0x00,0x00,0x00,0x00,0x00,
    0x00,0x00,0x00,0x00,0x00,0x00,0x00,0x00,0x00,0x00,0x00,0x00,0x00,0x00,0x00,0x00,0x00,0x00,0x00,0x00,0x00,0x00,0x00,0x00,
    0x00,0x00,0x00,0x00,0x00,0x00,0x00,0x00,0x00,0x00,0x00,0x00,0x00,0x00,0x00,0x00,0x00,0x00,0x00,0x00,0x00,0x00,0x00,0x00,
    0x00,0x00,0x00,0x00,0x00,0x00,0x00,0x00,0x00,0x00,0x00,0x00,0x00,0x00,0x00,0x00,0x00,0x00,0x00,0x00,0x00,0x00,0x00,0x00,
    0x00,0x00,0x00,0x00,0x00,0x00,0x00,0x00,0x00,0x00,0x00,0x00,0x00,0x00,0x00,0x00,0x00,0x00,0x00,0x00,0x00,0x00,0x00,0x00,
    0x00,0x00,0x00,0x00,0x00,0x00,0x00,0x00,0x00,0x00,0x00,0x00,0x00,0x00,0x00,0x00,0x00,0x00,0x00,0x00,0x00,0x00,0x00,0x00,
    0x00,0x00,0x00,0x00,0x00,0x00,0x00,0x00,0x00,0x00,0x00,0x00,0x00,0x00,0x00,0x00,0x00,0x00,0x00,0x00,0x00,0x00,0x00,0x00,
    0x00,0x00,0x00,0x00,0x00,0x00,0x00,0x00,0x00,0x00,0x00,0x00,0x00,0x00,0x00,0x00,0x00,0x00,0x00,0x00,0x00,0x00,0x00,0x00,
    0x00,0x00,0x00,0x00,0x00,0x00,0x00,0x00,0x00,0x00,0x00,0x00,0x00,0x00,0x00,0x00,0x00,0x00,0x00,0x00,0x00,0x00,0x00,0x00,
    0x00,0x00,0x00,0x00,0x00,0x00,0x00,0x00,0x00,0x00,0x00,0x00,0x00,0x00,0x00,0x00,0x00,0x00,0x00,0x00,0x00,0x00,0x00,0x00,
    0x00,0x00,0x00,0x00,0x00,0x00,0x00,0x00,0x00,0x00,0x00,0x00,0x00,0x00,0x00,0x00,0x00,0x00,0x00,0x00,0x00,0x00,0x00,0x00,
    0x00,0x00,0x00,0x00,0x00,0x00,0x00,0x00,0x00,0x00,0x00,0x00,0x00,0x00,0x00,0x00,0x00,0x00,0x00,0x00,0x00,0x00,0x00,0x00,
    0x00,0x00,0x00,0x00,0x00,0x00,0x00,0x00,0x00,0x00,0x00,0x00,0x00,0x00,0x00,0x00,0x00,0x00,0x00,0x00,0x00,0x00,0x00,0x00,
    0x00,0x00,0x00,0x00,0x00,0x00,0x00,0x00,0x00,0x00,0x00,0x00,0x00,0x00,0x00,0x00,0x00,0x00,0x00,0x00,0x00,0x00,0x00,0x00,
    0x00,0x00,0x00,0x00,0x00,0x00,0x00,0x00,0x00,0x00,0x00,0x00,0x00,0x00,0x00,0x00,0x00,0x00,0x00,0x00,0x00,0x00,0x00,0x00,
    0x00,0x00,0x00,0x00,0x00,0x00,0x00,0x00,0x00,0x00,0x00,0x00,0x00,0x00,0x00,0x00,0x00,0x00,0x00,0x00,0x00,0x00,0x00,0x00,
    0x00,0x00,0x00,0x00,0x00,0x00,0x00,0xf8,0x01,0xa0,0xfa,0x03,0x00,0x00,0x00,0x86,0xc9,0x05,0x64,0xe9,0x61,0x64,0xe9,0xd6,
    0x85,0xf1,0xff,0x85,0xf1,0xff,0x65,0xe9,0xff,0x64,0xe1,0xfd,0x64,0xe1,0xfd,0x64,0xe1,0xfb,0x64,0xe1,0xfb,0x64,0xe1,0xfb,
    0x64,0xe1,0xfb,0x64,0xe1,0xfb,0x64,0xe1,0xfb,0x64,0xe1,0xfb,0x64,0xe1,0xfb,0x64,0xe1,0xfb,0x64,0xe1,0xfb,0x64,0xe1,0xfb,
    0x64,0xe1,0xfc,0x64,0xe1,0xfd,0x64,0xe1,0xfd,0x85,0xe9,0xff,0x85,0xf1,0xff,0x85,0xf1,0xff,0x85,0xf9,0xff,0x64,0xe1,0xfd,
    0x64,0xe9,0xdd,0x64,0xe1,0xce,0x64,0xe1,0x71,0x64,0xe1,0x71,0x64,0xf1,0x1b,0x86,0xe1,0x0a,0x00,0x00,0x00,0x00,0x00,0x00,
    0x00,0x00,0x00,0x00,0x00,0x00,0x00,0x00,0x00,0xe7,0xf9,0x04,0x00,0xa8,0x03,0xa0,0xfa,0x03,0x00,0xf8,0x01,0x00,0x00,0x00,
    0x00,0x00,0x00,0x00,0x00,0x00,0x00,0x00,0x00,0x00,0x00,0x00,0x00,0x00,0x00,0x00,0x00,0x00,0x00,0x00,0x00,0x00,0x00,0x00,
    0x00,0x00,0x00,0x00,0x00,0x00,0x00,0x00,0x00,0x00,0x00,0x00,0x00,0x00,0x00,0x00,0x00,0x00,0x00,0x00,0x00,0x00,0x00,0x00,
    0x00,0x00,0x00,0x00,0x00,0x00,0x00,0x00,0x00,0x00,0x00,0x00,0x00,0x00,0x00,0x00,0x00,0x00,0x00,0x00,0x00,0x00,0x00,0x00,
    0x00,0x00,0x00,0x00,0x00,0x00,0x00,0x00,0x00,0x00,0x00,0x00,0x00,0x00,0x00,0x00,0x00,0x00,0x00,0x00,0x00,0x00,0x00,0x00,
    0x00,0x00,0x00,0x00,0x00,0x00,0x00,0x00,0x00,0x00,0x00,0x00,0x00,0x00,0x00,0x00,0x00,0x00,0x00,0x00,0x00,0x00,0x00,0x00,
    0x00,0x00,0x00,0x00,0x00,0x00,0x00,0x00,0x00,0x00,0x00,0x00,0x00,0x00,0x00,0x00,0x00,0x00,0x00,0x00,0x00,0x00,0x00,0x00,
    0x00,0x00,0x00,0x00,0x00,0x00,0x00,0x00,0x00,0x00,0x00,0x00,0x00,0x00,0x00,0x00,0x00,0x00,0x00,0x00,0x00,0x00,0x00,0x00,
    0x00,0x00,0x00,0x00,0x00,0x00,0x00,0x00,0x00,0x00,0x00,0x00,0x00,0x00,0x00,0x00,0x00,0x00,0x00,0x00,0x00,0x00,0x00,0x00,
    0x00,0x00,0x00,0x00,0x00,0x00,0x00,0x00,0x00,0x00,0x00,0x00,0x00,0x00,0x00,0x00,0x00,0x00,0x00,0x00,0x00,0x00,0x00,0x00,
    0x00,0x00,0x00,0x00,0x00,0x00,0x00,0x00,0x00,0x00,0x00,0x00,0x00,0x00,0x00,0x00,0x00,0x00,0x00,0x00,0x00,0x00,0x00,0x00,
    0x00,0x00,0x00,0x00,0x00,0x00,0x00,0x00,0x00,0x00,0x00,0x00,0x00,0x00,0x00,0x00,0x00,0x00,0x00,0x00,0x00,0x00,0x00,0x00,
    0x00,0x00,0x00,0x00,0x00,0x00,0x00,0x00,0x00,0x00,0x00,0x00,0x00,0x00,0x00,0x00,0x00,0x00,0x00,0x00,0x00,0x00,0x00,0x00,
    0x00,0x00,0x00,0x00,0x00,0x00,0x00,0x00,0x00,0x00,0x00,0x00,0x00,0x00,0x00,0x00,0x00,0x00,0x00,0x00,0x00,0x00,0x00,0x00,
    0x00,0x00,0x00,0x00,0x00,0x00,0x00,0x00,0x00,0x00,0x00,0x00,0x00,0x00,0x00,0x00,0x00,0x00,0x00,0x00,0x00,0x00,0x00,0x00,
    0x00,0x00,0x00,0x00,0x00,0x00,0x00,0x00,0x00,0x00,0x00,0x00,0x00,0x00,0x00,0x00,0x00,0x00,0x00,0x00,0x00,0x00,0x00,0x00,
    0x00,0x00,0x00,0x00,0x00,0x00,0x00,0x00,0x00,0x00,0x00,0x00,0x00,0x00,0x00,0x00,0x00,0x00,0x00,0x00,0x00,0x00,0x00,0x00,
    0x00,0x00,0x00,0x00,0x00,0x00,0x00,0x00,0x00,0x00,0x00,0x00,0x00,0x00,0x00,0x00,0x00,0x00,0x00,0x00,0x00,0x00,0x00,0x00,
    0x00,0x00,0x00,0x00,0x00,0x00,0x00,0x00,0x00,0x00,0x00,0x00,0x00,0x00,0x00,0x00,0x00,0x00,0x00,0x00,0x00,0x00,0x00,0x00,
    0x00,0x00,0x00,0x00,0x00,0x00,0x00,0x00,0x00,0x00,0x00,0x00,0x00,0x00,0x00,0x00,0x00,0x00,0x00,0x00,0x00,0x00,0x00,0x00,
    0x00,0x00,0x00,0x00,0x00,0x00,0x00,0x00,0x00,0x00,0x00,0x00,0x00,0x00,0x00,0x00,0x00,0x00,0x00,0x00,0x00,0x00,0x00,0x00,
    0x00,0x00,0x00,0x00,0x00,0x00,0x00,0x00,0x00,0xa0,0xfa,0x03,0x00,0x00,0x00,0x00,0x00,0x00,0x44,0xe1,0x35,0x64,0xe9,0xd6,
    0x85,0xf1,0xff,0x65,0xe9,0xff,0x64,0xe1,0xfb,0x64,0xe1,0xfc,0x64,0xe1,0xfd,0x64,0xe1,0xff,0x64,0xe1,0xff,0x64,0xe1,0xff,
    0x64,0xe1,0xff,0x64,0xe1,0xff,0x64,0xe1,0xff,0x64,0xe1,0xff,0x64,0xe1,0xff,0x64,0xe1,0xff,0x64,0xe1,0xff,0x64,0xe1,0xff,
    0x64,0xe1,0xff,0x64,0xe1,0xff,0x64,0xe1,0xff,0x64,0xe1,0xff,0x64,0xe1,0xff,0x64,0xe1,0xfd,0x64,0xe1,0xfc,0x64,0xe1,0xfc,
    0x64,0xe1,0xfb,0x64,0xe1,0xff,0x65,0xe9,0xff,0x85,0xe9,0xff,0x85,0xf9,0xff,0x85,0xf9,0xff,0x64,0xe9,0xf5,0x64,0xe1,0xe4,
    0x64,0xe1,0x8e,0x64,0xe1,0x8e,0x65,0xe1,0x31,0xa5,0xf9,0x22,0x00,0x78,0x02,0x00,0x00,0x00,0x00,0x00,0x00,0x00,0x00,0x00,
    0x00,0x00,0x00,0x00,0xf8,0x02,0xa0,0xfa,0x03,0xe7,0xf9,0x04,0x00,0xf8,0x02,0x00,0x00,0x00,0x00,0x00,0x00,0x00,0x00,0x00,
    0x00,0x00,0x00,0x00,0x00,0x00,0x00,0x00,0x00,0x00,0x00,0x00,0x00,0x00,0x00,0x00,0x00,0x00,0x00,0x00,0x00,0x00,0x00,0x00,
    0x00,0x00,0x00,0x00,0x00,0x00,0x00,0x00,0x00,0x00,0x00,0x00,0x00,0x00,0x00,0x00,0x00,0x00,0x00,0x00,0x00,0x00,0x00,0x00,
    0x00,0x00,0x00,0x00,0x00,0x00,0x00,0x00,0x00,0x00,0x00,0x00,0x00,0x00,0x00,0x00,0x00,0x00,0x00,0x00,0x00,0x00,0x00,0x00,
    0x00,0x00,0x00,0x00,0x00,0x00,0x00,0x00,0x00,0x00,0x00,0x00,0x00,0x00,0x00,0x00,0x00,0x00,0x00,0x00,0x00,0x00,0x00,0x00,
    0x00,0x00,0x00,0x00,0x00,0x00,0x00,0x00,0x00,0x00,0x00,0x00,0x00,0x00,0x00,0x00,0x00,0x00,0x00,0x00,0x00,0x00,0x00,0x00,
    0x00,0x00,0x00,0x00,0x00,0x00,0x00,0x00,0x00,0x00,0x00,0x00,0x00,0x00,0x00,0x00,0x00,0x00,0x00,0x00,0x00,0x00,0x00,0x00,
    0x00,0x00,0x00,0x00,0x00,0x00,0x00,0x00,0x00,0x00,0x00,0x00,0x00,0x00,0x00,0x00,0x00,0x00,0x00,0x00,0x00,0x00,0x00,0x00,
    0x00,0x00,0x00,0x00,0x00,0x00,0x00,0x00,0x00,0x00,0x00,0x00,0x00,0x00,0x00,0x00,0x00,0x00,0x00,0x00,0x00,0x00,0x00,0x00,
    0x00,0x00,0x00,0x00,0x00,0x00,0x00,0x00,0x00,0x00,0x00,0x00,0x00,0x00,0x00,0x00,0x00,0x00,0x00,0x00,0x00,0x00,0x00,0x00,
    0x00,0x00,0x00,0x00,0x00,0x00,0x00,0x00,0x00,0x00,0x00,0x00,0x00,0x00,0x00,0x00,0x00,0x00,0x00,0x00,0x00,0x00,0x00,0x00,
    0x00,0x00,0x00,0x00,0x00,0x00,0x00,0x00,0x00,0x00,0x00,0x00,0x00,0x00,0x00,0x00,0x00,0x00,0x00,0x00,0x00,0x00,0x00,0x00,
    0x00,0x00,0x00,0x00,0x00,0x00,0x00,0x00,0x00,0x00,0x00,0x00,0x00,0x00,0x00,0x00,0x00,0x00,0x00,0x00,0x00,0x00,0x00,0x00,
    0x00,0x00,0x00,0x00,0x00,0x00,0x00,0x00,0x00,0x00,0x00,0x00,0x00,0x00,0x00,0x00,0x00,0x00,0x00,0x00,0x00,0x00,0x00,0x00,
    0x00,0x00,0x00,0x00,0x00,0x00,0x00,0x00,0x00,0x00,0x00,0x00,0x00,0x00,0x00,0x00,0x00,0x00,0x00,0x00,0x00,0x00,0x00,0x00,
    0x00,0x00,0x00,0x00,0x00,0x00,0x00,0x00,0x00,0x00,0x00,0x00,0x00,0x00,0x00,0x00,0x00,0x00,0x00,0x00,0x00,0x00,0x00,0x00,
    0x00,0x00,0x00,0x00,0x00,0x00,0x00,0x00,0x00,0x00,0x00,0x00,0x00,0x00,0x00,0x00,0x00,0x00,0x00,0x00,0x00,0x00,0x00,0x00,
    0x00,0x00,0x00,0x00,0x00,0x00,0x00,0x00,0x00,0x00,0x00,0x00,0x00,0x00,0x00,0x00,0x00,0x00,0x00,0x00,0x00,0x00,0x00,0x00,
    0x00,0x00,0x00,0x00,0x00,0x00,0x00,0x00,0x00,0x00,0x00,0x00,0x00,0x00,0x00,0x00,0x00,0x00,0x00,0x00,0x00,0x00,0x00,0x00,
    0x00,0x00,0x00,0x00,0x00,0x00,0x00,0x00,0x00,0x00,0x00,0x00,0x00,0x00,0x00,0x00,0x00,0x00,0x00,0x00,0x00,0x00,0x00,0x00,
    0x00,0x00,0x00,0x00,0x00,0x00,0x00,0x00,0x00,0x00,0x00,0x00,0xaa,0xfa,0x03,0x00,0x00,0x00,0x04,0xd9,0x0f,0x85,0xf1,0x7c,
    0x85,0xe9,0xff,0x65,0xe9,0xff,0x64,0xe1,0xfc,0x64,0xe1,0xfd,0x64,0xe1,0xff,0x64,0xe1,0xff,0x64,0xe1,0xff,0x64,0xe1,0xff,
    0x64,0xe1,0xff,0x64,0xe1,0xff,0x64,0xe1,0xff,0x64,0xe1,0xff,0x64,0xe1,0xff,0x64,0xe1,0xff,0x64,0xe1,0xff,0x64,0xe1,0xff,
    0x64,0xe1,0xff,0x64,0xe1,0xff,0x64,0xe1,0xff,0x64,0xe1,0xff,0x64,0xe1,0xff,0x64,0xe1,0xff,0x64,0xe1,0xff,0x64,0xe1,0xff,
    0x64,0xe1,0xff,0x64,0xe1,0xff,0x64,0xe1,0xff,0x64,0xe1,0xfe,0x64,0xe1,0xfd,0x64,0xe1,0xfd,0x64,0xe1,0xfa,0x64,0xe1,0xfa,
    0x64,0xe9,0xff,0x65,0xe9,0xff,0x85,0xf9,0xff,0x85,0xf9,0xff,0x64,0xe9,0xff,0x65,0xe9,0xff,0x64,0xe1,0xc9,0x65,0xe9,0xab,
    0x64,0xe1,0x4d,0x85,0xf9,0x3a,0x63,0xd9,0x10,0x00,0x00,0x00,0x00,0x00,0x00,0x00,0x00,0x00,0x00,0x00,0x00,0x00,0x00,0x00,
    0x00,0xf8,0x01,0x86,0xc9,0x05,0xe7,0xf9,0x04,0x00,0xf8,0x01,0x00,0xf8,0x01,0x00,0x00,0x00,0x00,0x00,0x00,0x00,0x00,0x00,
    0x00,0x00,0x00,0x00,0x00,0x00,0x00,0x00,0x00,0x00,0x00,0x00,0x00,0x00,0x00,0x00,0x00,0x00,0x00,0x00,0x00,0x00,0x00,0x00,
    0x00,0x00,0x00,0x00,0x00,0x00,0x00,0x00,0x00,0x00,0x00,0x00,0x00,0x00,0x00,0x00,0x00,0x00,0x00,0x00,0x00,0x00,0x00,0x00,
    0x00,0x00,0x00,0x00,0x00,0x00,0x00,0x00,0x00,0x00,0x00,0x00,0x00,0x00,0x00,0x00,0x00,0x00,0x00,0x00,0x00,0x00,0x00,0x00,
    0x00,0x00,0x00,0x00,0x00,0x00,0x00,0x00,0x00,0x00,0x00,0x00,0x00,0x00,0x00,0x00,0x00,0x00,0x00,0x00,0x00,0x00,0x00,0x00,
    0x00,0x00,0x00,0x00,0x00,0x00,0x00,0x00,0x00,0x00,0x00,0x00,0x00,0x00,0x00,0x00,0x00,0x00,0x00,0x00,0x00,0x00,0x00,0x00,
    0x00,0x00,0x00,0x00,0x00,0x00,0x00,0x00,0x00,0x00,0x00,0x00,0x00,0x00,0x00,0x00,0x00,0x00,0x00,0x00,0x00,0x00,0x00,0x00,
    0x00,0x00,0x00,0x00,0x00,0x00,0x00,0x00,0x00,0x00,0x00,0x00,0x00,0x00,0x00,0x00,0x00,0x00,0x00,0x00,0x00,0x00,0x00,0x00,
    0x00,0x00,0x00,0x00,0x00,0x00,0x00,0x00,0x00,0x00,0x00,0x00,0x00,0x00,0x00,0x00,0x00,0x00,0x00,0x00,0x00,0x00,0x00,0x00,
    0x00,0x00,0x00,0x00,0x00,0x00,0x00,0x00,0x00,0x00,0x00,0x00,0x00,0x00,0x00,0x00,0x00,0x00,0x00,0x00,0x00,0x00,0x00,0x00,
    0x00,0x00,0x00,0x00,0x00,0x00,0x00,0x00,0x00,0x00,0x00,0x00,0x00,0x00,0x00,0x00,0x00,0x00,0x00,0x00,0x00,0x00,0x00,0x00,
    0x00,0x00,0x00,0x00,0x00,0x00,0x00,0x00,0x00,0x00,0x00,0x00,0x00,0x00,0x00,0x00,0x00,0x00,0x00,0x00,0x00,0x00,0x00,0x00,
    0x00,0x00,0x00,0x00,0x00,0x00,0x00,0x00,0x00,0x00,0x00,0x00,0x00,0x00,0x00,0x00,0x00,0x00,0x00,0x00,0x00,0x00,0x00,0x00,
    0x00,0x00,0x00,0x00,0x00,0x00,0x00,0x00,0x00,0x00,0x00,0x00,0x00,0x00,0x00,0x00,0x00,0x00,0x00,0x00,0x00,0x00,0x00,0x00,
    0x00,0x00,0x00,0x00,0x00,0x00,0x00,0x00,0x00,0x00,0x00,0x00,0x00,0x00,0x00,0x00,0x00,0x00,0x00,0x00,0x00,0x00,0x00,0x00,
    0x00,0x00,0x00,0x00,0x00,0x00,0x00,0x00,0x00,0x00,0x00,0x00,0x00,0x00,0x00,0x00,0x00,0x00,0x00,0x00,0x00,0x00,0x00,0x00,
    0x00,0x00,0x00,0x00,0x00,0x00,0x00,0x00,0x00,0x00,0x00,0x00,0x00,0x00,0x00,0x00,0x00,0x00,0x00,0x00,0x00,0x00,0x00,0x00,
    0x00,0x00,0x00,0x00,0x00,0x00,0x00,0x00,0x00,0x00,0x00,0x00,0x00,0x00,0x00,0x00,0x00,0x00,0x00,0x00,0x00,0x00,0x00,0x00,
    0x00,0x00,0x00,0x00,0x00,0x00,0x00,0x00,0x00,0x00,0x00,0x00,0x00,0x00,0x00,0x00,0x00,0x00,0x00,0x00,0x00,0x00,0x00,0x00,
    0x00,0x00,0x00,0x00,0x00,0x00,0x00,0x00,0x00,0x00,0x00,0x00,0x00,0x00,0x00,0xa0,0xfa,0x03,0x00,0x00,0x00,0x64,0xe1,0x3f,
    0x65,0xe9,0xce,0x85,0xf9,0xff,0x64,0xe1,0xfd,0x64,0xe1,0xfd,0x64,0xe1,0xff,0x64,0xe1,0xff,0x64,0xe1,0xff,0x64,0xe1,0xff,
    0x64,0xe1,0xff,0x64,0xe1,0xff,0x64,0xe1,0xff,0x64,0xe1,0xff,0x64,0xe1,0xff,0x64,0xe1,0xff,0x64,0xe1,0xff,0x64,0xe1,0xff,
    0x64,0xe1,0xff,0x64,0xe1,0xff,0x64,0xe1,0xff,0x64,0xe1,0xff,0x64,0xe1,0xff,0x64,0xe1,0xff,0x64,0xe1,0xff,0x64,0xe1,0xff,
    0x64,0xe1,0xff,0x64,0xe1,0xff,0x64,0xe1,0xff,0x64,0xe1,0xff,0x64,0xe1,0xff,0x64,0xe1,0xff,0x64,0xe1,0xff,0x64,0xe1,0xff,
    0x64,0xe1,0xff,0x64,0xe1,0xff,0x64,0xe1,0xfe,0x64,0xe1,0xfe,0x64,0xe1,0xfa,0x64,0xe1,0xfa,0x64,0xe1,0xff,0x64,0xe1,0xff,
    0x85,0xf1,0xff,0x85,0xf1,0xff,0x85,0xf1,0xff,0x85,0xf1,0xff,0x64,0xe1,0xdf,0x65,0xe9,0xc5,0x64,0xe1,0x68,0x85,0xf9,0x54,
    0x64,0xe9,0x22,0x00,0x00,0x00,0x00,0x00,0x00,0x00,0x00,0x00,0x00,0x00,0x00,0x00,0x00,0x00,0x00,0x00,0x00,0x86,0xc9,0x05,
    0xe7,0xf9,0x04,0x00,0xf8,0x02,0x00,0xf8,0x02,0x00,0x00,0x00,0x00,0x00,0x00,0x00,0x00,0x00,0x00,0x00,0x00,0x00,0x00,0x00,
    0x00,0x00,0x00,0x00,0x00,0x00,0x00,0x00,0x00,0x00,0x00,0x00,0x00,0x00,0x00,0x00,0x00,0x00,0x00,0x00,0x00,0x00,0x00,0x00,
    0x00,0x00,0x00,0x00,0x00,0x00,0x00,0x00,0x00,0x00,0x00,0x00,0x00,0x00,0x00,0x00,0x00,0x00,0x00,0x00,0x00,0x00,0x00,0x00,
    0x00,0x00,0x00,0x00,0x00,0x00,0x00,0x00,0x00,0x00,0x00,0x00,0x00,0x00,0x00,0x00,0x00,0x00,0x00,0x00,0x00,0x00,0x00,0x00,
    0x00,0x00,0x00,0x00,0x00,0x00,0x00,0x00,0x00,0x00,0x00,0x00,0x00,0x00,0x00,0x00,0x00,0x00,0x00,0x00,0x00,0x00,0x00,0x00,
    0x00,0x00,0x00,0x00,0x00,0x00,0x00,0x00,0x00,0x00,0x00,0x00,0x00,0x00,0x00,0x00,0x00,0x00,0x00,0x00,0x00,0x00,0x00,0x00,
    0x00,0x00,0x00,0x00,0x00,0x00,0x00,0x00,0x00,0x00,0x00,0x00,0x00,0x00,0x00,0x00,0x00,0x00,0x00,0x00,0x00,0x00,0x00,0x00,
    0x00,0x00,0x00,0x00,0x00,0x00,0x00,0x00,0x00,0x00,0x00,0x00,0x00,0x00,0x00,0x00,0x00,0x00,0x00,0x00,0x00,0x00,0x00,0x00,
    0x00,0x00,0x00,0x00,0x00,0x00,0x00,0x00,0x00,0x00,0x00,0x00,0x00,0x00,0x00,0x00,0x00,0x00,0x00,0x00,0x00,0x00,0x00,0x00,
    0x00,0x00,0x00,0x00,0x00,0x00,0x00,0x00,0x00,0x00,0x00,0x00,0x00,0x00,0x00,0x00,0x00,0x00,0x00,0x00,0x00,0x00,0x00,0x00,
    0x00,0x00,0x00,0x00,0x00,0x00,0x00,0x00,0x00,0x00,0x00,0x00,0x00,0x00,0x00,0x00,0x00,0x00,0x00,0x00,0x00,0x00,0x00,0x00,
    0x00,0x00,0x00,0x00,0x00,0x00,0x00,0x00,0x00,0x00,0x00,0x00,0x00,0x00,0x00,0x00,0x00,0x00,0x00,0x00,0x00,0x00,0x00,0x00,
    0x00,0x00,0x00,0x00,0x00,0x00,0x00,0x00,0x00,0x00,0x00,0x00,0x00,0x00,0x00,0x00,0x00,0x00,0x00,0x00,0x00,0x00,0x00,0x00,
    0x00,0x00,0x00,0x00,0x00,0x00,0x00,0x00,0x00,0x00,0x00,0x00,0x00,0x00,0x00,0x00,0x00,0x00,0x00,0x00,0x00,0x00,0x00,0x00,
    0x00,0x00,0x00,0x00,0x00,0x00,0x00,0x00,0x00,0x00,0x00,0x00,0x00,0x00,0x00,0x00,0x00,0x00,0x00,0x00,0x00,0x00,0x00,0x00,
    0x00,0x00,0x00,0x00,0x00,0x00,0x00,0x00,0x00,0x00,0x00,0x00,0x00,0x00,0x00,0x00,0x00,0x00,0x00,0x00,0x00,0x00,0x00,0x00,
    0x00,0x00,0x00,0x00,0x00,0x00,0x00,0x00,0x00,0x00,0x00,0x00,0x00,0x00,0x00,0x00,0x00,0x00,0x00,0x00,0x00,0x00,0x00,0x00,
    0x00,0x00,0x00,0x00,0x00,0x00,0x00,0x00,0x00,0x00,0x00,0x00,0x00,0x00,0x00,0x00,0x00,0x00,0x00,0x00,0x00,0x00,0x00,0x00,
    0x00,0x00,0x00,0x00,0x00,0x00,0x00,0x00,0x00,0x00,0x00,0x00,0x00,0x00,0x00,0x00,0x00,0x00,0xe7,0xb9,0x04,0x00,0x00,0x00,
    0x64,0xe1,0x63,0x85,0xf1,0xff,0x85,0xe9,0xff,0x64,0xe1,0xfc,0x64,0xe1,0xff,0x64,0xe1,0xff,0x64,0xe1,0xff,0x64,0xe1,0xff,
    0x64,0xe1,0xff,0x64,0xe1,0xff,0x64,0xe1,0xff,0x64,0xe1,0xff,0x64,0xe1,0xff,0x64,0xe1,0xff,0x64,0xe1,0xff,0x64,0xe1,0xff,
    0x64,0xe1,0xff,0x64,0xe1,0xff,0x64,0xe1,0xff,0x64,0xe1,0xff,0x64,0xe1,0xff,0x64,0xe1,0xff,0x64,0xe1,0xff,0x64,0xe1,0xff,
    0x64,0xe1,0xff,0x64,0xe1,0xff,0x64,0xe1,0xff,0x64,0xe1,0xff,0x64,0xe1,0xff,0x64,0xe1,0xff,0x64,0xe1,0xff,0x64,0xe1,0xff,
    0x64,0xe1,0xff,0x64,0xe1,0xff,0x64,0xe1,0xff,0x64,0xe1,0xff,0x64,0xe1,0xff,0x64,0xe1,0xff,0x64,0xe1,0xff,0x64,0xe1,0xff,
    0x64,0xe1,0xff,0x64,0xe1,0xff,0x64,0xe1,0xfc,0x64,0xe1,0xfb,0x64,0xe1,0xfd,0x64,0xe1,0xfd,0x65,0xe9,0xff,0x85,0xf1,0xff,
    0x85,0xf1,0xff,0x85,0xf9,0xff,0x64,0xe1,0xf0,0x65,0xe9,0xdd,0x64,0xe1,0xb6,0x65,0xe9,0x71,0x64,0xe1,0x64,0xa6,0xf9,0x0e,
    0x00,0xa8,0x03,0x00,0x00,0x00,0x00,0x00,0x00,0x00,0x00,0x00,0x00,0x00,0x00,0x00,0xf8,0x02,0xe7,0xf9,0x04,0xa0,0xfa,0x03,
    0xa0,0xfa,0x03,0x00,0x00,0x01,0x00,0x00,0x00,0x00,0x00,0x00,0x00,0x00,0x00,0x00,0x00,0x00,0x00,0x00,0x00,0x00,0x00,0x00,
    0x00,0x00,0x00,0x00,0x00,0x00,0x00,0x00,0x00,0x00,0x00,0x00,0x00,0x00,0x00,0x00,0x00,0x00,0x00,0x00,0x00,0x00,0x00,0x00,
    0x00,0x00,0x00,0x00,0x00,0x00,0x00,0x00,0x00,0x00,0x00,0x00,0x00,0x00,0x00,0x00,0x00,0x00,0x00,0x00,0x00,0x00,0x00,0x00,
    0x00,0x00,0x00,0x00,0x00,0x00,0x00,0x00,0x00,0x00,0x00,0x00,0x00,0x00,0x00,0x00,0x00,0x00,0x00,0x00,0x00,0x00,0x00,0x00,
    0x00,0x00,0x00,0x00,0x00,0x00,0x00,0x00,0x00,0x00,0x00,0x00,0x00,0x00,0x00,0x00,0x00,0x00,0x00,0x00,0x00,0x00,0x00,0x00,
    0x00,0x00,0x00,0x00,0x00,0x00,0x00,0x00,0x00,0x00,0x00,0x00,0x00,0x00,0x00,0x00,0x00,0x00,0x00,0x00,0x00,0x00,0x00,0x00,
    0x00,0x00,0x00,0x00,0x00,0x00,0x00,0x00,0x00,0x00,0x00,0x00,0x00,0x00,0x00,0x00,0x00,0x00,0x00,0x00,0x00,0x00,0x00,0x00,
    0x00,0x00,0x00,0x00,0x00,0x00,0x00,0x00,0x00,0x00,0x00,0x00,0x00,0x00,0x00,0x00,0x00,0x00,0x00,0x00,0x00,0x00,0x00,0x00,
    0x00,0x00,0x00,0x00,0x00,0x00,0x00,0x00,0x00,0x00,0x00,0x00,0x00,0x00,0x00,0x00,0x00,0x00,0x00,0x00,0x00,0x00,0x00,0x00,
    0x00,0x00,0x00,0x00,0x00,0x00,0x00,0x00,0x00,0x00,0x00,0x00,0x00,0x00,0x00,0x00,0x00,0x00,0x00,0x00,0x00,0x00,0x00,0x00,
    0x00,0x00,0x00,0x00,0x00,0x00,0x00,0x00,0x00,0x00,0x00,0x00,0x00,0x00,0x00,0x00,0x00,0x00,0x00,0x00,0x00,0x00,0x00,0x00,
    0x00,0x00,0x00,0x00,0x00,0x00,0x00,0x00,0x00,0x00,0x00,0x00,0x00,0x00,0x00,0x00,0x00,0x00,0x00,0x00,0x00,0x00,0x00,0x00,
    0x00,0x00,0x00,0x00,0x00,0x00,0x00,0x00,0x00,0x00,0x00,0x00,0x00,0x00,0x00,0x00,0x00,0x00,0x00,0x00,0x00,0x00,0x00,0x00,
    0x00,0x00,0x00,0x00,0x00,0x00,0x00,0x00,0x00,0x00,0x00,0x00,0x00,0x00,0x00,0x00,0x00,0x00,0x00,0x00,0x00,0x00,0x00,0x00,
    0x00,0x00,0x00,0x00,0x00,0x00,0x00,0x00,0x00,0x00,0x00,0x00,0x00,0x00,0x00,0x00,0x00,0x00,0x00,0x00,0x00,0x00,0x00,0x00,
    0x00,0x00,0x00,0x00,0x00,0x00,0x00,0x00,0x00,0x00,0x00,0x00,0x00,0x00,0x00,0x00,0x00,0x00,0x00,0x00,0x00,0x00,0x00,0x00,
    0x00,0x00,0x00,0x00,0x00,0x00,0x00,0x00,0x00,0x00,0x00,0x00,0x00,0x00,0x00,0x00,0x00,0x00,0x00,0x00,0x00,0x00,0x00,0x00,
    0x00,0x00,0x00,0x00,0x00,0x00,0x00,0x00,0x00,0x00,0x00,0x00,0x00,0x00,0x00,0x00,0x00,0x00,0x00,0x00,0x00,0xe7,0xf9,0x04,
    0x00,0x00,0x00,0x64,0xe1,0x63,0x85,0xf1,0xff,0x64,0xe9,0xfc,0x64,0xe1,0xfd,0x64,0xe1,0xff,0x64,0xe1,0xff,0x64,0xe1,0xff,
    0x64,0xe1,0xff,0x64,0xe1,0xff,0x64,0xe1,0xff,0x64,0xe1,0xff,0x64,0xe1,0xff,0x64,0xe1,0xff,0x64,0xe1,0xff,0x64,0xe1,0xff,
    0x64,0xe1,0xff,0x64,0xe1,0xff,0x64,0xe1,0xff,0x64,0xe1,0xff,0x64,0xe1,0xff,0x64,0xe1,0xff,0x64,0xe1,0xff,0x64,0xe1,0xff,
    0x64,0xe1,0xff,0x64,0xe1,0xff,0x64,0xe1,0xff,0x64,0xe1,0xff,0x64,0xe1,0xff,0x64,0xe1,0xff,0x64,0xe1,0xff,0x64,0xe1,0xff,
    0x64,0xe1,0xff,0x64,0xe1,0xff,0x64,0xe1,0xff,0x64,0xe1,0xff,0x64,0xe1,0xff,0x64,0xe1,0xff,0x64,0xe1,0xff,0x64,0xe1,0xff,
    0x64,0xe1,0xff,0x64,0xe1,0xff,0x64,0xe1,0xff,0x64,0xe1,0xff,0x64,0xe1,0xff,0x64,0xe1,0xff,0x64,0xe1,0xff,0x64,0xe1,0xff,
    0x64,0xe1,0xfd,0x64,0xe1,0xfc,0x64,0xe1,0xfc,0x64,0xe1,0xfb,0x65,0xe9,0xff,0x65,0xe9,0xff,0x85,0xf1,0xff,0x85,0xf9,0xff,
    0x85,0xf1,0xff,0x65,0xe9,0xf1,0x64,0xe1,0xcf,0x64,0xe9,0x8e,0x64,0xe1,0x82,0x64,0xe9,0x22,0x64,0xe9,0x22,0x00,0x00,0x00,
    0x00,0x00,0x00,0x00,0x00,0x00,0x00,0x00,0x00,0x00,0x00,0x00,0x00,0xf8,0x02,0xe7,0xb9,0x04,0xe7,0xb9,0x04,0x00,0xf8,0x01,
    0x00,0x00,0x00,0x00,0x00,0x00,0x00,0x00,0x00,0x00,0x00,0x00,0x00,0x00,0x00,0x00,0x00,0x00,0x00,0x00,0x00,0x00,0x00,0x00,
    0x00,0x00,0x00,0x00,0x00,0x00,0x00,0x00,0x00,0x00,0x00,0x00,0x00,0x00,0x00,0x00,0x00,0x00,0x00,0x00,0x00,0x00,0x00,0x00,
    0x00,0x00,0x00,0x00,0x00,0x00,0x00,0x00,0x00,0x00,0x00,0x00,0x00,0x00,0x00,0x00,0x00,0x00,0x00,0x00,0x00,0x00,0x00,0x00,
    0x00,0x00,0x00,0x00,0x00,0x00,0x00,0x00,0x00,0x00,0x00,0x00,0x00,0x00,0x00,0x00,0x00,0x00,0x00,0x00,0x00,0x00,0x00,0x00,
    0x00,0x00,0x00,0x00,0x00,0x00,0x00,0x00,0x00,0x00,0x00,0x00,0x00,0x00,0x00,0x00,0x00,0x00,0x00,0x00,0x00,0x00,0x00,0x00,
    0x00,0x00,0x00,0x00,0x00,0x00,0x00,0x00,0x00,0x00,0x00,0x00,0x00,0x00,0x00,0x00,0x00,0x00,0x00,0x00,0x00,0x00,0x00,0x00,
    0x00,0x00,0x00,0x00,0x00,0x00,0x00,0x00,0x00,0x00,0x00,0x00,0x00,0x00,0x00,0x00,0x00,0x00,0x00,0x00,0x00,0x00,0x00,0x00,
    0x00,0x00,0x00,0x00,0x00,0x00,0x00,0x00,0x00,0x00,0x00,0x00,0x00,0x00,0x00,0x00,0x00,0x00,0x00,0x00,0x00,0x00,0x00,0x00,
    0x00,0x00,0x00,0x00,0x00,0x00,0x00,0x00,0x00,0x00,0x00,0x00,0x00,0x00,0x00,0x00,0x00,0x00,0x00,0x00,0x00,0x00,0x00,0x00,
    0x00,0x00,0x00,0x00,0x00,0x00,0x00,0x00,0x00,0x00,0x00,0x00,0x00,0x00,0x00,0x00,0x00,0x00,0x00,0x00,0x00,0x00,0x00,0x00,
    0x00,0x00,0x00,0x00,0x00,0x00,0x00,0x00,0x00,0x00,0x00,0x00,0x00,0x00,0x00,0x00,0x00,0x00,0x00,0x00,0x00,0x00,0x00,0x00,
    0x00,0x00,0x00,0x00,0x00,0x00,0x00,0x00,0x00,0x00,0x00,0x00,0x00,0x00,0x00,0x00,0x00,0x00,0x00,0x00,0x00,0x00,0x00,0x00,
    0x00,0x00,0x00,0x00,0x00,0x00,0x00,0x00,0x00,0x00,0x00,0x00,0x00,0x00,0x00,0x00,0x00,0x00,0x00,0x00,0x00,0x00,0x00,0x00,
    0x00,0x00,0x00,0x00,0x00,0x00,0x00,0x00,0x00,0x00,0x00,0x00,0x00,0x00,0x00,0x00,0x00,0x00,0x00,0x00,0x00,0x00,0x00,0x00,
    0x00,0x00,0x00,0x00,0x00,0x00,0x00,0x00,0x00,0x00,0x00,0x00,0x00,0x00,0x00,0x00,0x00,0x00,0x00,0x00,0x00,0x00,0x00,0x00,
    0x00,0x00,0x00,0x00,0x00,0x00,0x00,0x00,0x00,0x00,0x00,0x00,0x00,0x00,0x00,0x00,0x00,0x00,0x00,0x00,0x00,0x00,0x00,0x00,
    0x00,0x00,0x00,0x00,0x00,0x00,0x00,0x00,0x00,0x00,0x00,0x00,0x00,0x00,0x00,0x00,0x00,0x00,0x00,0x00,0x00,0x00,0x00,0x00,
    0xe7,0xf9,0x04,0x00,0x00,0x00,0x65,0xe1,0x44,0x85,0xf1,0xff,0x64,0xe9,0xfa,0x64,0xe1,0xfe,0x64,0xe1,0xff,0x64,0xe1,0xff,
    0x64,0xe1,0xff,0x64,0xe1,0xff,0x64,0xe1,0xff,0x64,0xe1,0xff,0x64,0xe1,0xff,0x64,0xe1,0xff,0x64,0xe1,0xff,0x64,0xe1,0xff,
    0x64,0xe1,0xff,0x64,0xe1,0xff,0x64,0xe1,0xff,0x64,0xe1,0xff,0x64,0xe1,0xff,0x64,0xe1,0xff,0x64,0xe1,0xff,0x64,0xe1,0xff,
    0x64,0xe1,0xfe,0x64,0xe1,0xfd,0x64,0xe1,0xfa,0x64,0xe1,0xfb,0x64,0xe1,0xfa,0x64,0xe1,0xfa,0x64,0xe1,0xfa,0x64,0xe1,0xfa,
    0x64,0xe1,0xfb,0x64,0xe1,0xfe,0x64,0xe1,0xfe,0x64,0xe1,0xfe,0x64,0xe1,0xff,0x64,0xe1,0xff,0x64,0xe1,0xff,0x64,0xe1,0xff,
    0x64,0xe1,0xff,0x64,0xe1,0xff,0x64,0xe1,0xff,0x64,0xe1,0xff,0x64,0xe1,0xff,0x64,0xe1,0xff,0x64,0xe1,0xff,0x64,0xe1,0xff,
    0x64,0xe1,0xff,0x64,0xe1,0xff,0x64,0xe1,0xff,0x64,0xe1,0xff,0x64,0xe1,0xff,0x64,0xe1,0xff,0x64,0xe1,0xfe,0x64,0xe1,0xfd,
    0x64,0xe1,0xfc,0x64,0xe1,0xfa,0x64,0xe1,0xfc,0x64,0xe9,0xff,0x85,0xe9,0xff,0x85,0xf9,0xff,0x85,0xf1,0xff,0x64,0xe1,0xff,
    0x64,0xe1,0xff,0x64,0xe1,0xb5,0x65,0xf1,0xab,0x64,0xe1,0x62,0x84,0xe9,0x3a,0xe0,0xfb,0x02,0x00,0x00,0x00,0x00,0x00,0x00,
    0x00,0x00,0x00,0x00,0x00,0x00,0x00,0x00,0x00,0x00,0xf8,0x02,0x86,0xc9,0x05,0x00,0x78,0x02,0x00,0xf8,0x01,0x00,0x00,0x00,
    0x00,0x00,0x00,0x00,0x00,0x00,0x00,0x00,0x00,0x00,0x00,0x00,0x00,0x00,0x00,0x00,0x00,0x00,0x00,0x00,0x00,0x00,0x00,0x00,
    0x00,0x00,0x00,0x00,0x00,0x00,0x00,0x00,0x00,0x00,0x00,0x00,0x00,0x00,0x00,0x00,0x00,0x00,0x00,0x00,0x00,0x00,0x00,0x00,
    0x00,0x00,0x00,0x00,0x00,0x00,0x00,0x00,0x00,0x00,0x00,0x00,0x00,0x00,0x00,0x00,0x00,0x00,0x00,0x00,0x00,0x00,0x00,0x00,
    0x00,0x00,0x00,0x00,0x00,0x00,0x00,0x00,0x00,0x00,0x00,0x00,0x00,0x00,0x00,0x00,0x00,0x00,0x00,0x00,0x00,0x00,0x00,0x00,
    0x00,0x00,0x00,0x00,0x00,0x00,0x00,0x00,0x00,0x00,0x00,0x00,0x00,0x00,0x00,0x00,0x00,0x00,0x00,0x00,0x00,0x00,0x00,0x00,
    0x00,0x00,0x00,0x00,0x00,0x00,0x00,0x00,0x00,0x00,0x00,0x00,0x00,0x00,0x00,0x00,0x00,0x00,0x00,0x00,0x00,0x00,0x00,0x00,
    0x00,0x00,0x00,0x00,0x00,0x00,0x00,0x00,0x00,0x00,0x00,0x00,0x00,0x00,0x00,0x00,0x00,0x00,0x00,0x00,0x00,0x00,0x00,0x00,
    0x00,0x00,0x00,0x00,0x00,0x00,0x00,0x00,0x00,0x00,0x00,0x00,0x00,0x00,0x00,0x00,0x00,0x00,0x00,0x00,0x00,0x00,0x00,0x00,
    0x00,0x00,0x00,0x00,0x00,0x00,0x00,0x00,0x00,0x00,0x00,0x00,0x00,0x00,0x00,0x00,0x00,0x00,0x00,0x00,0x00,0x00,0x00,0x00,
    0x00,0x00,0x00,0x00,0x00,0x00,0x00,0x00,0x00,0x00,0x00,0x00,0x00,0x00,0x00,0x00,0x00,0x00,0x00,0x00,0x00,0x00,0x00,0x00,
    0x00,0x00,0x00,0x00,0x00,0x00,0x00,0x00,0x00,0x00,0x00,0x00,0x00,0x00,0x00,0x00,0x00,0x00,0x00,0x00,0x00,0x00,0x00,0x00,
    0x00,0x00,0x00,0x00,0x00,0x00,0x00,0x00,0x00,0x00,0x00,0x00,0x00,0x00,0x00,0x00,0x00,0x00,0x00,0x00,0x00,0x00,0x00,0x00,
    0x00,0x00,0x00,0x00,0x00,0x00,0x00,0x00,0x00,0x00,0x00,0x00,0x00,0x00,0x00,0x00,0x00,0x00,0x00,0x00,0x00,0x00,0x00,0x00,
    0x00,0x00,0x00,0x00,0x00,0x00,0x00,0x00,0x00,0x00,0x00,0x00,0x00,0x00,0x00,0x00,0x00,0x00,0x00,0x00,0x00,0x00,0x00,0x00,
    0x00,0x00,0x00,0x00,0x00,0x00,0x00,0x00,0x00,0x00,0x00,0x00,0x00,0x00,0x00,0x00,0x00,0x00,0x00,0x00,0x00,0x00,0x00,0x00,
    0x00,0x00,0x00,0x00,0x00,0x00,0x00,0x00,0x00,0x00,0x00,0x00,0x00,0x00,0x00,0x00,0x00,0x00,0x00,0x00,0x00,0x00,0x00,0x00,
    0x00,0x00,0x00,0x00,0x78,0x02,0x00,0x00,0x00,0x64,0xd9,0x16,0x65,0xe9,0xd4,0x65,0xe9,0xfd,0x64,0xe1,0xfc,0x64,0xe1,0xff,
    0x64,0xe1,0xff,0x64,0xe1,0xff,0x64,0xe1,0xff,0x64,0xe1,0xff,0x64,0xe1,0xff,0x64,0xe1,0xff,0x64,0xe1,0xff,0x64,0xe1,0xff,
    0x64,0xe1,0xff,0x64,0xe1,0xff,0x64,0xe1,0xff,0x64,0xe1,0xff,0x64,0xe1,0xff,0x64,0xe1,0xff,0x64,0xe1,0xfe,0x64,0xe1,0xfd,
    0x64,0xe1,0xfa,0x64,0xe1,0xfe,0x64,0xe9,0xff,0x65,0xe9,0xff,0x85,0xf9,0xff,0x85,0xf9,0xff,0x85,0xf9,0xff,0x85,0xf9,0xff,
    0x85,0xf9,0xff,0x85,0xf9,0xff,0x85,0xf1,0xff,0x65,0xe9,0xff,0x65,0xe9,0xff,0x64,0xe1,0xff,0x64,0xe1,0xfa,0x64,0xe1,0xfb,
    0x64,0xe1,0xfd,0x64,0xe1,0xfd,0x64,0xe1,0xff,0x64,0xe1,0xff,0x64,0xe1,0xff,0x64,0xe1,0xff,0x64,0xe1,0xff,0x64,0xe1,0xff,
    0x64,0xe1,0xff,0x64,0xe1,0xff,0x64,0xe1,0xff,0x64,0xe1,0xff,0x64,0xe1,0xff,0x64,0xe1,0xff,0x64,0xe1,0xff,0x64,0xe1,0xff,
    0x64,0xe1,0xff,0x64,0xe1,0xff,0x64,0xe1,0xff,0x64,0xe1,0xff,0x64,0xe1,0xff,0x64,0xe1,0xfe,0x64,0xe1,0xfd,0x64,0xe1,0xfa,
    0x64,0xe1,0xfb,0x64,0xe1,0xff,0x64,0xe1,0xff,0x85,0xf1,0xff,0x85,0xf1,0xff,0x85,0xf1,0xff,0x85,0xf1,0xff,0x64,0xe9,0xd1,
    0x64,0xe1,0xba,0x64,0xe1,0x57,0x84,0xe9,0x54,0x04,0xe9,0x0f,0x00,0x00,0x00,0x00,0x00,0x00,0x00,0x00,0x00,0x00,0x00,0x00,
    0x00,0x00,0x00,0x00,0xf8,0x01,0x86,0xc9,0x05,0x00,0xf8,0x02,0x00,0xf8,0x02,0x00,0xf8,0x01,0x00,0x00,0x00,0x00,0x00,0x00,
    0x00,0x00,0x00,0x00,0x00,0x00,0x00,0x00,0x00,0x00,0x00,0x00,0x00,0x00,0x00,0x00,0x00,0x00,0x00,0x00,0x00,0x00,0x00,0x00,
    0x00,0x00,0x00,0x00,0x00,0x00,0x00,0x00,0x00,0x00,0x00,0x00,0x00,0x00,0x00,0x00,0x00,0x00,0x00,0x00,0x00,0x00,0x00,0x00,
    0x00,0x00,0x00,0x00,0x00,0x00,0x00,0x00,0x00,0x00,0x00,0x00,0x00,0x00,0x00,0x00,0x00,0x00,0x00,0x00,0x00,0x00,0x00,0x00,
    0x00,0x00,0x00,0x00,0x00,0x00,0x00,0x00,0x00,0x00,0x00,0x00,0x00,0x00,0x00,0x00,0x00,0x00,0x00,0x00,0x00,0x00,0x00,0x00,
    0x00,0x00,0x00,0x00,0x00,0x00,0x00,0x00,0x00,0x00,0x00,0x00,0x00,0x00,0x00,0x00,0x00,0x00,0x00,0x00,0x00,0x00,0x00,0x00,
    0x00,0x00,0x00,0x00,0x00,0x00,0x00,0x00,0x00,0x00,0x00,0x00,0x00,0x00,0x00,0x00,0x00,0x00,0x00,0x00,0x00,0x00,0x00,0x00,
    0x00,0x00,0x00,0x00,0x00,0x00,0x00,0x00,0x00,0x00,0x00,0x00,0x00,0x00,0x00,0x00,0x00,0x00,0x00,0x00,0x00,0x00,0x00,0x00,
    0x00,0x00,0x00,0x00,0x00,0x00,0x00,0x00,0x00,0x00,0x00,0x00,0x00,0x00,0x00,0x00,0x00,0x00,0x00,0x00,0x00,0x00,0x00,0x00,
    0x00,0x00,0x00,0x00,0x00,0x00,0x00,0x00,0x00,0x00,0x00,0x00,0x00,0x00,0x00,0x00,0x00,0x00,0x00,0x00,0x00,0x00,0x00,0x00,
    0x00,0x00,0x00,0x00,0x00,0x00,0x00,0x00,0x00,0x00,0x00,0x00,0x00,0x00,0x00,0x00,0x00,0x00,0x00,0x00,0x00,0x00,0x00,0x00,
    0x00,0x00,0x00,0x00,0x00,0x00,0x00,0x00,0x00,0x00,0x00,0x00,0x00,0x00,0x00,0x00,0x00,0x00,0x00,0x00,0x00,0x00,0x00,0x00,
    0x00,0x00,0x00,0x00,0x00,0x00,0x00,0x00,0x00,0x00,0x00,0x00,0x00,0x00,0x00,0x00,0x00,0x00,0x00,0x00,0x00,0x00,0x00,0x00,
    0x00,0x00,0x00,0x00,0x00,0x00,0x00,0x00,0x00,0x00,0x00,0x00,0x00,0x00,0x00,0x00,0x00,0x00,0x00,0x00,0x00,0x00,0x00,0x00,
    0x00,0x00,0x00,0x00,0x00,0x00,0x00,0x00,0x00,0x00,0x00,0x00,0x00,0x00,0x00,0x00,0x00,0x00,0x00,0x00,0x00,0x00,0x00,0x00,
    0x00,0x00,0x00,0x00,0x00,0x00,0x00,0x00,0x00,0x00,0x00,0x00,0x00,0x00,0x00,0x00,0x00,0x00,0x00,0x00,0x00,0x00,0x00,0x00,
    0x00,0x00,0x00,0x00,0x00,0x00,0x00,0x78,0x02,0xe0,0xb9,0x04,0x24,0xd1,0x0d,0x64,0xe9,0xd4,0x85,0xf1,0xff,0x64,0xe1,0xfd,
    0x64,0xe1,0xff,0x64,0xe1,0xff,0x64,0xe1,0xff,0x64,0xe1,0xff,0x64,0xe1,0xff,0x64,0xe1,0xff,0x64,0xe1,0xff,0x64,0xe1,0xff,
    0x64,0xe1,0xff,0x64,0xe1,0xff,0x64,0xe1,0xff,0x64,0xe1,0xff,0x64,0xe1,0xff,0x64,0xe1,0xff,0x64,0xe1,0xfe,0x64,0xe1,0xfc,
    0x64,0xe9,0xff,0x85,0xe9,0xff,0x85,0xf9,0xff,0x65,0xe9,0xff,0x65,0xe9,0xf1,0x64,0xe1,0xde,0x64,0xe1,0x8e,0x64,0xe1,0x8f,
    0x64,0xe1,0x8e,0x64,0xe1,0x8e,0x64,0xe1,0x8f,0x64,0xe1,0x8e,0x64,0xe1,0x96,0x64,0xe1,0xee,0x64,0xe1,0xf1,0x64,0xe1,0xfc,
    0x85,0xf9,0xff,0x85,0xf1,0xff,0x85,0xe9,0xff,0x85,0xe9,0xff,0x64,0xe1,0xfd,0x64,0xe1,0xfb,0x64,0xe1,0xfc,0x64,0xe1,0xfc,
    0x64,0xe1,0xff,0x64,0xe1,0xff,0x64,0xe1,0xff,0x64,0xe1,0xff,0x64,0xe1,0xff,0x64,0xe1,0xff,0x64,0xe1,0xff,0x64,0xe1,0xff,
    0x64,0xe1,0xff,0x64,0xe1,0xff,0x64,0xe1,0xff,0x64,0xe1,0xff,0x64,0xe1,0xff,0x64,0xe1,0xff,0x64,0xe1,0xff,0x64,0xe1,0xff,
    0x64,0xe1,0xff,0x64,0xe1,0xff,0x64,0xe1,0xff,0x64,0xe1,0xff,0x64,0xe1,0xff,0x64,0xe1,0xfc,0x64,0xe1,0xfb,0x64,0xe1,0xfc,
    0x64,0xe1,0xfd,0x85,0xe9,0xff,0x85,0xf1,0xff,0x85,0xf1,0xff,0x85,0xf1,0xff,0x64,0xe1,0xe4,0x85,0xe9,0xdd,0x64,0xe1,0x9c,
    0x65,0xe9,0x71,0x45,0xe9,0x23,0xa6,0xf9,0x0e,0x00,0x00,0x00,0x00,0x00,0x00,0x00,0x00,0x00,0x00,0x00,0x00,0x00,0x00,0x00,
    0xe7,0xf9,0x04,0x00,0xf8,0x03,0xa0,0xfa,0x03,0x00,0xf8,0x01,0x00,0x00,0x00,0x00,0x00,0x00,0x00,0x00,0x00,0x00,0x00,0x00,
    0x00,0x00,0x00,0x00,0x00,0x00,0x00,0x00,0x00,0x00,0x00,0x00,0x00,0x00,0x00,0x00,0x00,0x00,0x00,0x00,0x00,0x00,0x00,0x00,
    0x00,0x00,0x00,0x00,0x00,0x00,0x00,0x00,0x00,0x00,0x00,0x00,0x00,0x00,0x00,0x00,0x00,0x00,0x00,0x00,0x00,0x00,0x00,0x00,
    0x00,0x00,0x00,0x00,0x00,0x00,0x00,0x00,0x00,0x00,0x00,0x00,0x00,0x00,0x00,0x00,0x00,0x00,0x00,0x00,0x00,0x00,0x00,0x00,
    0x00,0x00,0x00,0x00,0x00,0x00,0x00,0x00,0x00,0x00,0x00,0x00,0x00,0x00,0x00,0x00,0x00,0x00,0x00,0x00,0x00,0x00,0x00,0x00,
    0x00,0x00,0x00,0x00,0x00,0x00,0x00,0x00,0x00,0x00,0x00,0x00,0x00,0x00,0x00,0x00,0x00,0x00,0x00,0x00,0x00,0x00,0x00,0x00,
    0x00,0x00,0x00,0x00,0x00,0x00,0x00,0x00,0x00,0x00,0x00,0x00,0x00,0x00,0x00,0x00,0x00,0x00,0x00,0x00,0x00,0x00,0x00,0x00,
    0x00,0x00,0x00,0x00,0x00,0x00,0x00,0x00,0x00,0x00,0x00,0x00,0x00,0x00,0x00,0x00,0x00,0x00,0x00,0x00,0x00,0x00,0x00,0x00,
    0x00,0x00,0x00,0x00,0x00,0x00,0x00,0x00,0x00,0x00,0x00,0x00,0x00,0x00,0x00,0x00,0x00,0x00,0x00,0x00,0x00,0x00,0x00,0x00,
    0x00,0x00,0x00,0x00,0x00,0x00,0x00,0x00,0x00,0x00,0x00,0x00,0x00,0x00,0x00,0x00,0x00,0x00,0x00,0x00,0x00,0x00,0x00,0x00,
    0x00,0x00,0x00,0x00,0x00,0x00,0x00,0x00,0x00,0x00,0x00,0x00,0x00,0x00,0x00,0x00,0x00,0x00,0x00,0x00,0x00,0x00,0x00,0x00,
    0x00,0x00,0x00,0x00,0x00,0x00,0x00,0x00,0x00,0x00,0x00,0x00,0x00,0x00,0x00,0x00,0x00,0x00,0x00,0x00,0x00,0x00,0x00,0x00,
    0x00,0x00,0x00,0x00,0x00,0x00,0x00,0x00,0x00,0x00,0x00,0x00,0x00,0x00,0x00,0x00,0x00,0x00,0x00,0x00,0x00,0x00,0x00,0x00,
    0x00,0x00,0x00,0x00,0x00,0x00,0x00,0x00,0x00,0x00,0x00,0x00,0x00,0x00,0x00,0x00,0x00,0x00,0x00,0x00,0x00,0x00,0x00,0x00,
    0x00,0x00,0x00,0x00,0x00,0x00,0x00,0x00,0x00,0x00,0x00,0x00,0x00,0x00,0x00,0x00,0x00,0x00,0x00,0x00,0x00,0x00,0x00,0x00,
    0x00,0x00,0x00,0x00,0x00,0x00,0x00,0x00,0x00,0x00,0x00,0x00,0xe7,0xf9,0x04,0x00,0x00,0x00,0x64,0xe1,0x87,0x85,0xf9,0xff,
    0x64,0xe1,0xfa,0x64,0xe1,0xff,0x64,0xe1,0xff,0x64,0xe1,0xff,0x64,0xe1,0xff,0x64,0xe1,0xff,0x64,0xe1,0xff,0x64,0xe1,0xff,
    0x64,0xe1,0xff,0x64,0xe1,0xff,0x64,0xe1,0xff,0x64,0xe1,0xff,0x64,0xe1,0xff,0x64,0xe1,0xff,0x64,0xe1,0xff,0x64,0xe1,0xfc,
    0x64,0xe1,0xff,0x85,0xf1,0xff,0x64,0xe9,0xf4,0x64,0xe1,0xc4,0x85,0xf1,0x72,0x64,0xe1,0x48,0xa4,0xf9,0x0e,0xc7,0xe1,0x09,
    0x00,0x00,0x00,0x00,0x00,0x00,0x00,0x00,0x00,0x00,0x00,0x00,0x00,0x00,0x00,0x00,0x00,0x00,0x00,0x00,0x00,0x84,0xe9,0x0f,
    0xa4,0xe9,0x0e,0x65,0xe1,0x32,0x85,0xf1,0x71,0x64,0xe1,0x7f,0x64,0xe1,0xdd,0x64,0xe1,0xdd,0x85,0xf1,0xff,0x85,0xf1,0xff,
    0x85,0xf1,0xff,0x85,0xf1,0xff,0x64,0xe1,0xff,0x64,0xe1,0xfc,0x64,0xe1,0xfb,0x64,0xe1,0xfb,0x64,0xe1,0xfe,0x64,0xe1,0xff,
    0x64,0xe1,0xff,0x64,0xe1,0xff,0x64,0xe1,0xff,0x64,0xe1,0xff,0x64,0xe1,0xff,0x64,0xe1,0xff,0x64,0xe1,0xff,0x64,0xe1,0xff,
    0x64,0xe1,0xff,0x64,0xe1,0xff,0x64,0xe1,0xff,0x64,0xe1,0xff,0x64,0xe1,0xff,0x64,0xe1,0xff,0x64,0xe1,0xff,0x64,0xe1,0xff,
    0x64,0xe1,0xff,0x64,0xe1,0xff,0x64,0xe1,0xff,0x64,0xe1,0xfd,0x64,0xe1,0xfc,0x64,0xe1,0xfb,0x64,0xe1,0xfb,0x65,0xe9,0xff,
    0x65,0xe9,0xff,0x85,0xf1,0xff,0x85,0xf9,0xff,0x64,0xe1,0xf5,0x65,0xe9,0xf1,0x64,0xe1,0xb7,0x65,0xe9,0x8e,0x84,0xe9,0x3a,
    0xa5,0xf9,0x22,0x24,0xd9,0x07,0x00,0x00,0x00,0x00,0x00,0x00,0x00,0x00,0x00,0x00,0x00,0x00,0x00,0xf8,0x01,0x00,0x00,0x00,
    0x00,0x00,0x00,0x00,0x00,0x00,0x00,0x00,0x00,0x00,0x00,0x00,0x00,0x00,0x00,0x00,0x00,0x00,0x00,0x00,0x00,0x00,0x00,0x00,
    0x00,0x00,0x00,0x00,0x00,0x00,0x00,0x00,0x00,0x00,0x00,0x00,0x00,0x00,0x00,0x00,0x00,0x00,0x00,0x00,0x00,0x00,0x00,0x00,
    0x00,0x00,0x00,0x00,0x00,0x00,0x00,0x00,0x00,0x00,0x00,0x00,0x00,0x00,0x00,0x00,0x00,0x00,0x00,0x00,0x00,0x00,0x00,0x00,
    0x00,0x00,0x00,0x00,0x00,0x00,0x00,0x00,0x00,0x00,0x00,0x00,0x00,0x00,0x00,0x00,0x00,0x00,0x00,0x00,0x00,0x00,0x00,0x00,
    0x00,0x00,0x00,0x00,0x00,0x00,0x00,0x00,0x00,0x00,0x00,0x00,0x00,0x00,0x00,0x00,0x00,0x00,0x00,0x00,0x00,0x00,0x00,0x00,
    0x00,0x00,0x00,0x00,0x00,0x00,0x00,0x00,0x00,0x00,0x00,0x00,0x00,0x00,0x00,0x00,0x00,0x00,0x00,0x00,0x00,0x00,0x00,0x00,
    0x00,0x00,0x00,0x00,0x00,0x00,0x00,0x00,0x00,0x00,0x00,0x00,0x00,0x00,0x00,0x00,0x00,0x00,0x00,0x00,0x00,0x00,0x00,0x00,
    0x00,0x00,0x00,0x00,0x00,0x00,0x00,0x00,0x00,0x00,0x00,0x00,0x00,0x00,0x00,0x00,0x00,0x00,0x00,0x00,0x00,0x00,0x00,0x00,
    0x00,0x00,0x00,0x00,0x00,0x00,0x00,0x00,0x00,0x00,0x00,0x00,0x00,0x00,0x00,0x00,0x00,0x00,0x00,0x00,0x00,0x00,0x00,0x00,
    0x00,0x00,0x00,0x00,0x00,0x00,0x00,0x00,0x00,0x00,0x00,0x00,0x00,0x00,0x00,0x00,0x00,0x00,0x00,0x00,0x00,0x00,0x00,0x00,
    0x00,0x00,0x00,0x00,0x00,0x00,0x00,0x00,0x00,0x00,0x00,0x00,0x00,0x00,0x00,0x00,0x00,0x00,0x00,0x00,0x00,0x00,0x00,0x00,
    0x00,0x00,0x00,0x00,0x00,0x00,0x00,0x00,0x00,0x00,0x00,0x00,0x00,0x00,0x00,0x00,0x00,0x00,0x00,0x00,0x00,0x00,0x00,0x00,
    0x00,0x00,0x00,0x00,0x00,0x00,0x00,0x00,0x00,0x00,0x00,0x00,0x00,0x00,0x00,0x00,0x00,0x00,0x00,0x00,0x00,0x00,0x00,0x00,
    0x00,0x00,0x00,0x00,0x00,0x00,0x00,0x00,0x00,0x00,0x00,0x00,0x00,0x00,0x00,0x00,0x00,0x00,0x00,0x00,0x00,0x00,0x00,0x00,
    0x00,0x00,0x00,0x00,0x00,0x00,0x00,0x00,0x00,0x00,0x00,0x00,0x00,0x00,0x00,0xa0,0xfa,0x03,0x00,0x00,0x00,0x64,0xe1,0x80,
    0x85,0xf1,0xff,0x64,0xe1,0xfb,0x64,0xe1,0xff,0x64,0xe1,0xff,0x64,0xe1,0xff,0x64,0xe1,0xff,0x64,0xe1,0xff,0x64,0xe1,0xff,
    0x64,0xe1,0xff,0x64,0xe1,0xff,0x64,0xe1,0xff,0x64,0xe1,0xff,0x64,0xe1,0xff,0x64,0xe1,0xff,0x64,0xe1,0xff,0x64,0xe1,0xfc,
    0x64,0xe1,0xff,0x85,0xf1,0xff,0x65,0xe9,0xf1,0x85,0xf1,0x93,0x65,0xe9,0x26,0x00,0x00,0x00,0x00,0x00,0x00,0x00,0x00,0x00,
    0x00,0x00,0x00,0x00,0x00,0x00,0x86,0xc9,0x05,0x86,0xc9,0x05,0x86,0xc9,0x05,0x86,0xc9,0x05,0x86,0xc9,0x05,0x86,0xc9,0x05,
    0xe7,0xf9,0x04,0x00,0x00,0x00,0x00,0x00,0x00,0x00,0x00,0x00,0x00,0x00,0x00,0x00,0x00,0x00,0x00,0x00,0x00,0x00,0x00,0x00,
    0x65,0xe1,0x4b,0x84,0xe9,0x54,0x64,0xe1,0x9f,0x65,0xe9,0xc5,0x64,0xe1,0xff,0x85,0xf1,0xff,0x85,0xf1,0xff,0x85,0xf1,0xff,
    0x64,0xe9,0xff,0x64,0xe1,0xff,0x64,0xe1,0xfb,0x64,0xe1,0xfa,0x64,0xe1,0xfd,0x64,0xe1,0xfe,0x64,0xe1,0xff,0x64,0xe1,0xff,
    0x64,0xe1,0xff,0x64,0xe1,0xff,0x64,0xe1,0xff,0x64,0xe1,0xff,0x64,0xe1,0xff,0x64,0xe1,0xff,0x64,0xe1,0xff,0x64,0xe1,0xff,
    0x64,0xe1,0xff,0x64,0xe1,0xff,0x64,0xe1,0xff,0x64,0xe1,0xff,0x64,0xe1,0xff,0x64,0xe1,0xff,0x64,0xe1,0xff,0x64,0xe1,0xff,
    0x64,0xe1,0xff,0x64,0xe1,0xfd,0x64,0xe1,0xfd,0x64,0xe1,0xfc,0x64,0xe1,0xfa,0x64,0xe9,0xff,0x64,0xe9,0xff,0x85,0xf1,0xff,
    0x85,0xf9,0xff,0x64,0xe9,0xff,0x65,0xe9,0xff,0x64,0xe1,0xcf,0x65,0xe9,0xab,0x64,0xe1,0x55,0xa5,0xf9,0x3a,0x64,0xd1,0x16,
    0x00,0x00,0x00,0x00,0xf8,0x01,0x00,0x00,0x00,0x00,0x00,0x00,0x00,0x00,0x00,0x00,0x00,0x00,0x00,0x00,0x00,0x00,0x00,0x00,
    0x00,0x00,0x00,0x00,0x00,0x00,0x00,0x00,0x00,0x00,0x00,0x00,0x00,0x00,0x00,0x00,0x00,0x00,0x00,0x00,0x00,0x00,0x00,0x00,
    0x00,0x00,0x00,0x00,0x00,0x00,0x00,0x00,0x00,0x00,0x00,0x00,0x00,0x00,0x00,0x00,0x00,0x00,0x00,0x00,0x00,0x00,0x00,0x00,
    0x00,0x00,0x00,0x00,0x00,0x00,0x00,0x00,0x00,0x00,0x00,0x00,0x00,0x00,0x00,0x00,0x00,0x00,0x00,0x00,0x00,0x00,0x00,0x00,
    0x00,0x00,0x00,0x00,0x00,0x00,0x00,0x00,0x00,0x00,0x00,0x00,0x00,0x00,0x00,0x00,0x00,0x00,0x00,0x00,0x00,0x00,0x00,0x00,
    0x00,0x00,0x00,0x00,0x00,0x00,0x00,0x00,0x00,0x00,0x00,0x00,0x00,0x00,0x00,0x00,0x00,0x00,0x00,0x00,0x00,0x00,0x00,0x00,
    0x00,0x00,0x00,0x00,0x00,0x00,0x00,0x00,0x00,0x00,0x00,0x00,0x00,0x00,0x00,0x00,0x00,0x00,0x00,0x00,0x00,0x00,0x00,0x00,
    0x00,0x00,0x00,0x00,0x00,0x00,0x00,0x00,0x00,0x00,0x00,0x00,0x00,0x00,0x00,0x00,0x00,0x00,0x00,0x00,0x00,0x00,0x00,0x00,
    0x00,0x00,0x00,0x00,0x00,0x00,0x00,0x00,0x00,0x00,0x00,0x00,0x00,0x00,0x00,0x00,0x00,0x00,0x00,0x00,0x00,0x00,0x00,0x00,
    0x00,0x00,0x00,0x00,0x00,0x00,0x00,0x00,0x00,0x00,0x00,0x00,0x00,0x00,0x00,0x00,0x00,0x00,0x00,0x00,0x00,0x00,0x00,0x00,
    0x00,0x00,0x00,0x00,0x00,0x00,0x00,0x00,0x00,0x00,0x00,0x00,0x00,0x00,0x00,0x00,0x00,0x00,0x00,0x00,0x00,0x00,0x00,0x00,
    0x00,0x00,0x00,0x00,0x00,0x00,0x00,0x00,0x00,0x00,0x00,0x00,0x00,0x00,0x00,0x00,0x00,0x00,0x00,0x00,0x00,0x00,0x00,0x00,
    0x00,0x00,0x00,0x00,0x00,0x00,0x00,0x00,0x00,0x00,0x00,0x00,0x00,0x00,0x00,0x00,0x00,0x00,0x00,0x00,0x00,0x00,0x00,0x00,
    0x00,0x00,0x00,0x00,0x00,0x00,0x00,0x00,0x00,0x00,0x00,0x00,0x00,0x00,0x00,0x00,0x00,0x00,0x00,0x00,0x00,0x00,0x00,0x00,
    0x00,0x00,0x00,0x00,0x00,0x00,0x00,0x00,0x00,0x00,0x00,0x00,0x00,0x00,0x00,0x00,0x00,0x00,0x00,0xf8,0x02,0x00,0xf8,0x01,
    0x84,0xe1,0x2f,0x65,0xe9,0xff,0x64,0xe9,0xfb,0x64,0xe1,0xfe,0x64,0xe1,0xff,0x64,0xe1,0xff,0x64,0xe1,0xff,0x64,0xe1,0xff,
    0x64,0xe1,0xff,0x64,0xe1,0xff,0x64,0xe1,0xff,0x64,0xe1,0xff,0x64,0xe1,0xff,0x64,0xe1,0xff,0x64,0xe1,0xff,0x64,0xe1,0xff,
    0x64,0xe1,0xfc,0x85,0xf1,0xff,0x64,0xe9,0xfa,0x65,0xe9,0x90,0x45,0xe9,0x23,0x00,0x00,0x00,0x00,0x00,0x00,0x00,0xf8,0x01,
    0xe7,0xf9,0x04,0xa0,0xfa,0x03,0x00,0xf8,0x01,0x00,0xf8,0x01,0x00,0x00,0x00,0x00,0x00,0x00,0x00,0x00,0x00,0x00,0x00,0x00,
    0x00,0x00,0x00,0x00,0x00,0x00,0x00,0x00,0x00,0x00,0xf8,0x01,0x00,0xf8,0x01,0x00,0xf8,0x02,0x86,0xc9,0x05,0xe7,0xb9,0x04,
    0x00,0x00,0x00,0x00,0x00,0x00,0x00,0x00,0x00,0x00,0x00,0x00,0x00,0x00,0x00,0x00,0x00,0x00,0x44,0xe1,0x30,0x64,0xe9,0x47,
    0x64,0xe1,0xaa,0x64,0xe1,0xab,0x64,0xe1,0xf2,0x65,0xe9,0xff,0x85,0xf1,0xff,0x85,0xf9,0xff,0x65,0xe9,0xff,0x64,0xe9,0xff,
    0x64,0xe1,0xfe,0x64,0xe1,0xfa,0x64,0xe1,0xfb,0x64,0xe1,0xfd,0x64,0xe1,0xff,0x64,0xe1,0xff,0x64,0xe1,0xff,0x64,0xe1,0xff,
    0x64,0xe1,0xff,0x64,0xe1,0xff,0x64,0xe1,0xff,0x64,0xe1,0xff,0x64,0xe1,0xff,0x64,0xe1,0xff,0x64,0xe1,0xff,0x64,0xe1,0xff,
    0x64,0xe1,0xff,0x64,0xe1,0xff,0x64,0xe1,0xff,0x64,0xe1,0xff,0x64,0xe1,0xff,0x64,0xe1,0xff,0x64,0xe1,0xff,0x64,0xe1,0xfe,
    0x64,0xe1,0xfe,0x64,0xe1,0xfc,0x64,0xe1,0xfa,0x64,0xe1,0xff,0x64,0xe1,0xff,0x85,0xe9,0xff,0x85,0xf1,0xff,0x85,0xe9,0xff,
    0x85,0xf1,0xff,0x65,0xe9,0xd7,0x45,0xe1,0x1f,0x00,0xf8,0x01,0x00,0xf8,0x01,0x00,0x00,0x00,0x00,0x00,0x00,0x00,0x00,0x00,
    0x00,0x00,0x00,0x00,0x00,0x00,0x00,0x00,0x00,0x00,0x00,0x00,0x00,0x00,0x00,0x00,0x00,0x00,0x00,0x00,0x00,0x00,0x00,0x00,
    0x00,0x00,0x00,0x00,0x00,0x00,0x00,0x00,0x00,0x00,0x00,0x00,0x00,0x00,0x00,0x00,0x00,0x00,0x00,0x00,0x00,0x00,0x00,0x00,
    0x00,0x00,0x00,0x00,0x00,0x00,0x00,0x00,0x00,0x00,0x00,0x00,0x00,0x00,0x00,0x00,0x00,0x00,0x00,0x00,0x00,0x00,0x00,0x00,
    0x00,0x00,0x00,0x00,0x00,0x00,0x00,0x00,0x00,0x00,0x00,0x00,0x00,0x00,0x00,0x00,0x00,0x00,0x00,0x00,0x00,0x00,0x00,0x00,
    0x00,0x00,0x00,0x00,0x00,0x00,0x00,0x00,0x00,0x00,0x00,0x00,0x00,0x00,0x00,0x00,0x00,0x00,0x00,0x00,0x00,0x00,0x00,0x00,
    0x00,0x00,0x00,0x00,0x00,0x00,0x00,0x00,0x00,0x00,0x00,0x00,0x00,0x00,0x00,0x00,0x00,0x00,0x00,0x00,0x00,0x00,0x00,0x00,
    0x00,0x00,0x00,0x00,0x00,0x00,0x00,0x00,0x00,0x00,0x00,0x00,0x00,0x00,0x00,0x00,0x00,0x00,0x00,0x00,0x00,0x00,0x00,0x00,
    0x00,0x00,0x00,0x00,0x00,0x00,0x00,0x00,0x00,0x00,0x00,0x00,0x00,0x00,0x00,0x00,0x00,0x00,0x00,0x00,0x00,0x00,0x00,0x00,
    0x00,0x00,0x00,0x00,0x00,0x00,0x00,0x00,0x00,0x00,0x00,0x00,0x00,0x00,0x00,0x00,0x00,0x00,0x00,0x00,0x00,0x00,0x00,0x00,
    0x00,0x00,0x00,0x00,0x00,0x00,0x00,0x00,0x00,0x00,0x00,0x00,0x00,0x00,0x00,0x00,0x00,0x00,0x00,0x00,0x00,0x00,0x00,0x00,
    0x00,0x00,0x00,0x00,0x00,0x00,0x00,0x00,0x00,0x00,0x00,0x00,0x00,0x00,0x00,0x00,0x00,0x00,0x00,0x00,0x00,0x00,0x00,0x00,
    0x00,0x00,0x00,0x00,0x00,0x00,0x00,0x00,0x00,0x00,0x00,0x00,0x00,0x00,0x00,0x00,0x00,0x00,0x00,0x00,0x00,0x00,0x00,0x00,
    0x00,0x00,0x00,0x00,0x00,0x00,0x00,0x00,0x00,0x00,0x00,0x00,0x00,0x00,0x00,0x00,0x00,0x00,0x00,0x00,0x00,0x00,0x00,0x00,
    0x00,0x00,0x00,0x00,0x00,0x00,0x00,0x00,0x00,0x00,0x00,0x00,0x00,0x00,0x00,0x00,0x00,0x00,0x00,0x00,0x00,0x00,0x00,0x00,
    0xaa,0xfa,0x03,0x00,0x00,0x00,0x64,0xe1,0xd8,0x65,0xe9,0xfd,0x64,0xe1,0xfc,0x64,0xe1,0xff,0x64,0xe1,0xff,0x64,0xe1,0xff,
    0x64,0xe1,0xff,0x64,0xe1,0xff,0x64,0xe1,0xff,0x64,0xe1,0xff,0x64,0xe1,0xff,0x64,0xe1,0xff,0x64,0xe1,0xff,0x64,0xe1,0xff,
    0x64,0xe1,0xff,0x64,0xe1,0xfb,0x85,0xf1,0xff,0x85,0xf1,0xc7,0x64,0xe1,0x48,0x00,0x00,0x00,0x00,0x00,0x00,0xa0,0xfa,0x03,
    0x00,0x78,0x02,0x00,0x00,0x00,0x00,0x00,0x00,0x00,0x00,0x00,0x00,0x00,0x00,0x00,0x00,0x00,0x00,0x00,0x00,0x00,0x00,0x00,
    0x00,0x00,0x00,0x00,0x00,0x00,0x00,0x00,0x00,0x00,0x00,0x00,0x00,0x00,0x00,0x00,0x00,0x00,0x00,0x00,0x00,0x00,0x00,0x00,
    0x00,0x00,0x00,0x00,0x00,0x00,0x00,0x00,0x00,0x00,0x00,0x00,0xaa,0xfa,0x03,0xe7,0xb9,0x04,0xa0,0xfa,0x03,0x00,0xf8,0x02,
    0x00,0x00,0x00,0x00,0x00,0x00,0x00,0x00,0x00,0x00,0x00,0x00,0x84,0xe1,0x1a,0x84,0xe9,0x2d,0x64,0xe1,0x8c,0x64,0xe1,0x8e,
    0x64,0xe1,0xdf,0x65,0xe9,0xf1,0x65,0xe9,0xff,0x85,0xf9,0xff,0x85,0xf1,0xff,0x65,0xe9,0xff,0x64,0xe1,0xfc,0x64,0xe1,0xfb,
    0x64,0xe1,0xfc,0x64,0xe1,0xfc,0x64,0xe1,0xfe,0x64,0xe1,0xff,0x64,0xe1,0xff,0x64,0xe1,0xff,0x64,0xe1,0xff,0x64,0xe1,0xff,
    0x64,0xe1,0xff,0x64,0xe1,0xff,0x64,0xe1,0xff,0x64,0xe1,0xff,0x64,0xe1,0xff,0x64,0xe1,0xff,0x64,0xe1,0xff,0x64,0xe1,0xff,
    0x64,0xe1,0xff,0x64,0xe1,0xff,0x64,0xe1,0xff,0x64,0xe1,0xff,0x64,0xe1,0xff,0x64,0xe1,0xff,0x64,0xe1,0xff,0x64,0xe1,0xfd,
    0x64,0xe1,0xfb,0x64,0xe1,0xfb,0x64,0xe9,0xfc,0x64,0xe9,0xf4,0x24,0xf1,0x14,0x00,0x00,0x00,0x00,0xf8,0x01,0x00,0x00,0x00,
    0x00,0x00,0x00,0x00,0x00,0x00,0x00,0x00,0x00,0x00,0x00,0x00,0x00,0x00,0x00,0x00,0x00,0x00,0x00,0x00,0x00,0x00,0x00,0x00,
    0x00,0x00,0x00,0x00,0x00,0x00,0x00,0x00,0x00,0x00,0x00,0x00,0x00,0x00,0x00,0x00,0x00,0x00,0x00,0x00,0x00,0x00,0x00,0x00,
    0x00,0x00,0x00,0x00,0x00,0x00,0x00,0x00,0x00,0x00,0x00,0x00,0x00,0x00,0x00,0x00,0x00,0x00,0x00,0x00,0x00,0x00,0x00,0x00,
    0x00,0x00,0x00,0x00,0x00,0x00,0x00,0x00,0x00,0x00,0x00,0x00,0x00,0x00,0x00,0x00,0x00,0x00,0x00,0x00,0x00,0x00,0x00,0x00,
    0x00,0x00,0x00,0x00,0x00,0x00,0x00,0x00,0x00,0x00,0x00,0x00,0x00,0x00,0x00,0x00,0x00,0x00,0x00,0x00,0x00,0x00,0x00,0x00,
    0x00,0x00,0x00,0x00,0x00,0x00,0x00,0x00,0x00,0x00,0x00,0x00,0x00,0x00,0x00,0x00,0x00,0x00,0x00,0x00,0x00,0x00,0x00,0x00,
    0x00,0x00,0x00,0x00,0x00,0x00,0x00,0x00,0x00,0x00,0x00,0x00,0x00,0x00,0x00,0x00,0x00,0x00,0x00,0x00,0x00,0x00,0x00,0x00,
    0x00,0x00,0x00,0x00,0x00,0x00,0x00,0x00,0x00,0x00,0x00,0x00,0x00,0x00,0x00,0x00,0x00,0x00,0x00,0x00,0x00,0x00,0x00,0x00,
    0x00,0x00,0x00,0x00,0x00,0x00,0x00,0x00,0x00,0x00,0x00,0x00,0x00,0x00,0x00,0x00,0x00,0x00,0x00,0x00,0x00,0x00,0x00,0x00,
    0x00,0x00,0x00,0x00,0x00,0x00,0x00,0x00,0x00,0x00,0x00,0x00,0x00,0x00,0x00,0x00,0x00,0x00,0x00,0x00,0x00,0x00,0x00,0x00,
    0x00,0x00,0x00,0x00,0x00,0x00,0x00,0x00,0x00,0x00,0x00,0x00,0x00,0x00,0x00,0x00,0x00,0x00,0x00,0x00,0x00,0x00,0x00,0x00,
    0x00,0x00,0x00,0x00,0x00,0x00,0x00,0x00,0x00,0x00,0x00,0x00,0x00,0x00,0x00,0x00,0x00,0x00,0x00,0x00,0x00,0x00,0x00,0x00,
    0x00,0x00,0x00,0x00,0x00,0x00,0x00,0x00,0x00,0x00,0x00,0x00,0x00,0x00,0x00,0x00,0x00,0x00,0x00,0x00,0x00,0x00,0x00,0x00,
    0x00,0x00,0x00,0x00,0x00,0x00,0x00,0x00,0x00,0x00,0x00,0x00,0x00,0x00,0x00,0x00,0x00,0x00,0x00,0x00,0x00,0x00,0x00,0x00,
    0x00,0x00,0x00,0xe0,0xb9,0x04,0x00,0x00,0x00,0x64,0xe1,0x8c,0x85,0xf1,0xff,0x64,0xe1,0xfb,0x64,0xe1,0xff,0x64,0xe1,0xff,
    0x64,0xe1,0xff,0x64,0xe1,0xff,0x64,0xe1,0xff,0x64,0xe1,0xff,0x64,0xe1,0xff,0x64,0xe1,0xff,0x64,0xe1,0xff,0x64,0xe1,0xff,
    0x64,0xe1,0xff,0x64,0xe1,0xff,0x64,0xe1,0xfb,0x85,0xf1,0xff,0x64,0xe9,0xc0,0xe3,0xc0,0x09,0x00,0x00,0x00,0x86,0xf9,0x05,
    0x00,0xf8,0x02,0x00,0x00,0x00,0x00,0x00,0x00,0x00,0x00,0x00,0x00,0x00,0x00,0x00,0x00,0x00,0x00,0x00,0x00,0x00,0x00,0x00,
    0x00,0x00,0x00,0x00,0x00,0x00,0x00,0x00,0x00,0x00,0x00,0x00,0x00,0x00,0x00,0x00,0x00,0x00,0x00,0x00,0x00,0x00,0x00,0x00,
    0x00,0x00,0x00,0x00,0x00,0x00,0x00,0x00,0x00,0x00,0x00,0x00,0x00,0x00,0x00,0x00,0x00,0x00,0x00,0x00,0x00,0x00,0x00,0x00,
    0x00,0x00,0x00,0x00,0x00,0x00,0x00,0xf8,0x02,0xa0,0xfa,0x03,0xe7,0xf9,0x04,0xe7,0xf9,0x04,0x00,0x00,0x00,0x00,0x00,0x00,
    0x00,0x00,0x00,0x00,0x00,0x00,0x86,0xe1,0x0a,0xa4,0xf9,0x0e,0x65,0xe1,0x4b,0x85,0xf1,0x71,0x64,0xe1,0x96,0x65,0xe9,0xe1,
    0x85,0xf1,0xff,0x85,0xf1,0xff,0x85,0xf1,0xff,0x85,0xf1,0xff,0x65,0xe9,0xff,0x64,0xe1,0xfd,0x64,0xe1,0xfc,0x64,0xe1,0xfb,
    0x64,0xe1,0xfd,0x64,0xe1,0xff,0x64,0xe1,0xff,0x64,0xe1,0xff,0x64,0xe1,0xff,0x64,0xe1,0xff,0x64,0xe1,0xff,0x64,0xe1,0xff,
    0x64,0xe1,0xff,0x64,0xe1,0xff,0x64,0xe1,0xff,0x64,0xe1,0xff,0x64,0xe1,0xff,0x64,0xe1,0xff,0x64,0xe1,0xff,0x64,0xe1,0xff,
    0x64,0xe1,0xff,0x64,0xe1,0xff,0x64,0xe1,0xff,0x64,0xe1,0xfb,0x85,0xf1,0xff,0x64,0xe1,0xa9,0x00,0x00,0x00,0xaa,0xaa,0x03,
    0x00,0x00,0x00,0x00,0x00,0x00,0x00,0x00,0x00,0x00,0x00,0x00,0x00,0x00,0x00,0x00,0x00,0x00,0x00,0x00,0x00,0x00,0x00,0x00,
    0x00,0x00,0x00,0x00,0x00,0x00,0x00,0x00,0x00,0x00,0x00,0x00,0x00,0x00,0x00,0x00,0x00,0x00,0xa0,0xfa,0x03,0x00,0xf8,0x02,
    0xa0,0xfa,0x03,0xe7,0xb9,0x04,0xaa,0xfa,0x03,0x00,0x00,0x00,0x00,0x00,0x00,0x00,0x00,0x00,0x00,0x00,0x00,0x00,0x00,0x00,
    0x00,0x00,0x00,0x00,0x00,0x00,0x00,0x00,0x00,0x00,0x00,0x00,0x00,0x00,0x00,0x00,0x00,0x00,0x00,0x00,0x00,0x00,0x00,0x00,
    0x00,0x00,0x00,0x00,0x00,0x00,0x00,0x00,0x00,0x00,0x00,0x00,0x00,0x00,0x00,0x00,0x00,0x00,0x00,0x00,0x00,0x00,0x00,0x00,
    0x00,0x00,0x00,0x00,0x00,0x00,0x00,0x00,0x00,0x00,0x00,0x00,0x00,0x00,0x00,0x00,0x00,0x00,0x00,0x00,0x00,0x00,0x00,0x00,
    0x00,0x00,0x00,0x00,0x00,0x00,0x00,0x00,0x00,0x00,0x00,0x00,0x00,0x00,0x00,0x00,0x00,0x00,0x00,0x00,0x00,0x00,0x00,0x00,
    0x00,0x00,0x00,0x00,0x00,0x00,0x00,0x00,0x00,0x00,0x00,0x00,0x00,0x00,0x00,0x00,0x00,0x00,0x00,0x00,0x00,0x00,0x00,0x00,
    0x00,0x00,0x00,0x00,0x00,0x00,0x00,0x00,0x00,0x00,0x00,0x00,0x00,0x00,0x00,0x00,0x00,0x00,0x00,0x00,0x00,0x00,0x00,0x00,
    0x00,0x00,0x00,0x00,0x00,0x00,0x00,0x00,0x00,0x00,0x00,0x00,0x00,0x00,0x00,0x00,0x00,0x00,0x00,0x00,0x00,0x00,0x00,0x00,
    0x00,0x00,0x00,0x00,0x00,0x00,0x00,0x00,0x00,0x00,0x00,0x00,0x00,0x00,0x00,0x00,0x00,0x00,0x00,0x00,0x00,0x00,0x00,0x00,
    0x00,0x00,0x00,0x00,0x00,0x00,0x00,0x00,0x00,0x00,0x00,0x00,0x00,0x00,0x00,0x00,0x00,0x00,0x00,0x00,0x00,0x00,0x00,0x00,
    0x00,0x00,0x00,0x00,0x00,0x00,0x00,0x00,0x00,0x00,0x00,0x00,0x00,0x00,0x00,0x00,0x00,0x00,0x00,0x00,0x00,0x00,0x00,0x00,
    0x00,0x00,0x00,0x00,0x00,0x00,0x00,0x00,0x00,0x00,0x00,0x00,0x00,0x00,0x00,0x00,0x00,0x00,0x00,0x00,0x00,0x00,0x00,0x00,
    0x00,0x00,0x00,0x00,0x00,0x00,0xa0,0xaa,0x03,0x00,0x00,0x00,0x64,0xe1,0x3d,0x65,0xe9,0xf7,0x64,0xe9,0xfc,0x64,0xe1,0xfe,
    0x64,0xe1,0xff,0x64,0xe1,0xff,0x64,0xe1,0xff,0x64,0xe1,0xff,0x64,0xe1,0xff,0x64,0xe1,0xff,0x64,0xe1,0xff,0x64,0xe1,0xff,
    0x64,0xe1,0xff,0x64,0xe1,0xff,0x64,0xe1,0xff,0x64,0xe1,0xfa,0x85,0xf1,0xff,0x65,0xe9,0xbd,0xe3,0xe0,0x09,0x00,0x00,0x00,
    0xe7,0xb9,0x04,0x00,0x00,0x00,0x00,0x00,0x00,0x00,0x00,0x00,0x00,0x00,0x00,0x00,0x00,0x00,0x00,0x00,0x00,0x00,0x00,0x00,
    0x00,0x00,0x00,0x00,0x00,0x00,0x00,0x00,0x00,0x00,0x00,0x00,0x00,0x00,0x00,0x00,0x00,0x00,0x00,0x00,0x00,0x00,0x00,0x00,
    0x00,0x00,0x00,0x00,0x00,0x00,0x00,0x00,0x00,0x00,0x00,0x00,0x00,0x00,0x00,0x00,0x00,0x00,0x00,0x00,0x00,0x00,0x00,0x00,
    0x00,0x00,0x00,0x00,0x00,0x00,0x00,0x00,0x00,0x00,0x00,0x00,0x00,0x00,0x00,0x00,0x00,0x00,0x00,0x00,0x00,0x00,0x00,0x00,
    0x00,0x78,0x02,0x00,0xf8,0x02,0x86,0xc9,0x05,0x86,0xc9,0x05,0x00,0x00,0x00,0x00,0x00,0x00,0x00,0x00,0x00,0x00,0x00,0x00,
    0x00,0x00,0x00,0x86,0xf9,0x05,0x64,0xe1,0x51,0x84,0xe9,0x54,0x64,0xe1,0xae,0x65,0xe9,0xc5,0x64,0xe1,0xeb,0x85,0xf1,0xff,
    0x85,0xf1,0xff,0x85,0xf1,0xff,0x65,0xe9,0xff,0x64,0xe1,0xff,0x64,0xe1,0xfc,0x64,0xe1,0xfa,0x64,0xe1,0xfc,0x64,0xe1,0xfe,
    0x64,0xe1,0xff,0x64,0xe1,0xff,0x64,0xe1,0xff,0x64,0xe1,0xff,0x64,0xe1,0xff,0x64,0xe1,0xff,0x64,0xe1,0xff,0x64,0xe1,0xff,
    0x64,0xe1,0xff,0x64,0xe1,0xff,0x64,0xe1,0xff,0x64,0xe1,0xff,0x64,0xe1,0xff,0x64,0xe1,0xfb,0x85,0xf1,0xfc,0x44,0xe1,0x58,
    0x00,0x00,0x00,0xe7,0xf9,0x04,0x00,0x00,0x00,0x00,0x00,0x00,0x00,0x00,0x00,0x00,0x00,0x00,0x00,0x00,0x00,0x00,0x00,0x00,
    0x00,0x00,0x00,0x00,0x00,0x00,0x00,0x00,0x00,0x00,0x00,0x00,0x00,0x00,0x00,0x00,0x00,0x00,0x00,0x00,0x00,0x00,0x00,0x00,
    0x00,0x00,0x00,0x00,0x00,0x00,0x00,0x00,0x00,0x00,0x00,0x00,0x00,0x00,0x00,0x00,0x00,0x00,0x00,0xf8,0x01,0x86,0xc9,0x05,
    0xe7,0xf9,0x04,0x00,0xf8,0x01,0x00,0xf8,0x01,0x00,0x00,0x00,0x00,0x00,0x00,0x00,0x00,0x00,0x00,0x00,0x00,0x00,0x00,0x00,
    0x00,0x00,0x00,0x00,0x00,0x00,0x00,0x00,0x00,0x00,0x00,0x00,0x00,0x00,0x00,0x00,0x00,0x00,0x00,0x00,0x00,0x00,0x00,0x00,
    0x00,0x00,0x00,0x00,0x00,0x00,0x00,0x00,0x00,0x00,0x00,0x00,0x00,0x00,0x00,0x00,0x00,0x00,0x00,0x00,0x00,0x00,0x00,0x00,
    0x00,0x00,0x00,0x00,0x00,0x00,0x00,0x00,0x00,0x00,0x00,0x00,0x00,0x00,0x00,0x00,0x00,0x00,0x00,0x00,0x00,0x00,0x00,0x00,
    0x00,0x00,0x00,0x00,0x00,0x00,0x00,0x00,0x00,0x00,0x00,0x00,0x00,0x00,0x00,0x00,0x00,0x00,0x00,0x00,0x00,0x00,0x00,0x00,
    0x00,0x00,0x00,0x00,0x00,0x00,0x00,0x00,0x00,0x00,0x00,0x00,0x00,0x00,0x00,0x00,0x00,0x00,0x00,0x00,0x00,0x00,0x00,0x00,
    0x00,0x00,0x00,0x00,0x00,0x00,0x00,0x00,0x00,0x00,0x00,0x00,0x00,0x00,0x00,0x00,0x00,0x00,0x00,0x00,0x00,0x00,0x00,0x00,
    0x00,0x00,0x00,0x00,0x00,0x00,0x00,0x00,0x00,0x00,0x00,0x00,0x00,0x00,0x00,0x00,0x00,0x00,0x00,0x00,0x00,0x00,0x00,0x00,
    0x00,0x00,0x00,0x00,0x00,0x00,0x00,0x00,0x00,0x00,0x00,0x00,0x00,0x00,0x00,0x00,0x00,0x00,0x00,0x00,0x00,0x00,0x00,0x00,
    0x00,0x00,0x00,0x00,0x00,0x00,0x00,0x00,0x00,0x00,0x00,0x00,0x00,0x00,0x00,0x00,0x00,0x00,0x00,0x00,0x00,0x00,0x00,0x00,
    0x00,0x00,0x00,0x00,0x00,0x00,0x00,0x00,0x00,0x00,0x00,0x00,0x00,0x00,0x00,0x00,0x00,0x00,0x00,0x00,0x00,0x00,0x00,0x00,
    0x00,0x00,0x00,0x00,0x00,0x00,0x00,0x00,0x00,0x00,0xf8,0x01,0x86,0xc9,0x05,0x65,0xe1,0x0b,0x64,0xe1,0xd2,0x85,0xf1,0xff,
    0x64,0xe1,0xfc,0x64,0xe1,0xff,0x64,0xe1,0xff,0x64,0xe1,0xff,0x64,0xe1,0xff,0x64,0xe1,0xff,0x64,0xe1,0xff,0x64,0xe1,0xff,
    0x64,0xe1,0xff,0x64,0xe1,0xff,0x64,0xe1,0xff,0x64,0xe1,0xff,0x64,0xe1,0xfa,0x85,0xf1,0xff,0x64,0xe9,0xbb,0x24,0xd9,0x07,
    0x00,0x00,0x00,0x00,0xf8,0x02,0x00,0x00,0x00,0x00,0x00,0x00,0x00,0x00,0x00,0x00,0x00,0x00,0x00,0x00,0x00,0x00,0x00,0x00,
    0x00,0x00,0x00,0x00,0x00,0x00,0x00,0x00,0x00,0x00,0x00,0x00,0x00,0x00,0x00,0x00,0x00,0x00,0x00,0x00,0x00,0x00,0x00,0x00,
    0x00,0x00,0x00,0x00,0x00,0x00,0x00,0x00,0x00,0x00,0x00,0x00,0x00,0x00,0x00,0x00,0x00,0x00,0x00,0x00,0x00,0x00,0x00,0x00,
    0x00,0x00,0x00,0x00,0x00,0x00,0x00,0x00,0x00,0x00,0x00,0x00,0x00,0x00,0x00,0x00,0x00,0x00,0x00,0x00,0x00,0x00,0x00,0x00,
    0x00,0x00,0x00,0x00,0x00,0x00,0x00,0x00,0x00,0x00,0x00,0x00,0x00,0x00,0x00,0x00,0x00,0x00,0x00,0xf8,0x01,0x00,0xf8,0x01,
    0xa0,0xfa,0x03,0xe7,0xf9,0x04,0x00,0xa8,0x03,0x00,0x00,0x00,0x00,0x00,0x00,0x00,0x00,0x00,0x00,0x00,0x00,0x00,0x00,0x00,
    0x64,0xe1,0x1c,0x85,0xf9,0x3a,0x64,0xe1,0x90,0x65,0xe9,0xab,0x64,0xe1,0xd7,0x65,0xe9,0xff,0x85,0xf1,0xff,0x85,0xf9,0xff,
    0x85,0xf1,0xff,0x64,0xe9,0xff,0x64,0xe1,0xfd,0x64,0xe1,0xfa,0x64,0xe1,0xfd,0x64,0xe1,0xfd,0x64,0xe1,0xfe,0x64,0xe1,0xff,
    0x64,0xe1,0xff,0x64,0xe1,0xff,0x64,0xe1,0xff,0x64,0xe1,0xff,0x64,0xe1,0xff,0x64,0xe1,0xff,0x64,0xe1,0xfe,0x64,0xe9,0xff,
    0x64,0xe1,0xf5,0x86,0xe9,0x0f,0x00,0x00,0x00,0x00,0xf8,0x01,0x00,0x00,0x00,0x00,0x00,0x00,0x00,0x00,0x00,0x00,0x00,0x00,
    0x00,0x00,0x00,0x00,0x00,0x00,0x00,0x00,0x00,0x00,0x00,0x00,0x00,0x00,0x00,0x00,0x00,0x00,0x00,0x00,0x00,0x00,0x00,0x00,
    0xaa,0xaa,0x03,0x24,0xd9,0x07,0x64,0xe1,0x8d,0x85,0xf1,0xc5,0x64,0xe1,0x9f,0x84,0xe9,0x54,0x65,0xe1,0x4c,0x00,0x00,0x00,
    0x00,0x00,0x00,0x00,0x00,0x00,0x00,0x00,0x00,0x00,0x00,0x00,0x00,0x00,0x00,0xaa,0xfa,0x03,0xaa,0xfa,0x03,0x00,0xf8,0x02,
    0x00,0xf8,0x01,0x00,0x00,0x00,0x00,0x00,0x00,0x00,0x00,0x00,0x00,0x00,0x00,0x00,0x00,0x00,0x00,0x00,0x00,0x00,0x00,0x00,
    0x00,0x00,0x00,0x00,0x00,0x00,0x00,0x00,0x00,0x00,0x00,0x00,0x00,0x00,0x00,0x00,0x00,0x00,0x00,0x00,0x00,0x00,0x00,0x00,
    0x00,0x00,0x00,0x00,0x00,0x00,0x00,0x00,0x00,0x00,0x00,0x00,0x00,0x00,0x00,0x00,0x00,0x00,0x00,0x00,0x00,0x00,0x00,0x00,
    0x00,0x00,0x00,0x00,0x00,0x00,0x00,0x00,0x00,0x00,0x00,0x00,0x00,0x00,0x00,0x00,0x00,0x00,0x00,0x00,0x00,0x00,0x00,0x00,
    0x00,0x00,0x00,0x00,0x00,0x00,0x00,0x00,0x00,0x00,0x00,0x00,0x00,0x00,0x00,0x00,0x00,0x00,0x00,0x00,0x00,0x00,0x00,0x00,
    0x00,0x00,0x00,0x00,0x00,0x00,0x00,0x00,0x00,0x00,0x00,0x00,0x00,0x00,0x00,0x00,0x00,0x00,0x00,0x00,0x00,0x00,0x00,0x00,
    0x00,0x00,0x00,0x00,0x00,0x00,0x00,0x00,0x00,0x00,0x00,0x00,0x00,0x00,0x00,0x00,0x00,0x00,0x00,0x00,0x00,0x00,0x00,0x00,
    0x00,0x00,0x00,0x00,0x00,0x00,0x00,0x00,0x00,0x00,0x00,0x00,0x00,0x00,0x00,0x00,0x00,0x00,0x00,0x00,0x00,0x00,0x00,0x00,
    0x00,0x00,0x00,0x00,0x00,0x00,0x00,0x00,0x00,0x00,0x00,0x00,0x00,0x00,0x00,0x00,0x00,0x00,0x00,0x00,0x00,0x00,0x00,0x00,
    0x00,0x00,0x00,0x00,0x00,0x00,0x00,0x00,0x00,0x00,0x00,0x00,0x00,0x00,0x00,0x00,0x00,0x00,0x00,0x00,0x00,0x00,0x00,0x00,
    0x00,0x00,0x00,0x00,0x00,0x00,0x00,0x00,0x00,0x00,0x00,0x00,0x00,0x00,0x00,0x86,0xc9,0x05,0x00,0x00,0x00,0x64,0xe1,0x8c,
    0x85,0xf9,0xff,0x64,0xe1,0xfb,0x64,0xe1,0xff,0x64,0xe1,0xff,0x64,0xe1,0xff,0x64,0xe1,0xff,0x64,0xe1,0xff,0x64,0xe1,0xff,
    0x64,0xe1,0xff,0x64,0xe1,0xff,0x64,0xe1,0xff,0x64,0xe1,0xff,0x64,0xe1,0xff,0x64,0xe1,0xfc,0x85,0xf1,0xff,0x64,0xe9,0xbb,
    0x24,0xb1,0x07,0x00,0x00,0x00,0x00,0xf8,0x02,0x00,0x00,0x00,0x00,0x00,0x00,0x00,0x00,0x00,0x00,0x00,0x00,0x00,0x00,0x00,
    0x00,0x00,0x00,0x00,0x00,0x00,0x00,0x00,0x00,0x00,0x00,0x00,0x00,0x00,0x00,0x00,0x00,0x00,0x00,0x00,0x00,0x00,0x00,0x00,
    0x00,0x00,0x00,0x00,0x00,0x00,0x00,0x00,0x00,0x00,0x00,0x00,0x00,0x00,0x00,0x00,0x00,0x00,0x00,0x00,0x00,0x00,0x00,0x00,
    0x00,0x00,0x00,0x00,0x00,0x00,0x00,0x00,0x00,0x00,0x00,0x00,0x00,0x00,0x00,0x00,0x00,0x00,0x00,0x00,0x00,0x00,0x00,0x00,
    0x00,0x00,0x00,0x00,0x00,0x00,0x00,0x00,0x00,0x00,0x00,0x00,0x00,0x00,0x00,0x00,0x00,0x00,0x00,0x00,0x00,0x00,0x00,0x00,
    0x00,0x00,0x00,0x00,0x00,0x00,0x00,0x00,0x00,0x00,0x00,0x00,0x00,0x00,0x00,0x00,0xf8,0x01,0xe7,0xb9,0x04,0xe7,0xb9,0x04,
    0x00,0xf8,0x02,0x00,0xf8,0x02,0x00,0x00,0x00,0x00,0x00,0x00,0x00,0x00,0x00,0x00,0x00,0x00,0x65,0xe1,0x0b,0xa5,0xf9,0x22,
    0x64,0xe1,0x74,0x85,0xf1,0x8e,0x65,0xe1,0xbf,0x65,0xe9,0xf0,0x85,0xe9,0xff,0x85,0xf9,0xff,0x85,0xe9,0xff,0x65,0xe9,0xff,
    0x64,0xe1,0xff,0x64,0xe1,0xfb,0x64,0xe1,0xfc,0x64,0xe1,0xfc,0x64,0xe1,0xfe,0x64,0xe1,0xff,0x64,0xe1,0xff,0x64,0xe1,0xff,
    0x64,0xe1,0xfc,0x85,0xf1,0xfe,0x64,0xe1,0x99,0xaa,0xfa,0x03,0xe7,0xb9,0x04,0x00,0x00,0x00,0x00,0x00,0x00,0x00,0x00,0x00,
    0x00,0x00,0x00,0x00,0x00,0x00,0x00,0x00,0x00,0x00,0x00,0x00,0x00,0x00,0x00,0x00,0x00,0x00,0x00,0x00,0x00,0x00,0x00,0x00,
    0x00,0x00,0x00,0x86,0xc9,0x05,0x00,0x00,0x00,0x64,0xe1,0x5b,0xa5,0xf9,0xff,0x65,0xe9,0xff,0x85,0xf1,0xff,0x85,0xf1,0xff,
    0x85,0xe9,0xff,0x65,0xe9,0xdd,0x64,0xe1,0xbc,0x65,0xe9,0x71,0x64,0xe1,0x69,0x65,0xe9,0x10,0x84,0xe9,0x0f,0x00,0x00,0x00,
    0x00,0x00,0x00,0x00,0x00,0x00,0x00,0x00,0x00,0xe7,0xf9,0x04,0xe7,0xb9,0x04,0xa0,0xfa,0x03,0x00,0xf8,0x02,0x00,0x00,0x00,
    0x00,0x00,0x00,0x00,0x00,0x00,0x00,0x00,0x00,0x00,0x00,0x00,0x00,0x00,0x00,0x00,0x00,0x00,0x00,0x00,0x00,0x00,0x00,0x00,
    0x00,0x00,0x00,0x00,0x00,0x00,0x00,0x00,0x00,0x00,0x00,0x00,0x00,0x00,0x00,0x00,0x00,0x00,0x00,0x00,0x00,0x00,0x00,0x00,
    0x00,0x00,0x00,0x00,0x00,0x00,0x00,0x00,0x00,0x00,0x00,0x00,0x00,0x00,0x00,0x00,0x00,0x00,0x00,0x00,0x00,0x00,0x00,0x00,
    0x00,0x00,0x00,0x00,0x00,0x00,0x00,0x00,0x00,0x00,0x00,0x00,0x00,0x00,0x00,0x00,0x00,0x00,0x00,0x00,0x00,0x00,0x00,0x00,
    0x00,0x00,0x00,0x00,0x00,0x00,0x00,0x00,0x00,0x00,0x00,0x00,0x00,0x00,0x00,0x00,0x00,0x00,0x00,0x00,0x00,0x00,0x00,0x00,
    0x00,0x00,0x00,0x00,0x00,0x00,0x00,0x00,0x00,0x00,0x00,0x00,0x00,0x00,0x00,0x00,0x00,0x00,0x00,0x00,0x00,0x00,0x00,0x00,
    0x00,0x00,0x00,0x00,0x00,0x00,0x00,0x00,0x00,0x00,0x00,0x00,0x00,0x00,0x00,0x00,0x00,0x00,0x00,0x00,0x00,0x00,0x00,0x00,
    0x00,0x00,0x00,0x00,0x00,0x00,0x00,0x00,0x00,0x00,0x00,0x00,0x00,0x00,0x00,0x00,0x00,0x00,0x00,0x00,0x00,0x00,0x00,0x00,
    0x00,0x00,0x00,0x00,0x00,0x00,0x00,0x00,0x00,0x00,0x00,0x00,0x00,0x00,0x00,0x00,0x00,0x00,0x00,0x00,0x00,0x00,0x00,0x00,
    0x00,0x00,0x00,0x00,0x00,0x00,0x00,0x00,0x00,0x00,0x00,0x00,0x00,0x00,0x00,0x00,0x00,0x00,0xe7,0xb9,0x04,0xa0,0xaa,0x03,
    0x64,0xe1,0x42,0x85,0xf1,0xf8,0x64,0xe9,0xfb,0x64,0xe1,0xfe,0x64,0xe1,0xff,0x64,0xe1,0xff,0x64,0xe1,0xff,0x64,0xe1,0xff,
    0x64,0xe1,0xff,0x64,0xe1,0xff,0x64,0xe1,0xff,0x64,0xe1,0xff,0x64,0xe1,0xff,0x64,0xe1,0xff,0x64,0xe1,0xfd,0x85,0xf1,0xff,
    0x64,0xe9,0xbb,0xe3,0xb8,0x08,0x00,0xf8,0x01,0x00,0xf8,0x02,0x00,0x00,0x00,0x00,0x00,0x00,0x00,0x00,0x00,0x00,0x00,0x00,
    0x00,0x00,0x00,0x00,0x00,0x00,0x00,0x00,0x00,0x00,0x00,0x00,0x00,0x00,0x00,0x00,0x00,0x00,0x00,0x00,0x00,0x00,0x00,0x00,
    0x00,0x00,0x00,0x00,0x00,0x00,0x00,0x00,0x00,0x00,0x00,0x00,0x00,0x00,0x00,0x00,0x00,0x00,0x00,0x00,0x00,0x00,0x00,0x00,
    0x00,0x00,0x00,0x00,0x00,0x00,0x00,0x00,0x00,0x00,0x00,0x00,0x00,0x00,0x00,0x00,0x00,0x00,0x00,0x00,0x00,0x00,0x00,0x00,
    0x00,0x00,0x00,0x00,0x00,0x00,0x00,0x00,0x00,0x00,0x00,0x00,0x00,0x00,0x00,0x00,0x00,0x00,0x00,0x00,0x00,0x00,0x00,0x00,
    0x00,0x00,0x00,0x00,0x00,0x00,0x00,0x00,0x00,0x00,0x00,0x00,0x00,0x00,0x00,0x00,0x00,0x00,0x00,0x00,0x00,0x00,0x00,0x00,
    0x00,0x00,0x00,0x00,0x00,0x00,0x00,0x00,0x00,0x00,0x00,0x00,0x00,0x78,0x02,0xa0,0xfa,0x03,0xaa,0xfa,0x03,0xe7,0xf9,0x04,
    0x00,0x00,0x00,0x00,0x00,0x00,0x00,0x00,0x00,0x00,0x00,0x00,0x00,0x00,0x00,0x86,0xf9,0x0f,0x64,0xe1,0x55,0x84,0xf1,0x73,
    0x64,0xe1,0xd2,0x64,0xe9,0xdd,0x64,0xe9,0xff,0x85,0xf9,0xff,0x85,0xf1,0xff,0x85,0xf1,0xff,0x64,0xe9,0xff,0x64,0xe1,0xfd,
    0x64,0xe1,0xfc,0x64,0xe1,0xfc,0x64,0xe1,0xfc,0x65,0xe9,0xff,0x65,0xe1,0x2b,0x00,0x00,0x00,0x00,0xf8,0x02,0x00,0x00,0x00,
    0x00,0x00,0x00,0x00,0x00,0x00,0x00,0x00,0x00,0x00,0x00,0x00,0x00,0x00,0x00,0x00,0x00,0x00,0x00,0x00,0x00,0x00,0x00,0x00,
    0x00,0x00,0x00,0x00,0x00,0x00,0x00,0x00,0x01,0x00,0xf8,0x02,0x24,0xd1,0x0d,0x64,0xe9,0xb5,0x85,0xf1,0xfc,0x64,0xe1,0xf9,
    0x64,0xe1,0xfc,0x64,0xe1,0xfb,0x64,0xe1,0xfd,0x65,0xe9,0xff,0x85,0xf1,0xff,0x85,0xf9,0xff,0x85,0xf1,0xff,0x64,0xe1,0xf1,
    0x64,0xe9,0xee,0x65,0xf1,0xa0,0x65,0xe1,0x59,0x85,0xf1,0x23,0x65,0xd9,0x17,0x00,0x00,0x00,0x00,0x00,0x00,0x00,0x00,0x00,
    0x00,0x00,0x00,0x00,0xf8,0x02,0xa0,0xfa,0x03,0xe7,0xf9,0x04,0xa0,0xfa,0x03,0x00,0x00,0x00,0x00,0x00,0x00,0x00,0x00,0x00,
    0x00,0x00,0x00,0x00,0x00,0x00,0x00,0x00,0x00,0x00,0x00,0x00,0x00,0x00,0x00,0x00,0x00,0x00,0x00,0x00,0x00,0x00,0x00,0x00,
    0x00,0x00,0x00,0x00,0x00,0x00,0x00,0x00,0x00,0x00,0x00,0x00,0x00,0x00,0x00,0x00,0x00,0x00,0x00,0x00,0x00,0x00,0x00,0x00,
    0x00,0x00,0x00,0x00,0x00,0x00,0x00,0x00,0x00,0x00,0x00,0x00,0x00,0x00,0x00,0x00,0x00,0x00,0x00,0x00,0x00,0x00,0x00,0x00,
    0x00,0x00,0x00,0x00,0x00,0x00,0x00,0x00,0x00,0x00,0x00,0x00,0x00,0x00,0x00,0x00,0x00,0x00,0x00,0x00,0x00,0x00,0x00,0x00,
    0x00,0x00,0x00,0x00,0x00,0x00,0x00,0x00,0x00,0x00,0x00,0x00,0x00,0x00,0x00,0x00,0x00,0x00,0x00,0x00,0x00,0x00,0x00,0x00,
    0x00,0x00,0x00,0x00,0x00,0x00,0x00,0x00,0x00,0x00,0x00,0x00,0x00,0x00,0x00,0x00,0x00,0x00,0x00,0x00,0x00,0x00,0x00,0x00,
    0x00,0x00,0x00,0x00,0x00,0x00,0x00,0x00,0x00,0x00,0x00,0x00,0x00,0x00,0x00,0x00,0x00,0x00,0x00,0x00,0x00,0x00,0x00,0x00,
    0x00,0x00,0x00,0x00,0x00,0x00,0x00,0x00,0x00,0x00,0x00,0x00,0x00,0x00,0x00,0x00,0x00,0x00,0x00,0x00,0x00,0x00,0x00,0x00,
    0x00,0x00,0x00,0x00,0x00,0x00,0x00,0x00,0x00,0x00,0x00,0x00,0x00,0x00,0x00,0x00,0x00,0x00,0x00,0x00,0x00,0x00,0x00,0x00,
    0xe7,0xb9,0x04,0x00,0x00,0x00,0x64,0xe1,0xc5,0x85,0xf1,0xff,0x64,0xe1,0xfc,0x64,0xe1,0xff,0x64,0xe1,0xff,0x64,0xe1,0xff,
    0x64,0xe1,0xff,0x64,0xe1,0xff,0x64,0xe1,0xff,0x64,0xe1,0xff,0x64,0xe1,0xff,0x64,0xe1,0xff,0x64,0xe1,0xff,0x64,0xe1,0xfe,
    0x64,0xe9,0xfe,0x65,0xe9,0xf7,0x64,0xe1,0x1c,0x00,0x00,0x00,0x00,0xf8,0x03,0x00,0x00,0x00,0x00,0x00,0x00,0x00,0x00,0x00,
    0x00,0x00,0x00,0x00,0x00,0x00,0x00,0x00,0x00,0x00,0x00,0x00,0x00,0x00,0x00,0x00,0x00,0x00,0x00,0x00,0x00,0x00,0x00,0x00,
    0x00,0x00,0x00,0x00,0x00,0x00,0x00,0x00,0x00,0x00,0x00,0x00,0x00,0x00,0x00,0x00,0x00,0x00,0x00,0x00,0x00,0x00,0x00,0x00,
    0x00,0x00,0x00,0x00,0x00,0x00,0x00,0x00,0x00,0x00,0x00,0x00,0x00,0x00,0x00,0x00,0x00,0x00,0x00,0x00,0x00,0x00,0x00,0x00,
    0x00,0x00,0x00,0x00,0x00,0x00,0x00,0x00,0x00,0x00,0x00,0x00,0x00,0x00,0x00,0x00,0x00,0x00,0x00,0x00,0x00,0x00,0x00,0x00,
    0x00,0x00,0x00,0x00,0x00,0x00,0x00,0x00,0x00,0x00,0x00,0x00,0x00,0x00,0x00,0x00,0x00,0x00,0x00,0x00,0x00,0x00,0x00,0x00,
    0x00,0x00,0x00,0x00,0x00,0x00,0x00,0x00,0x00,0x00,0x00,0x00,0x00,0x00,0x00,0x00,0x00,0x00,0x00,0x00,0x00,0x00,0x00,0x00,
    0x00,0x00,0x00,0x00,0x00,0x00,0x00,0xf8,0x01,0x00,0xf8,0x02,0xe7,0xb9,0x04,0x86,0xc9,0x05,0x00,0x00,0x00,0x00,0x00,0x00,
    0x00,0x00,0x00,0x00,0x00,0x00,0x00,0x00,0x00,0x00,0x00,0x00,0x64,0xe1,0x3b,0x85,0xf1,0x55,0x64,0xe1,0xb9,0x65,0xe9,0xc5,
    0x64,0xe1,0xf4,0x85,0xf1,0xff,0x85,0xf1,0xff,0x85,0xf1,0xff,0x85,0xf9,0xff,0x64,0xe1,0xd1,0x65,0xe1,0x0b,0xaa,0xaa,0x03,
    0x00,0xf8,0x01,0x00,0x00,0x00,0x00,0x00,0x00,0x00,0x00,0x00,0x00,0x00,0x00,0x00,0x00,0x00,0x00,0x00,0x00,0x00,0x00,0x00,
    0x00,0x00,0x00,0x00,0x00,0x00,0x00,0x00,0x00,0x00,0x00,0x00,0xe7,0xb9,0x04,0x00,0xf8,0x01,0x64,0xe9,0x52,0x85,0xf9,0xff,
    0x64,0xe1,0xfb,0x64,0xe1,0xff,0x64,0xe1,0xff,0x64,0xe1,0xff,0x64,0xe1,0xff,0x64,0xe1,0xfd,0x64,0xe1,0xfc,0x64,0xe1,0xfa,
    0x64,0xe1,0xfb,0x65,0xe9,0xff,0x64,0xe9,0xff,0x85,0xf1,0xff,0x85,0xe9,0xff,0x65,0xe9,0xff,0x64,0xe1,0xea,0x65,0xe9,0xab,
    0x64,0xe1,0xa3,0x85,0xf1,0x3f,0x44,0xe1,0x29,0x00,0x00,0x00,0x00,0x00,0x00,0x00,0x00,0x00,0x00,0x00,0x00,0x00,0x00,0x00,
    0x00,0x78,0x02,0x86,0xc9,0x05,0x00,0xf8,0x02,0x00,0xf8,0x01,0x00,0xf8,0x01,0x00,0x00,0x00,0x00,0x00,0x00,0x00,0x00,0x00,
    0x00,0x00,0x00,0x00,0x00,0x00,0x00,0x00,0x00,0x00,0x00,0x00,0x00,0x00,0x00,0x00,0x00,0x00,0x00,0x00,0x00,0x00,0x00,0x00,
    0x00,0x00,0x00,0x00,0x00,0x00,0x00,0x00,0x00,0x00,0x00,0x00,0x00,0x00,0x00,0x00,0x00,0x00,0x00,0x00,0x00,0x00,0x00,0x00,
    0x00,0x00,0x00,0x00,0x00,0x00,0x00,0x00,0x00,0x00,0x00,0x00,0x00,0x00,0x00,0x00,0x00,0x00,0x00,0x00,0x00,0x00,0x00,0x00,
    0x00,0x00,0x00,0x00,0x00,0x00,0x00,0x00,0x00,0x00,0x00,0x00,0x00,0x00,0x00,0x00,0x00,0x00,0x00,0x00,0x00,0x00,0x00,0x00,
    0x00,0x00,0x00,0x00,0x00,0x00,0x00,0x00,0x00,0x00,0x00,0x00,0x00,0x00,0x00,0x00,0x00,0x00,0x00,0x00,0x00,0x00,0x00,0x00,
    0x00,0x00,0x00,0x00,0x00,0x00,0x00,0x00,0x00,0x00,0x00,0x00,0x00,0x00,0x00,0x00,0x00,0x00,0x00,0x00,0x00,0x00,0x00,0x00,
    0x00,0x00,0x00,0x00,0x00,0x00,0x00,0x00,0x00,0x00,0x00,0x00,0x00,0x00,0x00,0x00,0x00,0x00,0x00,0x00,0x00,0x00,0x00,0x00,
    0x00,0x00,0x00,0x00,0x00,0x00,0x00,0x00,0x00,0x00,0x00,0x00,0x00,0x00,0x00,0x00,0x00,0x00,0x00,0x00,0x00,0x00,0x00,0x00,
    0x00,0x00,0x00,0xa0,0xfa,0x03,0x00,0x00,0x00,0x64,0xe1,0x68,0x85,0xf1,0xfe,0x64,0xe1,0xfb,0x64,0xe1,0xff,0x64,0xe1,0xff,
    0x64,0xe1,0xff,0x64,0xe1,0xff,0x64,0xe1,0xff,0x64,0xe1,0xff,0x64,0xe1,0xff,0x64,0xe1,0xff,0x64,0xe1,0xff,0x64,0xe1,0xff,
    0x64,0xe1,0xff,0x64,0xe1,0xfb,0x85,0xf1,0xff,0x64,0xe1,0x90,0x00,0x00,0x00,0xe7,0xf9,0x04,0x00,0x00,0x00,0x00,0x00,0x00,
    0x00,0x00,0x00,0x00,0x00,0x00,0x00,0x00,0x00,0x00,0x00,0x00,0x00,0x00,0x00,0x00,0x00,0x00,0x00,0x00,0x00,0x00,0x00,0x00,
    0x00,0x00,0x00,0x00,0x00,0x00,0x00,0x00,0x00,0x00,0x00,0x00,0x00,0x00,0x00,0x00,0x00,0x00,0x00,0x00,0x00,0x00,0x00,0x00,
    0x00,0x00,0x00,0x00,0x00,0x00,0x00,0x00,0x00,0x00,0x00,0x00,0x00,0x00,0x00,0x00,0x00,0x00,0x00,0x00,0x00,0x00,0x00,0x00,
    0x00,0x00,0x00,0x00,0x00,0x00,0x00,0x00,0x00,0x00,0x00,0x00,0x00,0x00,0x00,0x00,0x00,0x00,0x00,0x00,0x00,0x00,0x00,0x00,
    0x00,0x00,0x00,0x00,0x00,0x00,0x00,0x00,0x00,0x00,0x00,0x00,0x00,0x00,0x00,0x00,0x00,0x00,0x00,0x00,0x00,0x00,0x00,0x00,
    0x00,0x00,0x00,0x00,0x00,0x00,0x00,0x00,0x00,0x00,0x00,0x00,0x00,0x00,0x00,0x00,0x00,0x00,0x00,0x00,0x00,0x00,0x00,0x00,
    0x00,0x00,0x00,0x00,0x00,0x00,0x00,0x00,0x00,0x00,0x00,0x00,0x00,0x00,0x00,0x00,0x00,0x00,0x00,0x00,0x00,0x00,0x00,0x00,
    0x00,0xf8,0x01,0x00,0xf8,0x01,0xe7,0xb9,0x04,0xe7,0xf9,0x04,0x00,0x00,0x00,0x00,0x00,0x00,0x00,0x00,0x00,0x00,0x00,0x00,
    0x00,0x00,0x00,0x00,0x00,0x00,0x45,0xe1,0x24,0x85,0xf1,0x3a,0x64,0xe1,0x9b,0x64,0xe9,0xaa,0x65,0xf1,0xd0,0x65,0xe1,0x3f,
    0x00,0x00,0x00,0xa0,0xaa,0x03,0x00,0x00,0x00,0x00,0x00,0x00,0x00,0x00,0x00,0x00,0x00,0x00,0x00,0x00,0x00,0x00,0x00,0x00,
    0x00,0x00,0x00,0x00,0x00,0x00,0x00,0x00,0x00,0x00,0x00,0x00,0x00,0x00,0x00,0x00,0x00,0x00,0x00,0xa8,0x03,0x00,0x00,0x00,
    0x64,0xe1,0xa9,0x85,0xf1,0xfd,0x64,0xe1,0xfc,0x64,0xe1,0xff,0x64,0xe1,0xff,0x64,0xe1,0xff,0x64,0xe1,0xff,0x64,0xe1,0xff,
    0x64,0xe1,0xff,0x64,0xe1,0xff,0x64,0xe1,0xff,0x64,0xe1,0xfe,0x64,0xe1,0xfe,0x64,0xe1,0xfb,0x64,0xe1,0xfd,0x64,0xe1,0xff,
    0x65,0xe9,0xff,0x85,0xf1,0xff,0x85,0xf1,0xff,0x85,0xf1,0xff,0x64,0xe1,0xf8,0x65,0xf1,0xc5,0x64,0xe1,0x93,0x85,0xf1,0x54,
    0x65,0xe1,0x44,0x00,0x00,0x00,0x00,0x00,0x00,0x00,0x00,0x00,0x00,0x00,0x00,0x00,0x00,0x00,0x00,0x00,0x00,0x86,0xc9,0x05,
    0x00,0xa8,0x03,0x00,0xf8,0x02,0x00,0xf8,0x01,0x00,0x00,0x00,0x00,0x00,0x00,0x00,0x00,0x00,0x00,0x00,0x00,0x00,0x00,0x00,
    0x00,0x00,0x00,0x00,0x00,0x00,0x00,0x00,0x00,0x00,0x00,0x00,0x00,0x00,0x00,0x00,0x00,0x00,0x00,0x00,0x00,0x00,0x00,0x00,
    0x00,0x00,0x00,0x00,0x00,0x00,0x00,0x00,0x00,0x00,0x00,0x00,0x00,0x00,0x00,0x00,0x00,0x00,0x00,0x00,0x00,0x00,0x00,0x00,
    0x00,0x00,0x00,0x00,0x00,0x00,0x00,0x00,0x00,0x00,0x00,0x00,0x00,0x00,0x00,0x00,0x00,0x00,0x00,0x00,0x00,0x00,0x00,0x00,
    0x00,0x00,0x00,0x00,0x00,0x00,0x00,0x00,0x00,0x00,0x00,0x00,0x00,0x00,0x00,0x00,0x00,0x00,0x00,0x00,0x00,0x00,0x00,0x00,
    0x00,0x00,0x00,0x00,0x00,0x00,0x00,0x00,0x00,0x00,0x00,0x00,0x00,0x00,0x00,0x00,0x00,0x00,0x00,0x00,0x00,0x00,0x00,0x00,
    0x00,0x00,0x00,0x00,0x00,0x00,0x00,0x00,0x00,0x00,0x00,0x00,0x00,0x00,0x00,0x00,0x00,0x00,0x00,0x00,0x00,0x00,0x00,0x00,
    0x00,0x00,0x00,0x00,0x00,0x00,0x00,0x00,0x00,0x00,0x00,0x00,0x00,0x00,0x00,0x00,0x00,0x00,0x00,0x00,0x00,0x00,0x00,0x00,
    0x00,0x00,0x00,0x00,0x00,0x00,0x00,0x78,0x02,0x00,0xf8,0x01,0x64,0xe1,0x21,0x64,0xe9,0xef,0x65,0xe9,0xfd,0x64,0xe1,0xfd,
    0x64,0xe1,0xff,0x64,0xe1,0xff,0x64,0xe1,0xff,0x64,0xe1,0xff,0x64,0xe1,0xff,0x64,0xe1,0xff,0x64,0xe1,0xff,0x64,0xe1,0xff,
    0x64,0xe1,0xff,0x64,0xe1,0xff,0x64,0xe1,0xfd,0x85,0xf1,0xff,0x64,0xe1,0xd8,0x00,0xf8,0x02,0x00,0xf8,0x02,0x00,0x00,0x00,
    0x00,0x00,0x00,0x00,0x00,0x00,0x00,0x00,0x00,0x00,0x00,0x00,0x00,0x00,0x00,0x00,0x00,0x00,0x00,0x00,0x00,0x00,0x00,0x00,
    0x00,0x00,0x00,0x00,0x00,0x00,0x00,0x00,0x00,0x00,0x00,0x00,0x00,0x00,0x00,0x00,0x00,0x00,0x00,0x00,0x00,0x00,0x00,0x00,
    0x00,0x00,0x00,0x00,0x00,0x00,0x00,0x00,0x00,0x00,0x00,0x00,0x00,0x00,0x00,0x00,0x00,0x00,0x00,0x00,0x00,0x00,0x00,0x00,
    0x00,0x00,0x00,0x00,0x00,0x00,0x00,0x00,0x00,0x00,0x00,0x00,0x00,0x00,0x00,0x00,0x00,0x00,0x00,0x00,0x00,0x00,0x00,0x00,
    0x00,0x00,0x00,0x00,0x00,0x00,0x00,0x00,0x00,0x00,0x00,0x00,0x00,0x00,0x00,0x00,0x00,0x00,0x00,0x00,0x00,0x00,0x00,0x00,
    0x00,0x00,0x00,0x00,0x00,0x00,0x00,0x00,0x00,0x00,0x00,0x00,0x00,0x00,0x00,0x00,0x00,0x00,0x00,0x00,0x00,0x00,0x00,0x00,
    0x00,0x00,0x00,0x00,0x00,0x00,0x00,0x00,0x00,0x00,0x00,0x00,0x00,0x00,0x00,0x00,0x00,0x00,0x00,0x00,0x00,0x00,0x00,0x00,
    0x00,0x00,0x00,0x00,0x00,0x00,0x00,0x00,0x00,0x00,0x00,0x00,0x00,0x00,0x00,0x00,0x00,0x00,0x00,0x00,0x00,0x00,0x00,0x00,
    0x00,0xa8,0x03,0xe7,0xf9,0x04,0x00,0xf8,0x02,0x00,0xf8,0x02,0x00,0x00,0x00,0x00,0x00,0x00,0x00,0x00,0x00,0x00,0x00,0x00,
    0x86,0xc9,0x05,0x00,0x00,0x00,0x00,0xf8,0x01,0x00,0x00,0x00,0x00,0x00,0x00,0x00,0x00,0x00,0x00,0x00,0x00,0x00,0x00,0x00,
    0x00,0x00,0x00,0x00,0x00,0x00,0x00,0x00,0x00,0x00,0x00,0x00,0x00,0x00,0x00,0x00,0x00,0x00,0x00,0x00,0x00,0x00,0xf8,0x01,
    0x00,0xf8,0x01,0x64,0xd9,0x17,0x65,0xe9,0xe5,0x65,0xe9,0xfe,0x64,0xe1,0xfd,0x64,0xe1,0xff,0x64,0xe1,0xff,0x64,0xe1,0xff,
    0x64,0xe1,0xff,0x64,0xe1,0xff,0x64,0xe1,0xff,0x64,0xe1,0xff,0x64,0xe1,0xff,0x64,0xe1,0xff,0x64,0xe1,0xff,0x64,0xe1,0xff,
    0x64,0xe1,0xff,0x64,0xe1,0xff,0x64,0xe1,0xfe,0x64,0xe1,0xfb,0x64,0xe1,0xfc,0x64,0xe1,0xfd,0x64,0xe1,0xff,0x85,0xf1,0xff,
    0x85,0xf1,0xff,0x85,0xf9,0xff,0x65,0xe9,0xff,0x85,0xe9,0xdd,0x64,0xe1,0xae,0x85,0xf1,0x71,0x65,0xe1,0x33,0xa6,0xf9,0x0e,
    0xe0,0xfb,0x02,0x00,0x00,0x00,0x00,0x00,0x00,0x00,0x00,0x00,0x00,0x00,0x00,0xe7,0xf9,0x04,0xe7,0xb9,0x04,0xa0,0xfa,0x03,
    0x00,0xf8,0x02,0x00,0x00,0x00,0x00,0x00,0x00,0x00,0x00,0x00,0x00,0x00,0x00,0x00,0x00,0x00,0x00,0x00,0x00,0x00,0x00,0x00,
    0x00,0x00,0x00,0x00,0x00,0x00,0x00,0x00,0x00,0x00,0x00,0x00,0x00,0x00,0x00,0x00,0x00,0x00,0x00,0x00,0x00,0x00,0x00,0x00,
    0x00,0x00,0x00,0x00,0x00,0x00,0x00,0x00,0x00,0x00,0x00,0x00,0x00,0x00,0x00,0x00,0x00,0x00,0x00,0x00,0x00,0x00,0x00,0x00,
    0x00,0x00,0x00,0x00,0x00,0x00,0x00,0x00,0x00,0x00,0x00,0x00,0x00,0x00,0x00,0x00,0x00,0x00,0x00,0x00,0x00,0x00,0x00,0x00,
    0x00,0x00,0x00,0x00,0x00,0x00,0x00,0x00,0x00,0x00,0x00,0x00,0x00,0x00,0x00,0x00,0x00,0x00,0x00,0x00,0x00,0x00,0x00,0x00,
    0x00,0x00,0x00,0x00,0x00,0x00,0x00,0x00,0x00,0x00,0x00,0x00,0x00,0x00,0x00,0x00,0x00,0x00,0x00,0x00,0x00,0x00,0x00,0x00,
    0x00,0x00,0x00,0x00,0x00,0x00,0x00,0x00,0x00,0x00,0x00,0x00,0x00,0x00,0x00,0x00,0x00,0x00,0x00,0x00,0x00,0x00,0x00,0x00,
    0x00,0x00,0x00,0x00,0x00,0x00,0x00,0x00,0x00,0x00,0x00,0x00,0xe7,0xb9,0x04,0x00,0xf8,0x01,0x64,0xe1,0xbc,0x85,0xf1,0xff,
    0x64,0xe1,0xfc,0x64,0xe1,0xff,0x64,0xe1,0xff,0x64,0xe1,0xff,0x64,0xe1,0xff,0x64,0xe1,0xff,0x64,0xe1,0xff,0x64,0xe1,0xff,
    0x64,0xe1,0xff,0x64,0xe1,0xff,0x64,0xe1,0xff,0x64,0xe1,0xfe,0x64,0xe1,0xfc,0x65,0xe9,0xf7,0x65,0xe1,0x33,0x00,0x00,0x00,
    0x00,0xf8,0x02,0x00,0x00,0x00,0x00,0x00,0x00,0x00,0x00,0x00,0x00,0x00,0x00,0x00,0x00,0x00,0x00,0x00,0x00,0x00,0x00,0x00,
    0x00,0x00,0x00,0x00,0x00,0x00,0x00,0x00,0x00,0x00,0x00,0x00,0x00,0x00,0x00,0x00,0x00,0x00,0x00,0x00,0x00,0x00,0x00,0x00,
    0x00,0x00,0x00,0x00,0x00,0x00,0x00,0x00,0x00,0x00,0x00,0x00,0x00,0x00,0x00,0x00,0x00,0x00,0x00,0x00,0x00,0x00,0x00,0x00,
    0x00,0x00,0x00,0x00,0x00,0x00,0x00,0x00,0x00,0x00,0x00,0x00,0x00,0x00,0x00,0x00,0x00,0x00,0x00,0x00,0x00,0x00,0x00,0x00,
    0x00,0x00,0x00,0x00,0x00,0x00,0x00,0x00,0x00,0x00,0x00,0x00,0x00,0x00,0x00,0x00,0x00,0x00,0x00,0x00,0x00,0x00,0x00,0x00,
    0x00,0x00,0x00,0x00,0x00,0x00,0x00,0x00,0x00,0x00,0x00,0x00,0x00,0x00,0x00,0x00,0x00,0x00,0x00,0x00,0x00,0x00,0x00,0x00,
    0x00,0x00,0x00,0x00,0x00,0x00,0x00,0x00,0x00,0x00,0x00,0x00,0x00,0x00,0x00,0x00,0x00,0x00,0x00,0x00,0x00,0x00,0x00,0x00,
    0x00,0x00,0x00,0x00,0x00,0x00,0x00,0x00,0x00,0x00,0x00,0x00,0x00,0x00,0x00,0x00,0x00,0x00,0x00,0x00,0x00,0x00,0x00,0x00,
    0x00,0x00,0x00,0x00,0x00,0x00,0x00,0x00,0x00,0x00,0x00,0x00,0x00,0x00,0x00,0x00,0x00,0x00,0x00,0xf8,0x02,0xa0,0xfa,0x03,
    0xe7,0xb9,0x04,0xe7,0xf9,0x04,0x00,0x00,0x00,0x00,0xf8,0x02,0x00,0x00,0x00,0x00,0x00,0x00,0x00,0x00,0x00,0x00,0x00,0x00,
    0x00,0x00,0x00,0x00,0x00,0x00,0x00,0x00,0x00,0x00,0x00,0x00,0x00,0x00,0x00,0x00,0x00,0x00,0x00,0x00,0x00,0x00,0x00,0x00,
    0x00,0x00,0x00,0xa0,0xfa,0x03,0x00,0x00,0x00,0x64,0xe1,0x4e,0x85,0xf1,0xfe,0x64,0xe1,0xfb,0x64,0xe1,0xff,0x64,0xe1,0xff,
    0x64,0xe1,0xff,0x64,0xe1,0xff,0x64,0xe1,0xff,0x64,0xe1,0xff,0x64,0xe1,0xff,0x64,0xe1,0xff,0x64,0xe1,0xff,0x64,0xe1,0xff,
    0x64,0xe1,0xff,0x64,0xe1,0xff,0x64,0xe1,0xff,0x64,0xe1,0xff,0x64,0xe1,0xff,0x64,0xe1,0xff,0x64,0xe1,0xff,0x64,0xe1,0xff,
    0x64,0xe1,0xfe,0x64,0xe1,0xfc,0x64,0xe1,0xfc,0x64,0xe1,0xfb,0x64,0xe1,0xfe,0x65,0xe9,0xff,0x85,0xf1,0xff,0x85,0xf9,0xff,
    0x64,0xe1,0xfb,0x65,0xe9,0xf1,0x64,0xe1,0xc8,0x85,0xf1,0x8e,0x65,0xe1,0x4c,0xa5,0xf9,0x22,0x65,0xe9,0x10,0x00,0x00,0x00,
    0x00,0x00,0x00,0x00,0x00,0x00,0x00,0x00,0x00,0x00,0xf8,0x02,0xa0,0xfa,0x03,0xe7,0xf9,0x04,0x00,0xf8,0x01,0x00,0x00,0x00,
    0x00,0x00,0x00,0x00,0x00,0x00,0x00,0x00,0x00,0x00,0x00,0x00,0x00,0x00,0x00,0x00,0x00,0x00,0x00,0x00,0x00,0x00,0x00,0x00,
    0x00,0x00,0x00,0x00,0x00,0x00,0x00,0x00,0x00,0x00,0x00,0x00,0x00,0x00,0x00,0x00,0x00,0x00,0x00,0x00,0x00,0x00,0x00,0x00,
    0x00,0x00,0x00,0x00,0x00,0x00,0x00,0x00,0x00,0x00,0x00,0x00,0x00,0x00,0x00,0x00,0x00,0x00,0x00,0x00,0x00,0x00,0x00,0x00,
    0x00,0x00,0x00,0x00,0x00,0x00,0x00,0x00,0x00,0x00,0x00,0x00,0x00,0x00,0x00,0x00,0x00,0x00,0x00,0x00,0x00,0x00,0x00,0x00,
    0x00,0x00,0x00,0x00,0x00,0x00,0x00,0x00,0x00,0x00,0x00,0x00,0x00,0x00,0x00,0x00,0x00,0x00,0x00,0x00,0x00,0x00,0x00,0x00,
    0x00,0x00,0x00,0x00,0x00,0x00,0x00,0x00,0x00,0x00,0x00,0x00,0x00,0x00,0x00,0x00,0x00,0x00,0x00,0x00,0x00,0x00,0x00,0x00,
    0x00,0x00,0x00,0x00,0x00,0x00,0x00,0x00,0x00,0x00,0x00,0x00,0x00,0x00,0x00,0x00,0xf8,0x03,0x00,0x00,0x00,0x84,0xe9,0x3d,
    0x85,0xe9,0xff,0x64,0xe1,0xfc,0x64,0xe1,0xff,0x64,0xe1,0xff,0x64,0xe1,0xff,0x64,0xe1,0xff,0x64,0xe1,0xff,0x64,0xe1,0xff,
    0x64,0xe1,0xff,0x64,0xe1,0xff,0x64,0xe1,0xff,0x64,0xe1,0xff,0x64,0xe1,0xff,0x64,0xe1,0xfb,0x85,0xf9,0xff,0x64,0xe1,0xa4,
    0x00,0x00,0x00,0xe7,0xb9,0x04,0x00,0x00,0x00,0x00,0x00,0x00,0x00,0x00,0x00,0x00,0x00,0x00,0x00,0x00,0x00,0x00,0x00,0x00,
    0x00,0x00,0x00,0x00,0x00,0x00,0x00,0x00,0x00,0x00,0x00,0x00,0x00,0x00,0x00,0x00,0x00,0x00,0x00,0x00,0x00,0x00,0x00,0x00,
    0x00,0x00,0x00,0x00,0x00,0x00,0x00,0x00,0x00,0x00,0x00,0x00,0x00,0x00,0x00,0x00,0xf8,0x01,0x00,0xf8,0x01,0x00,0xf8,0x01,
    0x00,0xf8,0x01,0x00,0xf8,0x01,0x00,0xf8,0x01,0x00,0x00,0x00,0x00,0x00,0x00,0x00,0x00,0x00,0x00,0x00,0x00,0x00,0x00,0x00,
    0x00,0x00,0x00,0x00,0x00,0x00,0x00,0x00,0x00,0x00,0x00,0x00,0x00,0x00,0x00,0x00,0x00,0x00,0x00,0x00,0x00,0x00,0x00,0x00,
    0x00,0x00,0x00,0x00,0x00,0x00,0x00,0x00,0x00,0x00,0x00,0x00,0x00,0x00,0x00,0x00,0x00,0x00,0x00,0x00,0x00,0x00,0x00,0x00,
    0x00,0x00,0x00,0x00,0x00,0x00,0x00,0x00,0x00,0x00,0x00,0x00,0x00,0x00,0x00,0x00,0x00,0x00,0x00,0x00,0x00,0x00,0x00,0x00,
    0x00,0x00,0x00,0x00,0x00,0x00,0x00,0x00,0x00,0x00,0x00,0x00,0x00,0x00,0x00,0x00,0x00,0x00,0x00,0x00,0x00,0x00,0x00,0x00,
    0x00,0x00,0x00,0x00,0x00,0x00,0x00,0x00,0x00,0x00,0x00,0x00,0x00,0x00,0x00,0x00,0x00,0x00,0x00,0x00,0x00,0x00,0x00,0x00,
    0x00,0x00,0x00,0x00,0x00,0x00,0x00,0x00,0x00,0x00,0x00,0x00,0x00,0xf8,0x01,0x00,0x00,0x00,0x00,0x00,0x00,0x00,0x00,0x00,
    0x00,0x00,0x00,0x00,0x00,0x00,0x00,0x00,0x00,0x00,0x00,0x00,0x00,0x00,0x00,0x00,0x00,0x00,0x00,0x00,0x00,0x00,0x00,0x00,
    0x00,0x00,0x00,0x00,0x00,0x00,0x00,0x00,0x00,0xe7,0xb9,0x04,0x00,0x00,0x00,0x64,0xe1,0xb6,0xa5,0xf9,0xff,0x64,0xe1,0xfd,
    0x64,0xe1,0xff,0x64,0xe1,0xfb,0x64,0xe1,0xfc,0x64,0xe1,0xfe,0x64,0xe1,0xfe,0x64,0xe1,0xff,0x64,0xe1,0xff,0x64,0xe1,0xff,
    0x64,0xe1,0xff,0x64,0xe1,0xff,0x64,0xe1,0xff,0x64,0xe1,0xff,0x64,0xe1,0xff,0x64,0xe1,0xff,0x64,0xe1,0xff,0x64,0xe1,0xff,
    0x64,0xe1,0xff,0x64,0xe1,0xff,0x64,0xe1,0xff,0x64,0xe1,0xff,0x64,0xe1,0xff,0x64,0xe1,0xff,0x64,0xe1,0xff,0x64,0xe1,0xfd,
    0x64,0xe1,0xfc,0x64,0xe1,0xfa,0x64,0xe1,0xff,0x64,0xe9,0xff,0x85,0xe9,0xff,0x85,0xf9,0xff,0x65,0xe9,0xff,0x65,0xe9,0xff,
    0x64,0xe1,0xdf,0x65,0xe9,0xab,0x65,0xe1,0x98,0x85,0xf1,0x3a,0x64,0xe1,0x21,0x00,0x00,0x00,0x00,0x00,0x00,0x00,0x00,0x00,
    0x00,0x00,0x00,0x00,0x00,0x00,0x00,0xf8,0x02,0x86,0xc9,0x05,0x00,0xf8,0x02,0x00,0xf8,0x01,0x00,0x00,0x01,0x00,0x00,0x00,
    0x00,0x00,0x00,0x00,0x00,0x00,0x00,0x00,0x00,0x00,0x00,0x00,0x00,0x00,0x00,0x00,0x00,0x00,0x00,0x00,0x00,0x00,0x00,0x00,
    0x00,0x00,0x00,0x00,0x00,0x00,0x00,0x00,0x00,0x00,0x00,0x00,0x00,0x00,0x00,0x00,0x00,0x00,0x00,0x00,0x00,0x00,0x00,0x00,
    0x00,0x00,0x00,0x00,0x00,0x00,0x00,0x00,0x00,0x00,0x00,0x00,0x00,0x00,0x00,0x00,0x00,0x00,0x00,0x00,0x00,0x00,0x00,0x00,
    0x00,0x00,0x00,0x00,0x00,0x00,0x00,0x00,0x00,0x00,0x00,0x00,0x00,0x00,0x00,0x00,0x00,0x00,0x00,0x00,0x00,0x00,0x00,0x00,
    0x00,0x00,0x00,0x00,0x00,0x00,0x00,0x00,0x00,0x00,0x00,0x00,0x00,0x00,0x00,0x00,0x00,0x00,0x00,0x00,0x00,0x00,0x00,0x00,
    0x00,0x00,0x00,0x00,0x00,0x00,0x00,0x00,0x00,0x00,0x00,0x00,0x00,0x00,0x00,0x00,0x00,0x00,0x00,0x00,0x00,0xe7,0xb9,0x04,
    0x00,0xf8,0x01,0x64,0xe1,0xbc,0x85,0xf1,0xff,0x64,0xe1,0xfc,0x64,0xe1,0xff,0x64,0xe1,0xff,0x64,0xe1,0xff,0x64,0xe1,0xff,
    0x64,0xe1,0xff,0x64,0xe1,0xff,0x64,0xe1,0xff,0x64,0xe1,0xff,0x64,0xe1,0xff,0x64,0xe1,0xff,0x64,0xe1,0xfd,0x65,0xe9,0xfc,
    0x64,0xe9,0xe1,0x85,0xe1,0x1f,0xe7,0xb9,0x04,0x00,0xf8,0x02,0x00,0x00,0x00,0x00,0x00,0x00,0x00,0x00,0x00,0x00,0x00,0x00,
    0x00,0x00,0x00,0x00,0x00,0x00,0x00,0x00,0x00,0x00,0x00,0x00,0x00,0x00,0x00,0x00,0x00,0x00,0x00,0x00,0x00,0x00,0x00,0x00,
    0x00,0x00,0x00,0x00,0x00,0x00,0x00,0x00,0x00,0x00,0x00,0x00,0x00,0x00,0x00,0x00,0xf8,0x01,0xe7,0xb9,0x04,0x00,0x00,0x00,
    0x00,0x00,0x00,0x00,0x00,0x00,0x00,0x00,0x00,0x00,0x00,0x00,0x00,0x00,0x00,0xa0,0xfa,0x03,0x86,0xc9,0x05,0x00,0xf8,0x02,
    0x00,0xf8,0x02,0x00,0x00,0x00,0x00,0x00,0x00,0x00,0x00,0x00,0x00,0x00,0x00,0x00,0x00,0x00,0x00,0x00,0x00,0x00,0x00,0x00,
    0x00,0x00,0x00,0x00,0x00,0x00,0x00,0x00,0x00,0x00,0x00,0x00,0x00,0x00,0x00,0x00,0x00,0x00,0x00,0x00,0x00,0x00,0x00,0x00,
    0x00,0x00,0x00,0x00,0x00,0x00,0x00,0x00,0x00,0x00,0x00,0x00,0x00,0x00,0x00,0x00,0x00,0x00,0x00,0x00,0x00,0x00,0x00,0x00,
    0x00,0x00,0x00,0x00,0x00,0x00,0x00,0x00,0x00,0x00,0x00,0x00,0x00,0x00,0x00,0x00,0x00,0x00,0x00,0x00,0x00,0x00,0x00,0x00,
    0x00,0x00,0x00,0x00,0x00,0x00,0x00,0x00,0x00,0x00,0x00,0x00,0x00,0x00,0x00,0x00,0x00,0x00,0x00,0x00,0x00,0x00,0x00,0x00,
    0x00,0x00,0x00,0x00,0x00,0x00,0x00,0x00,0x00,0x00,0x00,0x00,0x00,0x00,0x00,0x00,0x00,0x00,0x00,0x00,0x00,0x00,0x00,0x00,
    0x00,0x00,0x00,0x00,0x00,0x00,0x00,0x00,0x00,0x00,0x00,0x00,0x00,0x00,0x00,0x00,0x00,0x00,0x00,0x00,0x00,0x00,0x00,0x00,
    0x00,0x00,0x00,0x00,0x00,0x00,0x00,0x00,0x00,0x00,0x00,0x00,0x00,0x00,0x00,0xe0,0xfb,0x02,0x00,0x00,0x00,0x64,0xe1,0x42,
    0x65,0xf1,0xab,0x64,0xe1,0xf2,0x65,0xe9,0xff,0x85,0xf1,0xff,0x85,0xf1,0xff,0x64,0xe9,0xff,0x65,0xe9,0xff,0x64,0xe1,0xfa,
    0x64,0xe1,0xfb,0x64,0xe1,0xfd,0x64,0xe1,0xfd,0x64,0xe1,0xff,0x64,0xe1,0xff,0x64,0xe1,0xff,0x64,0xe1,0xff,0x64,0xe1,0xff,
    0x64,0xe1,0xff,0x64,0xe1,0xff,0x64,0xe1,0xff,0x64,0xe1,0xff,0x64,0xe1,0xff,0x64,0xe1,0xff,0x64,0xe1,0xff,0x64,0xe1,0xff,
    0x64,0xe1,0xff,0x64,0xe1,0xff,0x64,0xe1,0xff,0x64,0xe1,0xff,0x64,0xe1,0xfe,0x64,0xe1,0xfe,0x64,0xe1,0xfd,0x64,0xe1,0xfa,
    0x64,0xe1,0xfe,0x64,0xe1,0xff,0x65,0xe9,0xff,0x85,0xf1,0xff,0x85,0xf1,0xff,0x85,0xf1,0xff,0x64,0xe1,0xf0,0x65,0xf1,0xc5,
    0x65,0xe1,0x85,0x85,0xe9,0x54,0xa5,0xf1,0x13,0x00,0x00,0x00,0x00,0x00,0x00,0x00,0x00,0x00,0x00,0x00,0x00,0x00,0x00,0x00,
    0x00,0x00,0x00,0x86,0xc9,0x05,0x00,0xf8,0x02,0x00,0xf8,0x01,0x00,0x00,0x00,0x00,0x00,0x00,0x00,0x00,0x00,0x00,0x00,0x00,
    0x00,0x00,0x00,0x00,0x00,0x00,0x00,0x00,0x00,0x00,0x00,0x00,0x00,0x00,0x00,0x00,0x00,0x00,0x00,0x00,0x00,0x00,0x00,0x00,
    0x00,0x00,0x00,0x00,0x00,0x00,0x00,0x00,0x00,0x00,0x00,0x00,0x00,0x00,0x00,0x00,0x00,0x00,0x00,0x00,0x00,0x00,0x00,0x00,
    0x00,0x00,0x00,0x00,0x00,0x00,0x00,0x00,0x00,0x00,0x00,0x00,0x00,0x00,0x00,0x00,0x00,0x00,0x00,0x00,0x00,0x00,0x00,0x00,
    0x00,0x00,0x00,0x00,0x00,0x00,0x00,0x00,0x00,0x00,0x00,0x00,0x00,0x00,0x00,0x00,0x00,0x00,0x00,0x00,0x00,0x00,0x00,0x00,
    0x00,0x00,0x00,0x00,0x00,0x00,0x00,0x00,0x00,0x00,0x00,0x00,0x00,0x00,0x00,0x00,0x00,0x00,0x00,0x00,0x00,0x00,0x00,0x00,
    0xaa,0xfa,0x03,0x00,0xf8,0x01,0x64,0xe1,0x3d,0x85,0xf1,0xff,0x64,0xe1,0xfc,0x64,0xe1,0xff,0x64,0xe1,0xff,0x64,0xe1,0xff,
    0x64,0xe1,0xff,0x64,0xe1,0xff,0x64,0xe1,0xff,0x64,0xe1,0xff,0x64,0xe1,0xff,0x64,0xe1,0xff,0x64,0xe1,0xff,0x64,0xe1,0xff,
    0x64,0xe1,0xfc,0x85,0xf1,0xff,0x64,0xe1,0x64,0x00,0x00,0x00,0xe7,0xf9,0x04,0x00,0x00,0x00,0x00,0x00,0x00,0x00,0x00,0x00,
    0x00,0x00,0x00,0x00,0x00,0x00,0x00,0x00,0x00,0x00,0x00,0x00,0x00,0x00,0x00,0x00,0x00,0x00,0x00,0x00,0x00,0x00,0x00,0x00,
    0x00,0x00,0x00,0x00,0x00,0x00,0x00,0x00,0x00,0x00,0x00,0x00,0x00,0x00,0x00,0x00,0x00,0x00,0x00,0xf8,0x01,0x00,0x00,0x00,
    0x00,0x00,0x00,0x24,0xd9,0x0e,0x84,0xd9,0x0f,0xa4,0xe9,0x0e,0xa4,0xe9,0x0e,0xa4,0xe9,0x0e,0x84,0xe9,0x0f,0x00,0x00,0x00,
    0x00,0x00,0x00,0x00,0x00,0x00,0x00,0x00,0x00,0x00,0xf8,0x01,0xe7,0xf9,0x04,0xa0,0xaa,0x03,0xa0,0xfa,0x03,0x00,0xf8,0x01,
    0x00,0x00,0x00,0x00,0x00,0x00,0x00,0x00,0x00,0x00,0x00,0x00,0x00,0x00,0x00,0x00,0x00,0x00,0x00,0x00,0x00,0x00,0x00,0x00,
    0x00,0x00,0x00,0x00,0x00,0x00,0x00,0x00,0x00,0x00,0x00,0x00,0x00,0x00,0x00,0x00,0x00,0x00,0x00,0x00,0x00,0x00,0x00,0x00,
    0x00,0x00,0x00,0x00,0x00,0x00,0x00,0x00,0x00,0x00,0x00,0x00,0x00,0x00,0x00,0x00,0x00,0x00,0x00,0x00,0x00,0x00,0x00,0x00,
    0x00,0x00,0x00,0x00,0x00,0x00,0x00,0x00,0x00,0x00,0x00,0x00,0x00,0x00,0x00,0x00,0x00,0x00,0x00,0x00,0x00,0x00,0x00,0x00,
    0x00,0x00,0x00,0x00,0x00,0x00,0x00,0x00,0x00,0x00,0x00,0x00,0x00,0x00,0x00,0x00,0x00,0x00,0x00,0x00,0x00,0x00,0x00,0x00,
    0x00,0x00,0x00,0x00,0x00,0x00,0x00,0x00,0x00,0x00,0x00,0x00,0x00,0x00,0x00,0x00,0x00,0x00,0x00,0x00,0x00,0x00,0x00,0x00,
    0x00,0x00,0x00,0x00,0x00,0x00,0x00,0x00,0x00,0x00,0x00,0x00,0x00,0x00,0x00,0x00,0x00,0x00,0x00,0x00,0x00,0x00,0x00,0x00,
    0x00,0x00,0x00,0x00,0x00,0x00,0x00,0x00,0x00,0x64,0xe1,0x1c,0x65,0xe9,0x32,0x64,0xe1,0x8e,0x64,0xe1,0xae,0x65,0xe9,0xf1,
    0x64,0xe1,0xf3,0x85,0xf9,0xff,0x85,0xf1,0xff,0x65,0xe9,0xff,0x65,0xe9,0xff,0x64,0xe1,0xfb,0x64,0xe1,0xfb,0x64,0xe1,0xfc,
    0x64,0xe1,0xfe,0x64,0xe1,0xff,0x64,0xe1,0xff,0x64,0xe1,0xff,0x64,0xe1,0xff,0x64,0xe1,0xff,0x64,0xe1,0xff,0x64,0xe1,0xff,
    0x64,0xe1,0xff,0x64,0xe1,0xff,0x64,0xe1,0xff,0x64,0xe1,0xff,0x64,0xe1,0xff,0x64,0xe1,0xff,0x64,0xe1,0xff,0x64,0xe1,0xff,
    0x64,0xe1,0xff,0x64,0xe1,0xff,0x64,0xe1,0xff,0x64,0xe1,0xff,0x64,0xe1,0xfd,0x64,0xe1,0xfb,0x64,0xe1,0xfc,0x64,0xe1,0xfd,
    0x65,0xe9,0xff,0x85,0xf1,0xff,0x85,0xf1,0xff,0x85,0xf9,0xff,0x64,0xe1,0xe6,0x85,0xe9,0xdd,0x64,0xe1,0xa0,0x65,0xe9,0x71,
    0x64,0xe1,0x27,0xa6,0xf9,0x0e,0x00,0x00,0x00,0x00,0x00,0x00,0x00,0x00,0x00,0x00,0x00,0x00,0xe7,0xf9,0x04,0xe7,0xb9,0x04,
    0xa0,0xfa,0x03,0x00,0xa8,0x03,0x00,0x00,0x00,0x00,0x00,0x00,0x00,0x00,0x00,0x00,0x00,0x00,0x00,0x00,0x00,0x00,0x00,0x00,
    0x00,0x00,0x00,0x00,0x00,0x00,0x00,0x00,0x00,0x00,0x00,0x00,0x00,0x00,0x00,0x00,0x00,0x00,0x00,0x00,0x00,0x00,0x00,0x00,
    0x00,0x00,0x00,0x00,0x00,0x00,0x00,0x00,0x00,0x00,0x00,0x00,0x00,0x00,0x00,0x00,0x00,0x00,0x00,0x00,0x00,0x00,0x00,0x00,
    0x00,0x00,0x00,0x00,0x00,0x00,0x00,0x00,0x00,0x00,0x00,0x00,0x00,0x00,0x00,0x00,0x00,0x00,0x00,0x00,0x00,0x00,0x00,0x00,
    0x00,0x00,0x00,0x00,0x00,0x00,0x00,0x00,0x00,0x00,0x00,0x00,0x00,0x00,0x00,0x00,0x00,0x00,0x00,0x00,0x00,0x00,0x00,0x00,
    0x00,0x00,0x00,0x00,0x00,0x00,0xe7,0xb9,0x04,0x00,0x00,0x00,0x64,0xe1,0xbe,0x85,0xf1,0xfe,0x64,0xe1,0xfb,0x64,0xe1,0xff,
    0x64,0xe1,0xff,0x64,0xe1,0xff,0x64,0xe1,0xff,0x64,0xe1,0xff,0x64,0xe1,0xff,0x64,0xe1,0xff,0x64,0xe1,0xff,0x64,0xe1,0xff,
    0x64,0xe1,0xff,0x64,0xe1,0xfd,0x85,0xe9,0xfe,0x64,0xe1,0xdc,0x65,0xe1,0x0b,0xe7,0xb9,0x04,0x00,0xf8,0x01,0x00,0x00,0x00,
    0x00,0x00,0x00,0x00,0x00,0x00,0x00,0x00,0x00,0x00,0x00,0x00,0x00,0x00,0x00,0x00,0x00,0x00,0x00,0x00,0x00,0x00,0x00,0x00,
    0x00,0x00,0x00,0x00,0x00,0x00,0x00,0x00,0x00,0x00,0x00,0x00,0x00,0x00,0x00,0x00,0x00,0x00,0x00,0x00,0x00,0x00,0xf8,0x01,
    0x00,0x00,0x00,0x24,0xd9,0x07,0x85,0xe9,0x8f,0x64,0xe1,0xee,0x64,0xe1,0xf0,0x64,0xe1,0xf0,0x64,0xe1,0xf1,0x64,0xe1,0xf0,
    0x64,0xe9,0xf0,0x64,0xe9,0xa2,0x64,0xe1,0x87,0x64,0xd9,0x28,0xa5,0xf1,0x22,0x00,0x00,0x00,0x00,0x00,0x00,0x00,0x00,0x00,
    0x00,0x00,0x00,0x00,0x00,0x00,0x00,0xf8,0x02,0x00,0xf8,0x03,0xe7,0xf9,0x04,0x00,0xa8,0x03,0x00,0x00,0x00,0x00,0x00,0x00,
    0x00,0x00,0x00,0x00,0x00,0x00,0x00,0x00,0x00,0x00,0x00,0x00,0x00,0x00,0x00,0x00,0x00,0x00,0x00,0x00,0x00,0x00,0x00,0x00,
    0x00,0x00,0x00,0x00,0x00,0x00,0x00,0x00,0x00,0x00,0x00,0x00,0x00,0x00,0x00,0x00,0x00,0x00,0x00,0x00,0x00,0x00,0x00,0x00,
    0x00,0x00,0x00,0x00,0x00,0x00,0x00,0x00,0x00,0x00,0x00,0x00,0x00,0x00,0x00,0x00,0x00,0x00,0x00,0x00,0x00,0x00,0x00,0x00,
    0x00,0x00,0x00,0x00,0x00,0x00,0x00,0x00,0x00,0x00,0x00,0x00,0x00,0x00,0x00,0x00,0x00,0x00,0x00,0x00,0x00,0x00,0x00,0x00,
    0x00,0x00,0x00,0x00,0x00,0x00,0x00,0x00,0x00,0x00,0x00,0x00,0x00,0x00,0x00,0x00,0x00,0x00,0x00,0x00,0x00,0x00,0x00,0x00,
    0x00,0x00,0x00,0x00,0x00,0x00,0x00,0x00,0x00,0x00,0x00,0x00,0x00,0x00,0x00,0x00,0x00,0x00,0x00,0x00,0x00,0x00,0x00,0x00,
    0x00,0x00,0x00,0x00,0x00,0x00,0x00,0x00,0x00,0x00,0xf8,0x02,0xe7,0xf9,0x04,0x00,0x00,0x00,0x00,0x00,0x00,0x00,0x00,0x00,
    0x00,0x00,0x00,0xa6,0xf9,0x0e,0x84,0xe9,0x1a,0x64,0xe1,0x70,0x64,0xe1,0x91,0x65,0xe9,0xdd,0x64,0xe1,0xe0,0x85,0xf1,0xff,
    0x85,0xf1,0xff,0x85,0xf1,0xff,0x65,0xe9,0xff,0x64,0xe1,0xfd,0x64,0xe1,0xfd,0x64,0xe1,0xfb,0x64,0xe1,0xfb,0x64,0xe1,0xfe,
    0x64,0xe1,0xff,0x64,0xe1,0xff,0x64,0xe1,0xff,0x64,0xe1,0xff,0x64,0xe1,0xff,0x64,0xe1,0xff,0x64,0xe1,0xff,0x64,0xe1,0xff,
    0x64,0xe1,0xff,0x64,0xe1,0xff,0x64,0xe1,0xff,0x64,0xe1,0xff,0x64,0xe1,0xff,0x64,0xe1,0xff,0x64,0xe1,0xff,0x64,0xe1,0xff,
    0x64,0xe1,0xff,0x64,0xe1,0xff,0x64,0xe1,0xfe,0x64,0xe1,0xfc,0x64,0xe1,0xfc,0x64,0xe1,0xfb,0x65,0xe9,0xff,0x65,0xe9,0xff,
    0x85,0xf1,0xff,0x85,0xf9,0xff,0x64,0xe1,0xf7,0x65,0xe9,0xf1,0x64,0xe1,0xbb,0x64,0xe9,0x8d,0x64,0xf1,0x40,0x24,0xe9,0x0d,
    0x00,0x00,0x00,0x00,0x00,0x00,0x00,0x00,0x00,0x00,0x00,0x00,0x00,0xf8,0x01,0x00,0xa8,0x03,0xe7,0xb9,0x04,0xe7,0xb9,0x04,
    0x00,0xf8,0x01,0x00,0x00,0x00,0x00,0x00,0x00,0x00,0x00,0x00,0x00,0x00,0x00,0x00,0x00,0x00,0x00,0x00,0x00,0x00,0x00,0x00,
    0x00,0x00,0x00,0x00,0x00,0x00,0x00,0x00,0x00,0x00,0x00,0x00,0x00,0x00,0x00,0x00,0x00,0x00,0x00,0x00,0x00,0x00,0x00,0x00,
    0x00,0x00,0x00,0x00,0x00,0x00,0x00,0x00,0x00,0x00,0x00,0x00,0x00,0x00,0x00,0x00,0x00,0x00,0x00,0x00,0x00,0x00,0x00,0x00,
    0x00,0x00,0x00,0x00,0x00,0x00,0x00,0x00,0x00,0x00,0x00,0x00,0x00,0x00,0x00,0x00,0x00,0x00,0x00,0x00,0x00,0x00,0x00,0x00,
    0x00,0x00,0x00,0x00,0x00,0x00,0x00,0x00,0x00,0xaa,0xfa,0x03,0x00,0x00,0x00,0x44,0xe1,0x3b,0x85,0xf1,0xfd,0x64,0xe1,0xfc,
    0x64,0xe1,0xff,0x64,0xe1,0xff,0x64,0xe1,0xff,0x64,0xe1,0xff,0x64,0xe1,0xff,0x64,0xe1,0xff,0x64,0xe1,0xff,0x64,0xe1,0xff,
    0x64,0xe1,0xff,0x64,0xe1,0xff,0x64,0xe1,0xff,0x64,0xe1,0xfc,0x85,0xf1,0xff,0x64,0xe1,0x64,0x00,0x00,0x00,0xe0,0xb9,0x04,
    0x00,0x00,0x00,0x00,0x00,0x00,0x00,0x00,0x00,0x00,0x00,0x00,0x00,0x00,0x00,0x00,0x00,0x00,0x00,0x00,0x00,0x00,0x00,0x00,
    0x00,0x00,0x00,0x00,0x00,0x00,0x00,0x00,0x00,0x00,0x00,0x00,0x00,0x00,0x00,0x00,0x00,0x00,0x00,0x00,0x00,0x00,0x00,0x00,
    0x00,0xf8,0x01,0xe7,0xf9,0x04,0x45,0xe9,0x0c,0x64,0xe9,0xbb,0x85,0xf9,0xff,0x64,0xe9,0xff,0x65,0xe9,0xff,0x65,0xe9,0xff,
    0x65,0xe9,0xff,0x65,0xe9,0xff,0x65,0xe9,0xff,0x85,0xf1,0xff,0x85,0xf1,0xff,0x64,0xe1,0xff,0x65,0xe9,0xff,0x64,0xe9,0xbd,
    0x64,0xe1,0xa4,0x64,0xe1,0x40,0x84,0xf1,0x3a,0x86,0xf9,0x05,0x00,0x00,0x00,0x00,0x00,0x00,0x00,0x00,0x00,0x00,0x00,0x00,
    0x00,0x00,0x00,0x00,0xf8,0x02,0x86,0xc9,0x05,0xaa,0xfa,0x03,0x00,0xf8,0x01,0x00,0xf8,0x01,0x00,0x00,0x00,0x00,0x00,0x00,
    0x00,0x00,0x00,0x00,0x00,0x00,0x00,0x00,0x00,0x00,0x00,0x00,0x00,0x00,0x00,0x00,0x00,0x00,0x00,0x00,0x00,0x00,0x00,0x00,
    0x00,0x00,0x00,0x00,0x00,0x00,0x00,0x00,0x00,0x00,0x00,0x00,0x00,0x00,0x00,0x00,0x00,0x00,0x00,0x00,0x00,0x00,0x00,0x00,
    0x00,0x00,0x00,0x00,0x00,0x00,0x00,0x00,0x00,0x00,0x00,0x00,0x00,0x00,0x00,0x00,0x00,0x00,0x00,0x00,0x00,0x00,0x00,0x00,
    0x00,0x00,0x00,0x00,0x00,0x00,0x00,0x00,0x00,0x00,0x00,0x00,0x00,0x00,0x00,0x00,0x00,0x00,0x00,0x00,0x00,0x00,0x00,0x00,
    0x00,0x00,0x00,0x00,0x00,0x00,0x00,0x00,0x00,0x00,0x00,0x00,0x00,0x00,0x00,0x00,0x00,0x00,0x00,0x00,0x00,0x00,0x00,0x00,
    0x00,0x00,0x00,0x00,0x00,0x00,0x00,0x00,0x00,0x00,0x00,0x00,0x00,0x00,0x00,0x00,0x00,0x00,0x00,0x00,0x00,0x00,0x78,0x02,
    0x00,0xf8,0x02,0x86,0xc9,0x05,0x00,0xf8,0x02,0x00,0x00,0x00,0x00,0x00,0x00,0x00,0x00,0x00,0x00,0x00,0x00,0x00,0x00,0x00,
    0xc7,0xe1,0x09,0x64,0xe1,0x53,0x64,0xe1,0x75,0x65,0xe9,0xc5,0x64,0xe1,0xe6,0x85,0xf1,0xff,0x85,0xf1,0xff,0x85,0xf1,0xff,
    0x85,0xf1,0xff,0x64,0xe1,0xff,0x64,0xe1,0xfe,0x64,0xe1,0xfb,0x64,0xe1,0xfb,0x64,0xe1,0xfe,0x64,0xe1,0xfe,0x64,0xe1,0xff,
    0x64,0xe1,0xff,0x64,0xe1,0xff,0x64,0xe1,0xff,0x64,0xe1,0xff,0x64,0xe1,0xff,0x64,0xe1,0xff,0x64,0xe1,0xff,0x64,0xe1,0xff,
    0x64,0xe1,0xff,0x64,0xe1,0xff,0x64,0xe1,0xff,0x64,0xe1,0xff,0x64,0xe1,0xff,0x64,0xe1,0xff,0x64,0xe1,0xff,0x64,0xe1,0xff,
    0x64,0xe1,0xfd,0x64,0xe1,0xfd,0x64,0xe1,0xfc,0x64,0xe1,0xfa,0x64,0xe9,0xff,0x64,0xe9,0xff,0x85,0xf1,0xff,0x85,0xf1,0xff,
    0x85,0xf1,0xff,0x64,0xe1,0xdd,0x65,0xe9,0xab,0x64,0xe1,0x98,0x44,0xe9,0x3a,0x65,0xe1,0x39,0x00,0x00,0x00,0x00,0x00,0x00,
    0x00,0x00,0x00,0x00,0x00,0x00,0x00,0x00,0x00,0x00,0xf8,0x02,0xe7,0xf9,0x04,0x00,0xf8,0x02,0x00,0xf8,0x01,0x00,0x00,0x00,
    0x00,0x00,0x00,0x00,0x00,0x00,0x00,0x00,0x00,0x00,0x00,0x00,0x00,0x00,0x00,0x00,0x00,0x00,0x00,0x00,0x00,0x00,0x00,0x00,
    0x00,0x00,0x00,0x00,0x00,0x00,0x00,0x00,0x00,0x00,0x00,0x00,0x00,0x00,0x00,0x00,0x00,0x00,0x00,0x00,0x00,0x00,0x00,0x00,
    0x00,0x00,0x00,0x00,0x00,0x00,0x00,0x00,0x00,0x00,0x00,0x00,0x00,0x00,0x00,0x00,0x00,0x00,0x00,0x00,0x00,0x00,0x00,0x00,
    0x00,0x00,0x00,0x00,0x00,0x00,0x00,0x00,0x00,0x00,0x00,0x00,0x00,0xf8,0x01,0x00,0xf8,0x02,0x64,0xe1,0x16,0x64,0xe9,0xcd,
    0x85,0xe9,0xfe,0x64,0xe1,0xfd,0x64,0xe1,0xff,0x64,0xe1,0xff,0x64,0xe1,0xff,0x64,0xe1,0xff,0x64,0xe1,0xff,0x64,0xe1,0xff,
    0x64,0xe1,0xff,0x64,0xe1,0xff,0x64,0xe1,0xff,0x64,0xe1,0xff,0x64,0xe1,0xfd,0x65,0xe9,0xfe,0x64,0xe9,0xd9,0xe3,0xf9,0x08,
    0x00,0xf8,0x02,0x00,0xf8,0x01,0x00,0x00,0x00,0x00,0x00,0x00,0x00,0x00,0x00,0x00,0x00,0x00,0x00,0x00,0x00,0x00,0x00,0x00,
    0x00,0x00,0x00,0x00,0x00,0x00,0x00,0x00,0x00,0x00,0x00,0x00,0x00,0x00,0x00,0x00,0x00,0x00,0x00,0x00,0x00,0x00,0x00,0x00,
    0x00,0x00,0x00,0x00,0x00,0x00,0xa0,0xfa,0x03,0x00,0x00,0x00,0x64,0xe1,0xa7,0x85,0xf9,0xff,0x64,0xe1,0xf8,0x64,0xe1,0xfe,
    0x64,0xe1,0xfe,0x64,0xe1,0xfe,0x64,0xe1,0xfe,0x64,0xe1,0xfe,0x64,0xe1,0xfe,0x64,0xe1,0xfb,0x64,0xe1,0xfb,0x64,0xe1,0xff,
    0x64,0xe1,0xff,0x85,0xf1,0xff,0x85,0xf1,0xff,0x85,0xf1,0xff,0x85,0xf1,0xff,0x64,0xe1,0xd3,0x65,0xf1,0xc5,0x64,0xe1,0x89,
    0x85,0xf1,0x54,0x64,0xe1,0x3d,0x00,0x00,0x00,0x00,0x00,0x00,0x00,0x00,0x00,0x00,0x00,0x00,0x00,0x00,0x00,0x00,0x00,0x00,
    0xe7,0xf9,0x04,0xe7,0xf9,0x04,0x00,0xf8,0x02,0x00,0xf8,0x02,0x00,0x00,0x00,0x00,0x00,0x00,0x00,0x00,0x00,0x00,0x00,0x00,
    0x00,0x00,0x00,0x00,0x00,0x00,0x00,0x00,0x00,0x00,0x00,0x00,0x00,0x00,0x00,0x00,0x00,0x00,0x00,0x00,0x00,0x00,0x00,0x00,
    0x00,0x00,0x00,0x00,0x00,0x00,0x00,0x00,0x00,0x00,0x00,0x00,0x00,0x00,0x00,0x00,0x00,0x00,0x00,0x00,0x00,0x00,0x00,0x00,
    0x00,0x00,0x00,0x00,0x00,0x00,0x00,0x00,0x00,0x00,0x00,0x00,0x00,0x00,0x00,0x00,0x00,0x00,0x00,0x00,0x00,0x00,0x00,0x00,
    0x00,0x00,0x00,0x00,0x00,0x00,0x00,0x00,0x00,0x00,0x00,0x00,0x00,0x00,0x00,0x00,0x00,0x00,0x00,0x00,0x00,0x00,0x00,0x00,
    0x00,0x00,0x00,0x00,0x00,0x00,0x00,0x00,0x00,0x00,0x00,0x00,0x00,0x00,0x00,0x00,0x00,0x00,0x00,0x00,0x00,0x00,0x00,0x00,
    0x00,0x00,0x00,0x00,0x00,0x00,0x00,0x00,0x00,0x00,0x00,0x00,0x00,0x00,0x00,0x00,0xf8,0x01,0x00,0xf8,0x01,0xe7,0xf9,0x04,
    0xa0,0xfa,0x03,0x00,0x00,0x00,0x00,0x00,0x00,0x00,0x00,0x00,0x00,0x00,0x00,0x00,0x00,0x00,0x43,0xd9,0x18,0x85,0xf9,0x3a,
    0x64,0xe1,0x55,0x65,0xe9,0xab,0x64,0xe1,0xb0,0x64,0xe1,0xfc,0x65,0xe9,0xff,0x85,0xf9,0xff,0x85,0xf1,0xff,0x65,0xe9,0xff,
    0x64,0xe9,0xff,0x64,0xe1,0xfa,0x64,0xe1,0xfc,0x64,0xe1,0xfd,0x64,0xe1,0xfd,0x64,0xe1,0xff,0x64,0xe1,0xff,0x64,0xe1,0xff,
    0x64,0xe1,0xff,0x64,0xe1,0xff,0x64,0xe1,0xff,0x64,0xe1,0xff,0x64,0xe1,0xff,0x64,0xe1,0xff,0x64,0xe1,0xff,0x64,0xe1,0xff,
    0x64,0xe1,0xff,0x64,0xe1,0xff,0x64,0xe1,0xff,0x64,0xe1,0xff,0x64,0xe1,0xff,0x64,0xe1,0xff,0x64,0xe1,0xfe,0x64,0xe1,0xfe,
    0x64,0xe1,0xfc,0x64,0xe1,0xfb,0x64,0xe1,0xfe,0x65,0xe9,0xff,0x85,0xf1,0xff,0x85,0xf1,0xff,0x85,0xf1,0xff,0x85,0xe9,0xff,
    0x65,0xe9,0xcc,0x64,0xe1,0xb3,0x64,0xe1,0x55,0x64,0xe1,0x54,0xc3,0xf9,0x09,0x00,0x00,0x00,0x00,0x00,0x00,0x00,0x00,0x00,
    0x00,0x00,0x00,0xe7,0xf9,0x04,0x00,0xf8,0x02,0x00,0x00,0x00,0x00,0x00,0x00,0x00,0x00,0x00,0x00,0x00,0x00,0x00,0x00,0x00,
    0x00,0x00,0x00,0x00,0x00,0x00,0x00,0x00,0x00,0x00,0x00,0x00,0x00,0x00,0x00,0x00,0x00,0x00,0x00,0x00,0x00,0x00,0x00,0x00,
    0x00,0x00,0x00,0x00,0x00,0x00,0x00,0x00,0x00,0x00,0x00,0x00,0x00,0x00,0x00,0x00,0x00,0x00,0x00,0x00,0x00,0x00,0x00,0x00,
    0x00,0x00,0x00,0x00,0x00,0x00,0x00,0x00,0x00,0x00,0x00,0x00,0x00,0x00,0x00,0x00,0x00,0x00,0xaa,0xfa,0x03,0x00,0x00,0x00,
    0x84,0xe1,0x4f,0x85,0xf9,0xff,0x64,0xe1,0xfb,0x64,0xe1,0xff,0x64,0xe1,0xff,0x64,0xe1,0xff,0x64,0xe1,0xff,0x64,0xe1,0xff,
    0x64,0xe1,0xff,0x64,0xe1,0xff,0x64,0xe1,0xff,0x64,0xe1,0xff,0x64,0xe1,0xff,0x64,0xe1,0xff,0x64,0xe1,0xfb,0x85,0xf1,0xff,
    0x44,0xe1,0x63,0x00,0x00,0x00,0xe7,0xf9,0x04,0x00,0x00,0x00,0x00,0x00,0x00,0x00,0x00,0x00,0x00,0x00,0x00,0x00,0x00,0x00,
    0x00,0x00,0x00,0x00,0x00,0x00,0x00,0x00,0x00,0x00,0x00,0x00,0x00,0x00,0x00,0x00,0x00,0x00,0x00,0x00,0x00,0x00,0x00,0x00,
    0x00,0x00,0x00,0x00,0x00,0x00,0x00,0x00,0x00,0x00,0xf8,0x03,0x00,0xf8,0x01,0x64,0xe9,0x5b,0x85,0xf1,0xfb,0x64,0xe1,0xfa,
    0x64,0xe1,0xff,0x64,0xe1,0xff,0x64,0xe1,0xff,0x64,0xe1,0xff,0x64,0xe1,0xff,0x64,0xe1,0xff,0x64,0xe1,0xff,0x64,0xe1,0xff,
    0x64,0xe1,0xff,0x64,0xe1,0xff,0x64,0xe1,0xff,0x64,0xe1,0xfc,0x64,0xe1,0xfb,0x64,0xe1,0xfd,0x64,0xe1,0xfd,0x85,0xe9,0xff,
    0x85,0xf1,0xff,0x85,0xf1,0xff,0x85,0xf9,0xff,0x64,0xe1,0xff,0x85,0xe9,0xdd,0x64,0xe1,0xa5,0x85,0xf1,0x71,0x64,0xe1,0x58,
    0xa4,0xf9,0x0e,0x24,0xe9,0x0d,0x00,0x00,0x00,0x00,0x00,0x00,0x00,0x00,0x00,0x00,0x00,0x00,0xaa,0xfa,0x03,0xe7,0xb9,0x04,
    0xa0,0xfa,0x03,0x00,0xa8,0x03,0x00,0x00,0x00,0x00,0x00,0x00,0x00,0x00,0x00,0x00,0x00,0x00,0x00,0x00,0x00,0x00,0x00,0x00,
    0x00,0x00,0x00,0x00,0x00,0x00,0x00,0x00,0x00,0x00,0x00,0x00,0x00,0x00,0x00,0x00,0x00,0x00,0x00,0x00,0x00,0x00,0x00,0x00,
    0x00,0x00,0x00,0x00,0x00,0x00,0x00,0x00,0x00,0x00,0x00,0x00,0x00,0x00,0x00,0x00,0x00,0x00,0x00,0x00,0x00,0x00,0x00,0x00,
    0x00,0x00,0x00,0x00,0x00,0x00,0x00,0x00,0x00,0x00,0x00,0x00,0x00,0x00,0x00,0x00,0x00,0x00,0x00,0x00,0x00,0x00,0x00,0x00,
    0x00,0x00,0x00,0x00,0x00,0x00,0x00,0x00,0x00,0x00,0x00,0x00,0x00,0x00,0x00,0x00,0x00,0x00,0x00,0x00,0x00,0x00,0x00,0x00,
    0x00,0x00,0x00,0x00,0x00,0x00,0x00,0x00,0x00,0x00,0x00,0x00,0x00,0x00,0x00,0x00,0x00,0x00,0x00,0x00,0x00,0x00,0x00,0x00,
    0x00,0x00,0x00,0x00,0x00,0x00,0x00,0x00,0x00,0x00,0x00,0x00,0x00,0xf8,0x01,0xe7,0xb9,0x04,0xa0,0xfa,0x03,0x00,0xf8,0x02,
    0x00,0x00,0x00,0x00,0x00,0x00,0x00,0x00,0x00,0x00,0x00,0x00,0x00,0x00,0x00,0x64,0xe1,0x20,0x64,0xe9,0x3c,0x65,0xe9,0x8e,
    0x64,0xe1,0x93,0x64,0xe1,0xeb,0x64,0xe1,0xf8,0x85,0xf9,0xff,0x85,0xf1,0xff,0x65,0xe9,0xff,0x65,0xe9,0xff,0x64,0xe1,0xfb,
    0x64,0xe1,0xfc,0x64,0xe1,0xfc,0x64,0xe1,0xfd,0x64,0xe1,0xff,0x64,0xe1,0xff,0x64,0xe1,0xff,0x64,0xe1,0xff,0x64,0xe1,0xff,
    0x64,0xe1,0xff,0x64,0xe1,0xff,0x64,0xe1,0xff,0x64,0xe1,0xff,0x64,0xe1,0xff,0x64,0xe1,0xff,0x64,0xe1,0xff,0x64,0xe1,0xff,
    0x64,0xe1,0xff,0x64,0xe1,0xff,0x64,0xe1,0xff,0x64,0xe1,0xff,0x64,0xe1,0xff,0x64,0xe1,0xfd,0x64,0xe1,0xfb,0x64,0xe1,0xfc,
    0x64,0xe1,0xfd,0x64,0xe1,0xfd,0x85,0xf1,0xff,0x85,0xf1,0xff,0x85,0xf1,0xff,0x85,0xf1,0xff,0x85,0xe9,0xe3,0x64,0xe1,0x9e,
    0x65,0xe9,0x71,0x65,0xf9,0x26,0x00,0x00,0x00,0x00,0x00,0x00,0x00,0x00,0x00,0x00,0xf8,0x01,0xaa,0xfa,0x03,0x00,0xf8,0x02,
    0x00,0x00,0x00,0x00,0x00,0x00,0x00,0x00,0x00,0x00,0x00,0x00,0x00,0x00,0x00,0x00,0x00,0x00,0x00,0x00,0x00,0x00,0x00,0x00,
    0x00,0x00,0x00,0x00,0x00,0x00,0x00,0x00,0x00,0x00,0x00,0x00,0x00,0x00,0x00,0x00,0x00,0x00,0x00,0x00,0x00,0x00,0x00,0x00,
    0x00,0x00,0x00,0x00,0x00,0x00,0x00,0x00,0x00,0x00,0x00,0x00,0x00,0x00,0x00,0x00,0x00,0x00,0x00,0x00,0x00,0x00,0x00,0x00,
    0xaa,0xfa,0x03,0x24,0xf9,0x07,0x64,0xe1,0xbb,0x85,0xf1,0xfd,0x64,0xe1,0xfc,0x64,0xe1,0xff,0x64,0xe1,0xff,0x64,0xe1,0xff,
    0x64,0xe1,0xff,0x64,0xe1,0xff,0x64,0xe1,0xff,0x64,0xe1,0xff,0x64,0xe1,0xff,0x64,0xe1,0xff,0x64,0xe1,0xff,0x64,0xe1,0xfc,
    0x85,0xe9,0xff,0x64,0xe1,0xda,0x00,0xf8,0x04,0x00,0x78,0x02,0x00,0x00,0x00,0x00,0x00,0x00,0x00,0x00,0x00,0x00,0x00,0x00,
    0x00,0x00,0x00,0x00,0x00,0x00,0x00,0x00,0x00,0x00,0x00,0x00,0x00,0x00,0x00,0x00,0x00,0x00,0x00,0x00,0x00,0x00,0x00,0x00,
    0x00,0x00,0x00,0x00,0x00,0x00,0x00,0x00,0x00,0x00,0x00,0x00,0x00,0x00,0x00,0xe7,0xf9,0x04,0x00,0x00,0x00,0x64,0xe1,0xba,
    0x85,0xf1,0xff,0x64,0xe1,0xfb,0x64,0xe1,0xff,0x64,0xe1,0xff,0x64,0xe1,0xff,0x64,0xe1,0xff,0x64,0xe1,0xff,0x64,0xe1,0xff,
    0x64,0xe1,0xff,0x64,0xe1,0xff,0x64,0xe1,0xff,0x64,0xe1,0xff,0x64,0xe1,0xff,0x64,0xe1,0xff,0x64,0xe1,0xff,0x64,0xe1,0xff,
    0x64,0xe1,0xff,0x64,0xe1,0xfd,0x64,0xe1,0xfc,0x64,0xe1,0xfc,0x64,0xe1,0xfb,0x64,0xe1,0xff,0x65,0xe9,0xff,0x85,0xf1,0xff,
    0x85,0xf9,0xff,0x85,0xe9,0xff,0x64,0xe1,0xf1,0x64,0xe1,0xe8,0x65,0xe9,0x91,0x65,0xe1,0x72,0x64,0xf1,0x22,0x64,0xe1,0x20,
    0x00,0x00,0x00,0x00,0x00,0x00,0x00,0x00,0x00,0x00,0x00,0x00,0x00,0x78,0x02,0x00,0xa8,0x03,0xe7,0xb9,0x04,0xe7,0xb9,0x04,
    0x00,0xf8,0x01,0x00,0x00,0x00,0x00,0x00,0x00,0x00,0x00,0x00,0x00,0x00,0x00,0x00,0x00,0x00,0x00,0x00,0x00,0x00,0x00,0x00,
    0x00,0x00,0x00,0x00,0x00,0x00,0x00,0x00,0x00,0x00,0x00,0x00,0x00,0x00,0x00,0x00,0x00,0x00,0x00,0x00,0x00,0x00,0x00,0x00,
    0x00,0x00,0x00,0x00,0x00,0x00,0x00,0x00,0x00,0x00,0x00,0x00,0x00,0x00,0x00,0x00,0x00,0x00,0x00,0x00,0x00,0x00,0x00,0x00,
    0x00,0x00,0x00,0x00,0x00,0x00,0x00,0x00,0x00,0x00,0x00,0x00,0x00,0x00,0x00,0x00,0x00,0x00,0x00,0x00,0x00,0x00,0x00,0x00,
    0x00,0x00,0x00,0x00,0x00,0x00,0x00,0x00,0x00,0x00,0x00,0x00,0x00,0x00,0x00,0x00,0x00,0x00,0x00,0x00,0x00,0x00,0x00,0x00,
    0x00,0x00,0x00,0x00,0x00,0x00,0x00,0x00,0x00,0x00,0x00,0x00,0x00,0x00,0x00,0x00,0x00,0x00,0x00,0x00,0x00,0x00,0x00,0x00,
    0x00,0x00,0x00,0x00,0x00,0x00,0x00,0xf8,0x01,0xa0,0xfa,0x03,0xa0,0xfa,0x03,0xe7,0xf9,0x04,0xa0,0xfa,0x03,0x00,0x00,0x00,
    0x00,0x00,0x00,0x00,0x00,0x00,0x00,0x00,0x00,0x24,0xd1,0x0d,0x65,0xe9,0x26,0x65,0xe9,0x71,0x64,0xe1,0x9e,0x85,0xe9,0xdd,
    0x64,0xe1,0xe5,0x85,0xf9,0xff,0x85,0xf1,0xff,0x85,0xf1,0xff,0x85,0xe9,0xff,0x64,0xe1,0xfd,0x64,0xe1,0xfc,0x64,0xe1,0xfb,
    0x64,0xe1,0xfd,0x64,0xe1,0xff,0x64,0xe1,0xff,0x64,0xe1,0xff,0x64,0xe1,0xff,0x64,0xe1,0xff,0x64,0xe1,0xff,0x64,0xe1,0xff,
    0x64,0xe1,0xff,0x64,0xe1,0xff,0x64,0xe1,0xff,0x64,0xe1,0xff,0x64,0xe1,0xff,0x64,0xe1,0xff,0x64,0xe1,0xff,0x64,0xe1,0xff,
    0x64,0xe1,0xff,0x64,0xe1,0xff,0x64,0xe1,0xff,0x64,0xe1,0xff,0x64,0xe1,0xfc,0x64,0xe1,0xfc,0x64,0xe1,0xfb,0x64,0xe1,0xfb,
    0x65,0xe9,0xff,0x85,0xf1,0xff,0x85,0xf9,0xff,0x65,0xe9,0xf7,0x65,0xe9,0xc5,0x64,0xe1,0x80,0x85,0xf1,0x24,0x00,0x00,0x00,
    0x00,0x00,0x00,0x00,0x00,0x00,0x00,0xf8,0x02,0x00,0xf8,0x03,0x00,0x00,0x00,0x00,0x00,0x00,0x00,0x00,0x00,0x00,0x00,0x00,
    0x00,0x00,0x00,0x00,0x00,0x00,0x00,0x00,0x00,0x00,0x00,0x00,0x00,0x00,0x00,0x00,0x00,0x00,0x00,0x00,0x00,0x00,0x00,0x00,
    0x00,0x00,0x00,0x00,0x00,0x00,0x00,0x00,0x00,0x00,0x00,0x00,0x00,0x00,0x00,0x00,0x00,0x00,0x00,0x00,0x00,0x00,0x00,0x00,
    0x00,0x00,0x00,0x00,0xf8,0x02,0x00,0x00,0x00,0x44,0xe9,0x29,0x65,0xe9,0xff,0x64,0xe1,0xfe,0x64,0xe1,0xff,0x64,0xe1,0xff,
    0x64,0xe1,0xff,0x64,0xe1,0xff,0x64,0xe1,0xff,0x64,0xe1,0xff,0x64,0xe1,0xff,0x64,0xe1,0xff,0x64,0xe1,0xff,0x64,0xe1,0xff,
    0x64,0xe1,0xff,0x64,0xe1,0xfb,0x85,0xf1,0xfd,0x64,0xe1,0x5f,0x00,0x00,0x00,0xe7,0xb9,0x04,0x00,0x00,0x00,0x00,0x00,0x00,
    0x00,0x00,0x00,0x00,0x00,0x00,0x00,0x00,0x00,0x00,0x00,0x00,0x00,0x00,0x00,0x00,0x00,0x00,0x00,0x00,0x00,0x00,0x00,0x00,
    0x00,0x00,0x00,0x00,0x00,0x00,0x00,0x00,0x00,0x00,0x00,0x00,0x00,0x00,0x00,0x00,0x00,0x00,0xe7,0xf9,0x04,0x00,0x00,0x00,
    0x64,0xe1,0x60,0x85,0xf1,0xfc,0x64,0xe1,0xfb,0x64,0xe1,0xff,0x64,0xe1,0xff,0x64,0xe1,0xff,0x64,0xe1,0xff,0x64,0xe1,0xff,
    0x64,0xe1,0xff,0x64,0xe1,0xff,0x64,0xe1,0xff,0x64,0xe1,0xff,0x64,0xe1,0xff,0x64,0xe1,0xff,0x64,0xe1,0xff,0x64,0xe1,0xff,
    0x64,0xe1,0xff,0x64,0xe1,0xff,0x64,0xe1,0xff,0x64,0xe1,0xff,0x64,0xe1,0xff,0x64,0xe1,0xff,0x64,0xe1,0xff,0x64,0xe1,0xfe,
    0x64,0xe1,0xfd,0x64,0xe1,0xfc,0x64,0xe1,0xfa,0x64,0xe1,0xfd,0x65,0xe9,0xff,0x65,0xe9,0xff,0x85,0xf9,0xff,0x85,0xf1,0xff,
    0x64,0xe9,0xff,0x64,0xe1,0xf9,0x65,0xe9,0xae,0x64,0xe1,0x90,0x84,0xe9,0x3a,0x64,0xe1,0x37,0x00,0x00,0x00,0x00,0x00,0x00,
    0x00,0x00,0x00,0x00,0x00,0x00,0x00,0x00,0x00,0x00,0xf8,0x01,0xe7,0xf9,0x04,0xa0,0xfa,0x03,0x00,0xf8,0x01,0x00,0xf8,0x01,
    0x00,0x00,0x00,0x00,0x00,0x00,0x00,0x00,0x00,0x00,0x00,0x00,0x00,0x00,0x00,0x00,0x00,0x00,0x00,0x00,0x00,0x00,0x00,0x00,
    0x00,0x00,0x00,0x00,0x00,0x00,0x00,0x00,0x00,0x00,0x00,0x00,0x00,0x00,0x00,0x00,0x00,0x00,0x00,0x00,0x00,0x00,0x00,0x00,
    0x00,0x00,0x00,0x00,0x00,0x00,0x00,0x00,0x00,0x00,0x00,0x00,0x00,0x00,0x00,0x00,0x00,0x00,0x00,0x00,0x00,0x00,0x00,0x00,
    0x00,0x00,0x00,0x00,0x00,0x00,0x00,0x00,0x00,0x00,0x00,0x00,0x00,0x00,0x00,0x00,0x00,0x00,0x00,0x00,0x00,0x00,0x00,0x00,
    0x00,0x00,0x00,0x00,0x00,0x00,0x00,0x00,0x00,0x00,0x00,0x00,0x00,0x00,0x00,0x00,0x00,0x00,0x00,0x00,0x00,0x00,0x00,0x00,
    0x00,0x00,0x00,0x00,0x00,0x00,0x00,0x00,0x00,0x00,0x00,0x00,0x00,0x00,0x00,0x00,0x00,0x00,0x00,0x00,0x00,0x00,0x00,0x00,
    0x00,0x00,0x00,0x00,0xf8,0x02,0x00,0xa8,0x03,0x86,0xc9,0x05,0xe7,0xf9,0x04,0x00,0x00,0x00,0x00,0x00,0x00,0x00,0x00,0x00,
    0x00,0x00,0x00,0x00,0x00,0x00,0x45,0xe1,0x12,0x84,0xe9,0x54,0x64,0xe1,0x81,0x65,0xf1,0xc5,0x64,0xe1,0xd0,0x85,0xf1,0xff,
    0x85,0xf1,0xff,0x85,0xf1,0xff,0x65,0xe9,0xff,0x64,0xe1,0xff,0x64,0xe1,0xfc,0x64,0xe1,0xfa,0x64,0xe1,0xfd,0x64,0xe1,0xfe,
    0x64,0xe1,0xff,0x64,0xe1,0xff,0x64,0xe1,0xff,0x64,0xe1,0xff,0x64,0xe1,0xff,0x64,0xe1,0xff,0x64,0xe1,0xff,0x64,0xe1,0xff,
    0x64,0xe1,0xff,0x64,0xe1,0xff,0x64,0xe1,0xff,0x64,0xe1,0xff,0x64,0xe1,0xff,0x64,0xe1,0xff,0x64,0xe1,0xff,0x64,0xe1,0xff,
    0x64,0xe1,0xff,0x64,0xe1,0xff,0x64,0xe1,0xfd,0x64,0xe1,0xfc,0x64,0xe1,0xfb,0x64,0xe1,0xff,0x85,0xf1,0xff,0x85,0xf1,0xff,
    0x64,0xe9,0xfe,0x85,0xf1,0xbe,0x64,0xe9,0x7b,0x65,0xe1,0x33,0x00,0x00,0x00,0x00,0x00,0x00,0xe7,0xb9,0x04,0x00,0xf8,0x01,
    0x00,0x00,0x00,0x00,0x00,0x00,0x00,0x00,0x00,0x00,0x00,0x00,0x00,0x00,0x00,0x00,0x00,0x00,0x00,0x00,0x00,0x00,0x00,0x00,
    0x00,0x00,0x00,0x00,0x00,0x00,0x00,0x00,0x00,0x00,0x00,0x00,0x00,0x00,0x00,0x00,0x00,0x00,0x00,0x00,0x00,0x00,0x00,0x00,
    0x00,0x00,0x00,0x00,0x00,0x00,0x00,0x00,0x00,0xe7,0xf9,0x04,0x00,0xf8,0x02,0x64,0xe1,0x85,0x85,0xf1,0xff,0x64,0xe1,0xfc,
    0x64,0xe1,0xff,0x64,0xe1,0xff,0x64,0xe1,0xff,0x64,0xe1,0xff,0x64,0xe1,0xff,0x64,0xe1,0xff,0x64,0xe1,0xff,0x64,0xe1,0xff,
    0x64,0xe1,0xff,0x64,0xe1,0xff,0x64,0xe1,0xfe,0x64,0xe9,0xff,0x64,0xe1,0xf2,0x24,0xd9,0x0e,0x00,0x00,0x00,0x00,0xf8,0x01,
    0x00,0x00,0x00,0x00,0x00,0x00,0x00,0x00,0x00,0x00,0x00,0x00,0x00,0x00,0x00,0x00,0x00,0x00,0x00,0x00,0x00,0x00,0x00,0x00,
    0x00,0x00,0x00,0x00,0x00,0x00,0x00,0x00,0x00,0x00,0x00,0x00,0x00,0x00,0x00,0x00,0x00,0x00,0x00,0x00,0x00,0x00,0xf8,0x01,
    0x00,0xf8,0x01,0x45,0xf9,0x06,0x64,0xe1,0xdb,0x85,0xe9,0xff,0x64,0xe1,0xfd,0x64,0xe1,0xff,0x64,0xe1,0xff,0x64,0xe1,0xff,
    0x64,0xe1,0xff,0x64,0xe1,0xff,0x64,0xe1,0xff,0x64,0xe1,0xff,0x64,0xe1,0xff,0x64,0xe1,0xff,0x64,0xe1,0xff,0x64,0xe1,0xff,
    0x64,0xe1,0xff,0x64,0xe1,0xff,0x64,0xe1,0xff,0x64,0xe1,0xff,0x64,0xe1,0xff,0x64,0xe1,0xff,0x64,0xe1,0xff,0x64,0xe1,0xff,
    0x64,0xe1,0xff,0x64,0xe1,0xff,0x64,0xe1,0xff,0x64,0xe1,0xff,0x64,0xe1,0xff,0x64,0xe1,0xff,0x64,0xe1,0xfe,0x64,0xe1,0xfe,
    0x64,0xe1,0xfb,0x64,0xe1,0xfc,0x64,0xe1,0xff,0x64,0xe1,0xff,0x85,0xf1,0xff,0x85,0xf1,0xff,0x85,0xf1,0xff,0x65,0xe9,0xff,
    0x65,0xe9,0xc9,0x65,0xe1,0xac,0x84,0xe1,0x55,0x64,0xe1,0x51,0x86,0xf9,0x05,0x00,0x00,0x00,0x00,0x00,0x00,0x00,0x00,0x00,
    0x00,0x00,0x00,0x00,0x00,0x00,0x86,0xc9,0x05,0x86,0xc9,0x05,0x00,0xf8,0x02,0x00,0xf8,0x02,0x00,0xf8,0x01,0x00,0x00,0x00,
    0x00,0x00,0x00,0x00,0x00,0x00,0x00,0x00,0x00,0x00,0x00,0x00,0x00,0x00,0x00,0x00,0x00,0x00,0x00,0x00,0x00,0x00,0x00,0x00,
    0x00,0x00,0x00,0x00,0x00,0x00,0x00,0x00,0x00,0x00,0x00,0x00,0x00,0x00,0x00,0x00,0x00,0x00,0x00,0x00,0x00,0x00,0x00,0x00,
    0x00,0x00,0x00,0x00,0x00,0x00,0x00,0x00,0x00,0x00,0x00,0x00,0x00,0x00,0x00,0x00,0x00,0x00,0x00,0x00,0x00,0x00,0x00,0x00,
    0x00,0x00,0x00,0x00,0x00,0x00,0x00,0x00,0x00,0x00,0x00,0x00,0x00,0x00,0x00,0x00,0x00,0x00,0x00,0x00,0x00,0x00,0x00,0x00,
    0x00,0x00,0x00,0x00,0x00,0x00,0x00,0x00,0x00,0x00,0x00,0x00,0x00,0x00,0x00,0x00,0x00,0x00,0x00,0x00,0x00,0x00,0x00,0x00,
    0x00,0x00,0x00,0x00,0x00,0x00,0x00,0x00,0x00,0x00,0x00,0x00,0x00,0x00,0x00,0x00,0x00,0x00,0x00,0x00,0x00,0x00,0xf8,0x01,
    0x00,0xf8,0x02,0x86,0xc9,0x05,0x00,0xf8,0x02,0x00,0x00,0x00,0x00,0x00,0x00,0x00,0x00,0x00,0x00,0x00,0x00,0x00,0x00,0x00,
    0xaa,0xfa,0x03,0x84,0xe9,0x3a,0x65,0xe1,0x66,0x85,0xf1,0xab,0x64,0xe1,0xdc,0x65,0xe9,0xff,0x85,0xf1,0xff,0x85,0xf9,0xff,
    0x85,0xe9,0xff,0x64,0xe9,0xff,0x64,0xe1,0xfc,0x64,0xe1,0xfa,0x64,0xe1,0xfd,0x64,0xe1,0xfd,0x64,0xe1,0xff,0x64,0xe1,0xff,
    0x64,0xe1,0xff,0x64,0xe1,0xff,0x64,0xe1,0xff,0x64,0xe1,0xff,0x64,0xe1,0xff,0x64,0xe1,0xff,0x64,0xe1,0xff,0x64,0xe1,0xff,
    0x64,0xe1,0xff,0x64,0xe1,0xff,0x64,0xe1,0xff,0x64,0xe1,0xff,0x64,0xe1,0xff,0x64,0xe1,0xff,0x64,0xe1,0xff,0x64,0xe1,0xfe,
    0x64,0xe1,0xfc,0x64,0xe1,0xfb,0x64,0xe1,0xff,0x85,0xf1,0xff,0x85,0xf1,0xff,0x65,0xe9,0xff,0x84,0xe9,0xaf,0x64,0xe9,0x3b,
    0x00,0x00,0x00,0x00,0x00,0x00,0xa0,0xfa,0x03,0x00,0x00,0x00,0x00,0x00,0x00,0x00,0x00,0x00,0x00,0x00,0x00,0x00,0x00,0x00,
    0x00,0x00,0x00,0x00,0x00,0x00,0x00,0x00,0x00,0x00,0x00,0x00,0x00,0x00,0x00,0x00,0x00,0x00,0x00,0x00,0x00,0x00,0x00,0x00,
    0x00,0x00,0x00,0x00,0x00,0x00,0x00,0x00,0x00,0x00,0x00,0x00,0x00,0xf8,0x01,0x00,0xf8,0x01,0xa4,0xe9,0x0e,0x64,0xe1,0xf3,
    0x65,0xe9,0xff,0x64,0xe1,0xfd,0x64,0xe1,0xff,0x64,0xe1,0xff,0x64,0xe1,0xff,0x64,0xe1,0xff,0x64,0xe1,0xff,0x64,0xe1,0xff,
    0x64,0xe1,0xff,0x64,0xe1,0xff,0x64,0xe1,0xff,0x64,0xe1,0xff,0x64,0xe1,0xfb,0x85,0xf1,0xff,0x64,0xe1,0xa9,0xaa,0xfa,0x03,
    0x86,0xc9,0x05,0x00,0x00,0x00,0x00,0x00,0x00,0x00,0x00,0x00,0x00,0x00,0x00,0x00,0x00,0x00,0x00,0x00,0x00,0x00,0x00,0x00,
    0x00,0x00,0x00,0x00,0x00,0x00,0x00,0x00,0x00,0x00,0x00,0x00,0x00,0x00,0x00,0x00,0x00,0x00,0x00,0x00,0x00,0x00,0x00,0x00,
    0x00,0x00,0x00,0xe7,0xf9,0x04,0x00,0x00,0x00,0x64,0xe1,0x68,0xa5,0xf9,0xff,0x64,0xe1,0xfb,0x64,0xe1,0xfb,0x64,0xe1,0xfc,
    0x64,0xe1,0xfc,0x64,0xe1,0xfd,0x64,0xe1,0xff,0x64,0xe1,0xff,0x64,0xe1,0xff,0x64,0xe1,0xff,0x64,0xe1,0xff,0x64,0xe1,0xff,
    0x64,0xe1,0xff,0x64,0xe1,0xff,0x64,0xe1,0xff,0x64,0xe1,0xff,0x64,0xe1,0xff,0x64,0xe1,0xff,0x64,0xe1,0xff,0x64,0xe1,0xff,
    0x64,0xe1,0xff,0x64,0xe1,0xff,0x64,0xe1,0xff,0x64,0xe1,0xff,0x64,0xe1,0xff,0x64,0xe1,0xff,0x64,0xe1,0xff,0x64,0xe1,0xff,
    0x64,0xe1,0xff,0x64,0xe1,0xff,0x64,0xe1,0xff,0x64,0xe1,0xff,0x64,0xe1,0xff,0x64,0xe1,0xfe,0x64,0xe1,0xfb,0x64,0xe1,0xfc,
    0x64,0xe1,0xfd,0x64,0xe1,0xfe,0x85,0xf1,0xff,0x85,0xf1,0xff,0x85,0xf1,0xff,0x85,0xf1,0xff,0x64,0xe9,0xe1,0x64,0xe1,0xc6,
    0x85,0xf1,0x71,0x64,0xe1,0x4a,0xa4,0xf9,0x0e,0x86,0xe1,0x0a,0x00,0x00,0x00,0x00,0x00,0x00,0x00,0x00,0x00,0x00,0x00,0x00,
    0x00,0x00,0x00,0xe7,0xf9,0x04,0x00,0xf8,0x01,0x00,0x00,0x00,0x00,0x00,0x00,0x00,0x00,0x00,0x00,0x00,0x00,0x00,0x00,0x00,
    0x00,0x00,0x00,0x00,0x00,0x00,0x00,0x00,0x00,0x00,0x00,0x00,0x00,0x00,0x00,0x00,0x00,0x00,0x00,0x00,0x00,0x00,0x00,0x00,
    0x00,0x00,0x00,0x00,0x00,0x00,0x00,0x00,0x00,0x00,0x00,0x00,0x00,0x00,0x00,0x00,0x00,0x00,0x00,0x00,0x00,0x00,0x00,0x00,
    0x00,0x00,0x00,0x00,0x00,0x00,0x00,0x00,0x00,0x00,0x00,0x00,0x00,0x00,0x00,0x00,0x00,0x00,0x00,0x00,0x00,0x00,0x00,0x00,
    0x00,0x00,0x00,0x00,0x00,0x00,0x00,0x00,0x00,0x00,0x00,0x00,0x00,0x00,0x00,0x00,0x00,0x00,0x00,0x00,0x00,0x00,0x00,0x00,
    0x00,0x00,0x00,0x00,0x00,0x00,0x00,0x00,0x00,0x00,0x00,0x00,0x00,0x00,0x00,0x00,0x00,0x00,0x00,0x00,0x00,0x00,0x00,0x00,
    0x00,0x00,0x00,0x00,0x00,0x00,0x00,0x00,0x00,0x00,0x00,0x00,0x00,0x00,0x00,0x00,0x00,0x00,0x00,0xf8,0x01,0xe7,0xf9,0x04,
    0xa0,0xfa,0x03,0x00,0xf8,0x02,0x00,0x00,0x00,0x00,0x00,0x00,0x00,0x00,0x00,0x00,0x00,0x00,0xa4,0xe9,0x0e,0xa5,0xf9,0x22,
    0x64,0xe1,0x7a,0x65,0xe9,0x8e,0x64,0xe1,0xc6,0x65,0xe9,0xf0,0x85,0xf1,0xff,0x85,0xf9,0xff,0x85,0xe9,0xff,0x65,0xe9,0xff,
    0x64,0xe1,0xfe,0x64,0xe1,0xfc,0x64,0xe1,0xfc,0x64,0xe1,0xfd,0x64,0xe1,0xff,0x64,0xe1,0xff,0x64,0xe1,0xff,0x64,0xe1,0xff,
    0x64,0xe1,0xff,0x64,0xe1,0xff,0x64,0xe1,0xff,0x64,0xe1,0xff,0x64,0xe1,0xff,0x64,0xe1,0xff,0x64,0xe1,0xff,0x64,0xe1,0xff,
    0x64,0xe1,0xff,0x64,0xe1,0xff,0x64,0xe1,0xff,0x64,0xe1,0xff,0x64,0xe1,0xff,0x64,0xe1,0xfc,0x64,0xe1,0xfc,0x64,0xe1,0xfe,
    0x85,0xf1,0xff,0x65,0xe9,0xff,0x64,0xe1,0x80,0x84,0xd9,0x14,0x00,0x00,0x00,0x00,0xf8,0x01,0x00,0x00,0x00,0x00,0x00,0x00,
    0x00,0x00,0x00,0x00,0x00,0x00,0x00,0x00,0x00,0x00,0x00,0x00,0x00,0x00,0x00,0x00,0x00,0x00,0x00,0x00,0x00,0x00,0x00,0x00,
    0x00,0x00,0x00,0x00,0x00,0x00,0x00,0x00,0x00,0x00,0x00,0x00,0x00,0x00,0x00,0x00,0x00,0x00,0xe7,0xb9,0x04,0x00,0x00,0x00,
    0x84,0xe9,0x4f,0x85,0xf1,0xff,0x64,0xe1,0xfc,0x64,0xe1,0xff,0x64,0xe1,0xff,0x64,0xe1,0xff,0x64,0xe1,0xff,0x64,0xe1,0xff,
    0x64,0xe1,0xff,0x64,0xe1,0xff,0x64,0xe1,0xff,0x64,0xe1,0xff,0x64,0xe1,0xff,0x64,0xe1,0xff,0x64,0xe1,0xfd,0x85,0xe9,0xfe,
    0x64,0xe1,0x52,0x00,0x00,0x00,0x00,0xf8,0x03,0x00,0x00,0x00,0x00,0x00,0x00,0x00,0x00,0x00,0x00,0x00,0x00,0x00,0x00,0x00,
    0x00,0x00,0x00,0x00,0x00,0x00,0x00,0x00,0x00,0x00,0x00,0x00,0x00,0x00,0x00,0x00,0x00,0x00,0x00,0x00,0x00,0x00,0x00,0x00,
    0x00,0x00,0x00,0x00,0x00,0x00,0x00,0x00,0x00,0x00,0xf8,0x02,0x00,0x00,0x00,0x65,0xe9,0x38,0x65,0xf1,0xd5,0x64,0xe1,0xfc,
    0x85,0xf9,0xff,0x85,0xf1,0xff,0x85,0xf1,0xff,0x85,0xe9,0xff,0x64,0xe1,0xfd,0x64,0xe1,0xfc,0x64,0xe1,0xfb,0x64,0xe1,0xfd,
    0x64,0xe1,0xff,0x64,0xe1,0xff,0x64,0xe1,0xff,0x64,0xe1,0xff,0x64,0xe1,0xff,0x64,0xe1,0xff,0x64,0xe1,0xff,0x64,0xe1,0xff,
    0x64,0xe1,0xff,0x64,0xe1,0xff,0x64,0xe1,0xff,0x64,0xe1,0xff,0x64,0xe1,0xff,0x64,0xe1,0xff,0x64,0xe1,0xff,0x64,0xe1,0xff,
    0x64,0xe1,0xff,0x64,0xe1,0xff,0x64,0xe1,0xff,0x64,0xe1,0xff,0x64,0xe1,0xff,0x64,0xe1,0xff,0x64,0xe1,0xff,0x64,0xe1,0xff,
    0x64,0xe1,0xff,0x64,0xe1,0xff,0x64,0xe1,0xff,0x64,0xe1,0xff,0x64,0xe1,0xfc,0x64,0xe1,0xfc,0x64,0xe1,0xfb,0x64,0xe1,0xfc,
    0x65,0xe9,0xff,0x85,0xe9,0xff,0x85,0xf9,0xff,0x65,0xe9,0xff,0x65,0xe9,0xf1,0x64,0xe1,0xdf,0x64,0xe1,0x8e,0x64,0xe1,0x8c,
    0x65,0xe1,0x2c,0xa5,0xf9,0x22,0x00,0x00,0x00,0x00,0x00,0x00,0x00,0x00,0x00,0x00,0x00,0x00,0x00,0x00,0x00,0x00,0x00,0x00,
    0x00,0x00,0x00,0x00,0x00,0x00,0x00,0x00,0x00,0x00,0x00,0x00,0x00,0x00,0x00,0x00,0x00,0x00,0x00,0x00,0x00,0x00,0x00,0x00,
    0x00,0x00,0x00,0x00,0x00,0x00,0x00,0x00,0x00,0x00,0x00,0x00,0x00,0x00,0x00,0x00,0x00,0x00,0x00,0x00,0x00,0x00,0x00,0x00,
    0x00,0x00,0x00,0x00,0x00,0x00,0x00,0x00,0x00,0x00,0x00,0x00,0x00,0x00,0x00,0x00,0x00,0x00,0x00,0x00,0x00,0x00,0x00,0x00,
    0x00,0x00,0x00,0x00,0x00,0x00,0x00,0x00,0x00,0x00,0x00,0x00,0x00,0x00,0x00,0x00,0x00,0x00,0x00,0x00,0x00,0x00,0x00,0x00,
    0x00,0x00,0x00,0x00,0x00,0x00,0x00,0x00,0x00,0x00,0x00,0x00,0x00,0x00,0x00,0x00,0x00,0x00,0x00,0x00,0x00,0x00,0x00,0x00,
    0x00,0x00,0x00,0x00,0x00,0x00,0x00,0x00,0x00,0x00,0x00,0x00,0x00,0x00,0x00,0x00,0x00,0x00,0x00,0x00,0x00,0x00,0x00,0x00,
    0x00,0x00,0x00,0x00,0x00,0x00,0x00,0x00,0x00,0x00,0x00,0x00,0x00,0xf8,0x01,0xa0,0xfa,0x03,0xa0,0xfa,0x03,0xe7,0xf9,0x04,
    0x00,0x00,0x00,0x00,0x00,0x00,0x00,0x00,0x00,0x00,0x00,0x00,0x00,0xf8,0x01,0x86,0xf9,0x0f,0x64,0xe1,0x5b,0x65,0xf1,0x77,
    0x64,0xe1,0xd6,0x64,0xe1,0xdd,0x65,0xe9,0xff,0x85,0xf1,0xff,0x85,0xf1,0xff,0x85,0xe9,0xff,0x64,0xe1,0xfd,0x64,0xe1,0xfc,
    0x64,0xe1,0xfb,0x64,0xe1,0xfc,0x64,0xe1,0xff,0x64,0xe1,0xff,0x64,0xe1,0xff,0x64,0xe1,0xff,0x64,0xe1,0xff,0x64,0xe1,0xff,
    0x64,0xe1,0xff,0x64,0xe1,0xff,0x64,0xe1,0xff,0x64,0xe1,0xff,0x64,0xe1,0xff,0x64,0xe1,0xff,0x64,0xe1,0xff,0x64,0xe1,0xff,
    0x64,0xe1,0xff,0x64,0xe1,0xff,0x64,0xe1,0xfc,0x64,0xe1,0xfe,0x85,0xf1,0xff,0x65,0xe9,0xe9,0x64,0xe9,0x4d,0x00,0x00,0x00,
    0x00,0xf8,0x02,0x00,0xf8,0x01,0x00,0x00,0x00,0x00,0x00,0x00,0x00,0x00,0x00,0x00,0x00,0x00,0x00,0x00,0x00,0x00,0x00,0x00,
    0x00,0x00,0x00,0x00,0x00,0x00,0x00,0x00,0x00,0x00,0x00,0x00,0x00,0x00,0x00,0x00,0x00,0x00,0x00,0x00,0x00,0x00,0x00,0x00,
    0xe7,0xb9,0x04,0xe0,0xb9,0x04,0x64,0xe1,0xa2,0x85,0xf1,0xff,0x64,0xe1,0xfb,0x64,0xe1,0xff,0x64,0xe1,0xff,0x64,0xe1,0xff,
    0x64,0xe1,0xff,0x64,0xe1,0xff,0x64,0xe1,0xff,0x64,0xe1,0xff,0x64,0xe1,0xff,0x64,0xe1,0xff,0x64,0xe1,0xff,0x64,0xe1,0xff,
    0x64,0xe1,0xff,0x65,0xe9,0xff,0x64,0xe1,0x20,0x00,0x00,0x00,0x00,0xf8,0x02,0x00,0x00,0x00,0x00,0x00,0x00,0x00,0x00,0x00,
    0x00,0x00,0x00,0x00,0x00,0x00,0x00,0x00,0x00,0x00,0x00,0x00,0x00,0x00,0x00,0x00,0x00,0x00,0x00,0x00,0x00,0x00,0x00,0x00,
    0x00,0x00,0x00,0x00,0x00,0x00,0x00,0x00,0x00,0x00,0x00,0x00,0x00,0x00,0x00,0x00,0x00,0x00,0x00,0x00,0x00,0x00,0x00,0x00,
    0x00,0x00,0x00,0x65,0xe9,0x38,0x85,0xf1,0x54,0x64,0xe1,0x81,0x65,0xf1,0xc5,0x64,0xe1,0xd0,0x85,0xf1,0xff,0x85,0xf1,0xff,
    0x85,0xf1,0xff,0x65,0xe9,0xff,0x64,0xe1,0xff,0x64,0xe1,0xfc,0x64,0xe1,0xfa,0x64,0xe1,0xfd,0x64,0xe1,0xfe,0x64,0xe1,0xff,
    0x64,0xe1,0xff,0x64,0xe1,0xff,0x64,0xe1,0xff,0x64,0xe1,0xff,0x64,0xe1,0xff,0x64,0xe1,0xff,0x64,0xe1,0xff,0x64,0xe1,0xff,
    0x64,0xe1,0xff,0x64,0xe1,0xff,0x64,0xe1,0xff,0x64,0xe1,0xff,0x64,0xe1,0xff,0x64,0xe1,0xff,0x64,0xe1,0xff,0x64,0xe1,0xff,
    0x64,0xe1,0xff,0x64,0xe1,0xff,0x64,0xe1,0xff,0x64,0xe1,0xff,0x64,0xe1,0xff,0x64,0xe1,0xff,0x64,0xe1,0xff,0x64,0xe1,0xff,
    0x64,0xe1,0xff,0x64,0xe1,0xff,0x64,0xe1,0xfd,0x64,0xe1,0xfd,0x64,0xe1,0xfa,0x64,0xe1,0xfe,0x64,0xe9,0xff,0x65,0xe9,0xff,
    0x85,0xf9,0xff,0x85,0xf1,0xff,0x64,0xe1,0xff,0x65,0xe9,0xff,0x64,0xe1,0xc3,0x85,0xe9,0xaa,0x64,0xe1,0x2d,0x00,0x00,0x00,
    0x00,0xf8,0x02,0x00,0x00,0x00,0x00,0x00,0x00,0x00,0x00,0x00,0x00,0x00,0x00,0x00,0x00,0x00,0x00,0x00,0x00,0x00,0x00,0x00,
    0x00,0x00,0x00,0x00,0x00,0x00,0x00,0x00,0x00,0x00,0x00,0x00,0x00,0x00,0x00,0x00,0x00,0x00,0x00,0x00,0x00,0x00,0x00,0x00,
    0x00,0x00,0x00,0x00,0x00,0x00,0x00,0x00,0x00,0x00,0x00,0x00,0x00,0x00,0x00,0x00,0x00,0x00,0x00,0x00,0x00,0x00,0x00,0x00,
    0x00,0x00,0x00,0x00,0x00,0x00,0x00,0x00,0x00,0x00,0x00,0x00,0x00,0x00,0x00,0x00,0x00,0x00,0x00,0x00,0x00,0x00,0x00,0x00,
    0x00,0x00,0x00,0x00,0x00,0x00,0x00,0x00,0x00,0x00,0x00,0x00,0x00,0x00,0x00,0x00,0x00,0x00,0x00,0x00,0x00,0x00,0x00,0x00,
    0x00,0x00,0x00,0x00,0x00,0x00,0x00,0x00,0x00,0x00,0x00,0x00,0x00,0x00,0x00,0x00,0x00,0x00,0x00,0x00,0x00,0x00,0x00,0x00,
    0x00,0x00,0x00,0x00,0x00,0x00,0x00,0x00,0x00,0x00,0x00,0x00,0x00,0x00,0x00,0x00,0x00,0x00,0x00,0x00,0x00,0x00,0x00,0x00,
    0x00,0x00,0x00,0x00,0x00,0x00,0x00,0xf8,0x01,0x00,0xf8,0x02,0xe7,0xf9,0x04,0x86,0xc9,0x05,0x00,0x00,0x00,0x00,0x00,0x00,
    0x00,0x00,0x00,0x00,0x00,0x00,0x00,0x00,0x00,0x00,0xf8,0x01,0x64,0xe1,0x40,0x65,0xe9,0x85,0x85,0xf1,0xc4,0x64,0xe1,0xd1,
    0x85,0xf1,0xff,0x85,0xf1,0xff,0x85,0xf1,0xff,0x85,0xf1,0xff,0x64,0xe1,0xff,0x64,0xe1,0xfe,0x64,0xe1,0xfa,0x64,0xe1,0xfb,
    0x64,0xe1,0xfe,0x64,0xe1,0xff,0x64,0xe1,0xff,0x64,0xe1,0xff,0x64,0xe1,0xff,0x64,0xe1,0xff,0x64,0xe1,0xff,0x64,0xe1,0xff,
    0x64,0xe1,0xff,0x64,0xe1,0xff,0x64,0xe1,0xff,0x64,0xe1,0xff,0x64,0xe1,0xff,0x64,0xe1,0xff,0x64,0xe1,0xfb,0x64,0xe9,0xff,
    0x85,0xf1,0xff,0x64,0xe9,0xa3,0x00,0x00,0x00,0xef,0xfb,0x02,0x00,0xf8,0x01,0x00,0x00,0x00,0x00,0x00,0x00,0x00,0x00,0x00,
    0x00,0x00,0x00,0x00,0x00,0x00,0x00,0x00,0x00,0x00,0x00,0x00,0x00,0x00,0x00,0x00,0x00,0x00,0x00,0x00,0x00,0x00,0x00,0x00,
    0x00,0x00,0x00,0x00,0xf8,0x01,0x00,0x00,0x00,0x00,0x78,0x02,0x64,0xe1,0xeb,0x65,0xe9,0xff,0x64,0xe1,0xfe,0x64,0xe1,0xff,
    0x64,0xe1,0xff,0x64,0xe1,0xff,0x64,0xe1,0xff,0x64,0xe1,0xff,0x64,0xe1,0xff,0x64,0xe1,0xff,0x64,0xe1,0xff,0x64,0xe1,0xff,
    0x64,0xe1,0xff,0x64,0xe1,0xfe,0x65,0xe9,0xff,0x64,0xe1,0xe4,0x64,0xe9,0x1b,0x00,0xf8,0x01,0x00,0xf8,0x01,0x00,0x00,0x00,
    0x00,0x00,0x00,0x00,0x00,0x00,0x00,0x00,0x00,0x00,0x00,0x00,0x00,0x00,0x00,0x00,0x00,0x00,0x00,0x00,0x00,0x00,0x00,0x00,
    0x00,0x00,0x00,0x00,0x00,0x00,0x00,0x00,0x00,0x00,0x00,0x00,0x00,0x00,0x00,0x00,0x00,0x00,0x00,0x00,0x00,0x00,0x00,0x00,
    0x00,0x00,0x00,0x00,0xf8,0x01,0x00,0x00,0x00,0x00,0x00,0x00,0x00,0x00,0x00,0x00,0x00,0x00,0x00,0x00,0x00,0xaa,0xfa,0x03,
    0x84,0xe9,0x3a,0x65,0xe1,0x66,0x85,0xf1,0xab,0x64,0xe1,0xdc,0x65,0xe9,0xff,0x85,0xf1,0xff,0x85,0xf9,0xff,0x85,0xe9,0xff,
    0x64,0xe9,0xff,0x64,0xe1,0xfc,0x64,0xe1,0xfa,0x64,0xe1,0xfb,0x64,0xe1,0xfe,0x64,0xe1,0xff,0x64,0xe1,0xff,0x64,0xe1,0xff,
    0x64,0xe1,0xff,0x64,0xe1,0xff,0x64,0xe1,0xff,0x64,0xe1,0xff,0x64,0xe1,0xff,0x64,0xe1,0xff,0x64,0xe1,0xff,0x64,0xe1,0xff,
    0x64,0xe1,0xff,0x64,0xe1,0xff,0x64,0xe1,0xff,0x64,0xe1,0xff,0x64,0xe1,0xff,0x64,0xe1,0xff,0x64,0xe1,0xff,0x64,0xe1,0xff,
    0x64,0xe1,0xff,0x64,0xe1,0xff,0x64,0xe1,0xff,0x64,0xe1,0xff,0x64,0xe1,0xff,0x64,0xe1,0xff,0x64,0xe1,0xff,0x64,0xe1,0xff,
    0x64,0xe1,0xfe,0x64,0xe1,0xfd,0x64,0xe1,0xfa,0x64,0xe1,0xfb,0x64,0xe1,0xff,0x64,0xe1,0xff,0x65,0xe9,0xff,0xa5,0xf9,0xff,
    0x64,0xe1,0x8e,0x00,0x00,0x00,0x86,0xc9,0x05,0x00,0x00,0x00,0x00,0x00,0x00,0x00,0x00,0x00,0x00,0x00,0x00,0x00,0x00,0x00,
    0x00,0x00,0x00,0x00,0x00,0x00,0x00,0x00,0x00,0x00,0x00,0x00,0x00,0x00,0x00,0x00,0x00,0x00,0x00,0x00,0x00,0x00,0x00,0x00,
    0x00,0x00,0x00,0x00,0x00,0x00,0x00,0x00,0x00,0x00,0x00,0x00,0x00,0x00,0x00,0x00,0x00,0x00,0x00,0x00,0x00,0x00,0x00,0x00,
    0x00,0x00,0x00,0x00,0x00,0x00,0x00,0x00,0x00,0x00,0x00,0x00,0x00,0x00,0x00,0x00,0x00,0x00,0x00,0x00,0x00,0x00,0x00,0x00,
    0x00,0x00,0x00,0x00,0x00,0x00,0x00,0x00,0x00,0x00,0x00,0x00,0x00,0x00,0x00,0x00,0x00,0x00,0x00,0x00,0x00,0x00,0x00,0x00,
    0x00,0x00,0x00,0x00,0x00,0x00,0x00,0x00,0x00,0x00,0x00,0x00,0x00,0x00,0x00,0x00,0x00,0x00,0x00,0x00,0x00,0x00,0x00,0x00,
    0x00,0x00,0x00,0x00,0x00,0x00,0x00,0x00,0x00,0x00,0x00,0x00,0x00,0x00,0x00,0x00,0x00,0x00,0x00,0x00,0x00,0x00,0x00,0x00,
    0x00,0x00,0x00,0x00,0x00,0x00,0x00,0x00,0x00,0x00,0x00,0x00,0x00,0x00,0x00,0x00,0x00,0x00,0x00,0x00,0x00,0x00,0x00,0x00,
    0x00,0xf8,0x01,0x00,0xf8,0x01,0xe7,0xb9,0x04,0xe7,0xf9,0x04,0x00,0x00,0x00,0x00,0x00,0x00,0x00,0x00,0x00,0x00,0x00,0x00,
    0x00,0x00,0x00,0xe7,0xf9,0x04,0x84,0xe9,0x3a,0x64,0xe1,0x67,0x85,0xf1,0xab,0x64,0xe1,0xb8,0x64,0xe9,0xff,0x65,0xe9,0xff,
    0x85,0xf9,0xff,0x85,0xf1,0xff,0x65,0xe9,0xff,0x64,0xe1,0xfc,0x64,0xe1,0xfb,0x64,0xe1,0xfd,0x64,0xe1,0xfe,0x64,0xe1,0xff,
    0x64,0xe1,0xff,0x64,0xe1,0xff,0x64,0xe1,0xff,0x64,0xe1,0xff,0x64,0xe1,0xff,0x64,0xe1,0xff,0x64,0xe1,0xff,0x64,0xe1,0xff,
    0x64,0xe1,0xff,0x64,0xe1,0xfe,0x64,0xe1,0xfb,0x85,0xf9,0xff,0x64,0xe1,0xa5,0x00,0x00,0x00,0xe7,0xf9,0x04,0x00,0xf8,0x01,
    0x00,0x00,0x00,0x00,0x00,0x00,0x00,0x00,0x00,0x00,0x00,0x00,0x00,0x00,0x00,0x00,0x00,0x00,0x00,0x00,0x00,0x00,0x00,0x00,
    0x00,0x00,0x00,0x00,0x00,0x00,0x00,0x00,0x00,0x00,0xf8,0x02,0x00,0x00,0x00,0x64,0xe1,0x2e,0x65,0xe9,0xf2,0x64,0xe9,0xfd,
    0x64,0xe1,0xfe,0x64,0xe1,0xff,0x64,0xe1,0xff,0x64,0xe1,0xff,0x64,0xe1,0xff,0x64,0xe1,0xff,0x64,0xe1,0xff,0x64,0xe1,0xff,
    0x64,0xe1,0xff,0x64,0xe1,0xff,0x64,0xe1,0xff,0x64,0xe1,0xfb,0x85,0xf1,0xff,0x64,0xe1,0xa8,0x00,0x00,0x00,0xe7,0xb9,0x04,
    0x00,0x00,0x00,0x00,0x00,0x00,0x00,0x00,0x00,0x00,0x00,0x00,0x00,0x00,0x00,0x00,0x00,0x00,0x00,0x00,0x00,0x00,0x00,0x00,
    0x00,0x00,0x00,0x00,0x00,0x00,0x00,0x00,0x00,0x00,0x00,0x00,0x00,0x00,0x00,0x00,0x00,0x00,0x00,0x00,0x00,0x00,0x00,0x00,
    0x00,0x00,0x00,0x00,0x00,0x00,0x00,0x00,0x00,0x00,0x00,0x00,0x00,0x00,0x00,0x00,0xa8,0x03,0xe7,0xf9,0x04,0xa0,0xfa,0x03,
    0x00,0xf8,0x02,0x00,0x00,0x00,0x00,0x00,0x00,0x00,0x00,0x00,0x00,0x00,0x00,0xa4,0xe9,0x0e,0xa5,0xf9,0x22,0x64,0xe1,0x7a,
    0x65,0xe9,0x8e,0x64,0xe1,0xc6,0x65,0xe9,0xf1,0x85,0xf1,0xff,0x85,0xf9,0xff,0x85,0xf1,0xff,0x65,0xe9,0xff,0x64,0xe1,0xfb,
    0x64,0xe1,0xfb,0x64,0xe1,0xfc,0x64,0xe1,0xfc,0x64,0xe1,0xfc,0x64,0xe1,0xff,0x64,0xe1,0xff,0x64,0xe1,0xff,0x64,0xe1,0xff,
    0x64,0xe1,0xff,0x64,0xe1,0xff,0x64,0xe1,0xff,0x64,0xe1,0xff,0x64,0xe1,0xff,0x64,0xe1,0xff,0x64,0xe1,0xff,0x64,0xe1,0xff,
    0x64,0xe1,0xff,0x64,0xe1,0xff,0x64,0xe1,0xff,0x64,0xe1,0xff,0x64,0xe1,0xff,0x64,0xe1,0xff,0x64,0xe1,0xff,0x64,0xe1,0xff,
    0x64,0xe1,0xff,0x64,0xe1,0xff,0x64,0xe1,0xff,0x64,0xe1,0xff,0x64,0xe1,0xff,0x64,0xe1,0xff,0x64,0xe1,0xff,0x64,0xe1,0xff,
    0x64,0xe1,0xfc,0x65,0xe9,0xff,0x64,0xe1,0x2c,0x00,0x00,0x00,0x00,0xa8,0x03,0x00,0x00,0x00,0x00,0x00,0x00,0x00,0x00,0x00,
    0x00,0x00,0x00,0x00,0x00,0x00,0x00,0x00,0x00,0x00,0x00,0x00,0x00,0x00,0x00,0x00,0x00,0x00,0x00,0x00,0x00,0x00,0x00,0x00,
    0x00,0x00,0x00,0x00,0x00,0x00,0x00,0xf8,0x01,0xe7,0xf9,0x04,0xa0,0xfa,0x03,0x00,0xf8,0x02,0x00,0x00,0x00,0x00,0x00,0x00,
    0x00,0x00,0x00,0x00,0x00,0x00,0x00,0x00,0x00,0x00,0x00,0x00,0x00,0x00,0x00,0x00,0x00,0x00,0x00,0x00,0x00,0x00,0x00,0x00,
    0x00,0x00,0x00,0x00,0x00,0x00,0x00,0x00,0x00,0x00,0x00,0x00,0x00,0x00,0x00,0x00,0x00,0x00,0x00,0x00,0x00,0x00,0x00,0x00,
    0x00,0x00,0x00,0x00,0x00,0x00,0x00,0x00,0x00,0x00,0x00,0x00,0x00,0x00,0x00,0x00,0x00,0x00,0x00,0x00,0x00,0x00,0x00,0x00,
    0x00,0x00,0x00,0x00,0x00,0x00,0x00,0x00,0x00,0x00,0x00,0x00,0x00,0x00,0x00,0x00,0x00,0x00,0x00,0x00,0x00,0x00,0x00,0x00,
    0x00,0x00,0x00,0x00,0x00,0x00,0x00,0x00,0x00,0x00,0x00,0x00,0x00,0x00,0x00,0x00,0x00,0x00,0x00,0x00,0x00,0x00,0x00,0x00,
    0x00,0x00,0x00,0x00,0x00,0x00,0x00,0x00,0x00,0x00,0x00,0x00,0x00,0x00,0x00,0x00,0x00,0x00,0x00,0x00,0x00,0x00,0x00,0x00,
    0xa0,0xfa,0x03,0xaa,0xfa,0x03,0x00,0xf8,0x02,0x00,0x00,0x00,0x00,0x00,0x00,0x00,0x00,0x00,0x00,0x00,0x00,0x00,0x00,0x00,
    0x64,0xf1,0x22,0x45,0xe1,0x4c,0x85,0xf1,0x8e,0x64,0xe1,0x9d,0x64,0xe1,0xf0,0x85,0xf1,0xff,0x85,0xf9,0xff,0x85,0xe9,0xff,
    0x65,0xe9,0xff,0x64,0xe1,0xfb,0x64,0xe1,0xfc,0x64,0xe1,0xfe,0x64,0xe1,0xff,0x64,0xe1,0xff,0x64,0xe1,0xff,0x64,0xe1,0xff,
    0x64,0xe1,0xff,0x64,0xe1,0xff,0x64,0xe1,0xff,0x64,0xe1,0xff,0x64,0xe1,0xff,0x64,0xe1,0xfa,0x85,0xf9,0xff,0x64,0xe1,0xa2,
    0x00,0x00,0x00,0xaa,0xfa,0x03,0x00,0x00,0x00,0x00,0x00,0x00,0x00,0x00,0x00,0x00,0x00,0x00,0x00,0x00,0x00,0x00,0x00,0x00,
    0x00,0x00,0x00,0x00,0x00,0x00,0x00,0x00,0x00,0x00,0x00,0x00,0x00,0x00,0x00,0xe7,0xf9,0x04,0x00,0x00,0x00,0x64,0xe1,0x7c,
    0x85,0xf9,0xff,0x64,0xe1,0xfa,0x64,0xe1,0xff,0x64,0xe1,0xff,0x64,0xe1,0xff,0x64,0xe1,0xff,0x64,0xe1,0xff,0x64,0xe1,0xff,
    0x64,0xe1,0xff,0x64,0xe1,0xff,0x64,0xe1,0xff,0x64,0xe1,0xff,0x64,0xe1,0xff,0x64,0xe1,0xfb,0x85,0xf1,0xff,0x64,0xe1,0xb0,
    0x00,0xf8,0x01,0xe7,0xb9,0x04,0x00,0x00,0x00,0x00,0x00,0x00,0x00,0x00,0x00,0x00,0x00,0x00,0x00,0x00,0x00,0x00,0x00,0x00,
    0x00,0x00,0x00,0x00,0x00,0x00,0x00,0x00,0x00,0x00,0x00,0x00,0x00,0x00,0x00,0x00,0x00,0x00,0x00,0x00,0x00,0x00,0x00,0x00,
    0x00,0x00,0x00,0x00,0x00,0x00,0x00,0x00,0x00,0x00,0x00,0x00,0x00,0x00,0x00,0x00,0x00,0x00,0x00,0x00,0x00,0x00,0x00,0x00,
    0x00,0x00,0x00,0x00,0x00,0x00,0x00,0x00,0x00,0x00,0xf8,0x01,0xa0,0xfa,0x03,0xa0,0xfa,0x03,0xe7,0xf9,0x04,0x00,0x00,0x00,
    0x00,0x00,0x00,0x00,0x00,0x00,0x00,0x00,0x00,0x00,0xf8,0x01,0xa6,0xf9,0x0e,0x64,0xe1,0x5c,0x65,0xe9,0x71,0x64,0xe1,0x7e,
    0x64,0xe1,0xe8,0x85,0xf9,0xff,0x85,0xf1,0xff,0x85,0xf1,0xff,0x85,0xf1,0xff,0x85,0xf1,0xff,0x64,0xe1,0xff,0x64,0xe1,0xfd,
    0x64,0xe1,0xfc,0x64,0xe1,0xfb,0x64,0xe1,0xfe,0x64,0xe1,0xff,0x64,0xe1,0xff,0x64,0xe1,0xff,0x64,0xe1,0xff,0x64,0xe1,0xff,
    0x64,0xe1,0xff,0x64,0xe1,0xff,0x64,0xe1,0xff,0x64,0xe1,0xff,0x64,0xe1,0xff,0x64,0xe1,0xff,0x64,0xe1,0xff,0x64,0xe1,0xff,
    0x64,0xe1,0xff,0x64,0xe1,0xff,0x64,0xe1,0xff,0x64,0xe1,0xff,0x64,0xe1,0xff,0x64,0xe1,0xff,0x64,0xe1,0xff,0x64,0xe1,0xff,
    0x64,0xe1,0xff,0x64,0xe1,0xfd,0x85,0xe9,0xff,0x64,0xe1,0xd3,0xc3,0xe1,0x09,0xef,0xfb,0x02,0x00,0xf8,0x01,0x00,0x00,0x00,
    0x00,0x00,0x00,0x00,0x00,0x00,0x00,0x00,0x00,0x00,0x00,0x00,0x00,0x00,0x00,0x00,0x00,0x00,0x00,0x00,0x00,0x00,0x00,0x00,
    0x00,0x00,0x00,0x00,0x00,0x00,0x00,0x00,0x00,0x00,0x00,0x00,0x00,0x00,0x00,0x00,0x00,0x00,0x00,0x00,0x00,0x00,0x00,0x00,
    0x00,0xf8,0x02,0x00,0xa8,0x03,0xe7,0xf9,0x04,0xa0,0xfa,0x03,0x00,0x00,0x00,0x00,0x00,0x00,0x00,0x00,0x00,0x00,0x00,0x00,
    0x00,0x00,0x00,0x00,0x00,0x00,0x00,0x00,0x00,0x00,0x00,0x00,0x00,0x00,0x00,0x00,0x00,0x00,0x00,0x00,0x00,0x00,0x00,0x00,
    0x00,0x00,0x00,0x00,0x00,0x00,0x00,0x00,0x00,0x00,0x00,0x00,0x00,0x00,0x00,0x00,0x00,0x00,0x00,0x00,0x00,0x00,0x00,0x00,
    0x00,0x00,0x00,0x00,0x00,0x00,0x00,0x00,0x00,0x00,0x00,0x00,0x00,0x00,0x00,0x00,0x00,0x00,0x00,0x00,0x00,0x00,0x00,0x00,
    0x00,0x00,0x00,0x00,0x00,0x00,0x00,0x00,0x00,0x00,0x00,0x00,0x00,0x00,0x00,0x00,0x00,0x00,0x00,0x00,0x00,0x00,0x00,0x00,
    0x00,0x00,0x00,0x00,0x00,0x00,0x00,0x00,0x00,0x00,0x00,0x00,0x00,0x00,0x00,0x00,0x00,0x00,0x00,0x00,0x00,0x00,0x00,0x00,
    0x00,0x00,0x00,0x00,0x00,0x00,0x00,0x00,0x00,0x00,0x00,0x00,0x00,0x00,0x00,0x00,0xf8,0x01,0xa0,0xfa,0x03,0xaa,0xfa,0x03,
    0xe7,0xf9,0x04,0x00,0x78,0x02,0x00,0x00,0x00,0x00,0x00,0x00,0x00,0x00,0x00,0x00,0x00,0x00,0x84,0xe9,0x0f,0x64,0xe1,0x5d,
    0x85,0xe9,0x79,0x64,0xe1,0xd7,0x64,0xe1,0xe9,0x85,0xf9,0xff,0x85,0xf1,0xff,0x65,0xe9,0xff,0x64,0xe1,0xfc,0x64,0xe1,0xfe,
    0x64,0xe1,0xff,0x64,0xe1,0xff,0x64,0xe1,0xff,0x64,0xe1,0xff,0x64,0xe1,0xff,0x64,0xe1,0xff,0x64,0xe1,0xff,0x64,0xe1,0xff,
    0x64,0xe1,0xfa,0x85,0xf1,0xff,0x64,0xe1,0x4a,0x00,0x00,0x00,0x00,0xf8,0x02,0x00,0x00,0x00,0x00,0x00,0x00,0x00,0x00,0x00,
    0x00,0x00,0x00,0x00,0x00,0x00,0x00,0x00,0x00,0x00,0x00,0x00,0x00,0x00,0x00,0x00,0x00,0x00,0x00,0x00,0x00,0x00,0xf8,0x01,
    0x00,0x00,0x00,0x64,0xe1,0xd4,0x85,0xe9,0xff,0x64,0xe1,0xfd,0x64,0xe1,0xff,0x64,0xe1,0xff,0x64,0xe1,0xff,0x64,0xe1,0xff,
    0x64,0xe1,0xff,0x64,0xe1,0xff,0x64,0xe1,0xff,0x64,0xe1,0xff,0x64,0xe1,0xff,0x64,0xe1,0xff,0x64,0xe1,0xff,0x64,0xe1,0xfb,
    0x85,0xf1,0xff,0x65,0xe1,0xaa,0x00,0x00,0x00,0xe7,0xb9,0x04,0x00,0x00,0x00,0x00,0x00,0x00,0x00,0x00,0x00,0x00,0x00,0x00,
    0x00,0x00,0x00,0x00,0x00,0x00,0x00,0x00,0x00,0x00,0x00,0x00,0x00,0x00,0x00,0x00,0x00,0x00,0x00,0x00,0x00,0x00,0x00,0x00,
    0x00,0x00,0x00,0x00,0x00,0x00,0x00,0x00,0x00,0x00,0x00,0x00,0x00,0x00,0x00,0x00,0x00,0x00,0x00,0x00,0x00,0x00,0x00,0x00,
    0x00,0x00,0x00,0x00,0x00,0x00,0x00,0x00,0x00,0x00,0x00,0x00,0x00,0x00,0x00,0x00,0x00,0x00,0x00,0x00,0x00,0x00,0x00,0x00,
    0x00,0x00,0x00,0x00,0xf8,0x01,0x00,0xf8,0x02,0xe7,0xf9,0x04,0x86,0xc9,0x05,0x00,0x00,0x00,0x00,0x00,0x00,0x00,0x00,0x00,
    0x00,0x00,0x00,0x00,0x00,0x00,0x45,0xe1,0x12,0x85,0xe9,0x54,0x65,0xe1,0x59,0x64,0xe1,0xbd,0x64,0xe1,0xc6,0x64,0xe1,0xc5,
    0x64,0xe1,0xff,0x85,0xf1,0xff,0x85,0xf1,0xff,0x85,0xf1,0xff,0x64,0xe9,0xff,0x64,0xe1,0xff,0x64,0xe1,0xfb,0x64,0xe1,0xfb,
    0x64,0xe1,0xfe,0x64,0xe1,0xff,0x64,0xe1,0xff,0x64,0xe1,0xff,0x64,0xe1,0xff,0x64,0xe1,0xff,0x64,0xe1,0xff,0x64,0xe1,0xff,
    0x64,0xe1,0xff,0x64,0xe1,0xff,0x64,0xe1,0xff,0x64,0xe1,0xff,0x64,0xe1,0xff,0x64,0xe1,0xff,0x64,0xe1,0xff,0x64,0xe1,0xff,
    0x64,0xe1,0xff,0x64,0xe1,0xff,0x64,0xe1,0xff,0x64,0xe1,0xfc,0x85,0xf1,0xff,0x64,0xe1,0x54,0x00,0x00,0x00,0x00,0xb8,0x04,
    0x00,0x00,0x00,0x00,0x00,0x00,0x00,0x00,0x00,0x00,0x00,0x00,0x00,0x00,0x00,0x00,0x00,0x00,0x00,0x00,0x00,0x00,0x00,0x00,
    0x00,0x00,0x00,0x00,0x00,0x00,0x00,0x00,0x00,0x00,0x00,0x00,0x00,0xf8,0x01,0x00,0x00,0x00,0x65,0xe1,0x16,0x64,0xe9,0x96,
    0x64,0xe9,0x40,0x64,0xe1,0x28,0x00,0x00,0x00,0x00,0x00,0x00,0x00,0x00,0x00,0x00,0x00,0x00,0x00,0x00,0x00,0x00,0x78,0x02,
    0x86,0xc9,0x05,0x00,0xf8,0x02,0x00,0xf8,0x01,0x00,0xf8,0x01,0x00,0x00,0x00,0x00,0x00,0x00,0x00,0x00,0x00,0x00,0x00,0x00,
    0x00,0x00,0x00,0x00,0x00,0x00,0x00,0x00,0x00,0x00,0x00,0x00,0x00,0x00,0x00,0x00,0x00,0x00,0x00,0x00,0x00,0x00,0x00,0x00,
    0x00,0x00,0x00,0x00,0x00,0x00,0x00,0x00,0x00,0x00,0x00,0x00,0x00,0x00,0x00,0x00,0x00,0x00,0x00,0x00,0x00,0x00,0x00,0x00,
    0x00,0x00,0x00,0x00,0x00,0x00,0x00,0x00,0x00,0x00,0x00,0x00,0x00,0x00,0x00,0x00,0x00,0x00,0x00,0x00,0x00,0x00,0x00,0x00,
    0x00,0x00,0x00,0x00,0x00,0x00,0x00,0x00,0x00,0x00,0x00,0x00,0x00,0x00,0x00,0x00,0x00,0x00,0x00,0x00,0x00,0x00,0x00,0x00,
    0x00,0x00,0x00,0x00,0x00,0x00,0x00,0x00,0x00,0x00,0x00,0x00,0x00,0x00,0x00,0x00,0x00,0x00,0x00,0x00,0x00,0x00,0x00,0x00,
    0x00,0x00,0x00,0x00,0x00,0x00,0x00,0x00,0x00,0x00,0x00,0x00,0x00,0xf8,0x02,0xa0,0xfa,0x03,0x86,0xc9,0x05,0xaa,0xfa,0x03,
    0x00,0x00,0x00,0x00,0x00,0x00,0x00,0x00,0x00,0x00,0x00,0x00,0x64,0xd9,0x16,0x65,0xf1,0x56,0x64,0xe1,0x85,0x64,0xe9,0xec,
    0x85,0xf1,0xff,0x64,0xe9,0xff,0x64,0xe1,0xfe,0x64,0xe1,0xff,0x64,0xe1,0xff,0x64,0xe1,0xff,0x64,0xe1,0xff,0x64,0xe1,0xff,
    0x64,0xe1,0xff,0x64,0xe1,0xff,0x64,0xe1,0xfd,0x65,0xe9,0xfd,0x64,0xe9,0xe6,0x86,0xe1,0x0a,0x00,0xf8,0x01,0x00,0xf8,0x01,
    0x00,0x00,0x00,0x00,0x00,0x00,0x00,0x00,0x00,0x00,0x00,0x00,0x00,0x00,0x00,0x00,0x00,0x00,0x00,0x00,0x00,0x00,0x00,0x00,
    0x00,0x00,0x00,0x00,0xf8,0x01,0x00,0x00,0x00,0x64,0xe1,0xd5,0x85,0xe9,0xff,0x64,0xe1,0xfd,0x64,0xe1,0xff,0x64,0xe1,0xff,
    0x64,0xe1,0xff,0x64,0xe1,0xff,0x64,0xe1,0xff,0x64,0xe1,0xff,0x64,0xe1,0xff,0x64,0xe1,0xff,0x64,0xe1,0xff,0x64,0xe1,0xff,
    0x64,0xe1,0xff,0x64,0xe1,0xfe,0x65,0xe9,0xff,0x64,0xe1,0xed,0x65,0xe1,0x16,0x00,0xf8,0x01,0x00,0xf8,0x01,0x00,0x00,0x00,
    0x00,0x00,0x00,0x00,0x00,0x00,0x00,0x00,0x00,0x00,0x00,0x00,0x00,0x00,0x00,0x00,0x00,0x00,0x00,0x00,0x00,0x00,0x00,0x00,
    0x00,0x00,0x00,0x00,0x00,0x00,0x00,0x00,0x00,0x00,0x00,0x00,0x00,0x00,0x00,0x00,0x00,0x00,0x00,0x00,0x00,0x00,0x00,0x00,
    0x00,0x00,0x00,0x00,0x00,0x00,0x00,0x00,0x00,0x00,0x00,0x00,0x00,0x00,0x00,0x00,0x00,0x00,0x00,0x00,0x00,0x00,0x00,0x00,
    0x00,0x00,0x00,0x00,0x00,0x00,0x00,0x00,0x00,0x00,0x00,0x00,0x00,0x00,0x00,0x00,0x00,0x00,0x00,0x00,0x00,0x00,0xf8,0x01,
    0x00,0xf8,0x01,0xe7,0xb9,0x04,0xe7,0xf9,0x04,0xe7,0xb9,0x04,0x00,0x00,0x00,0x00,0x00,0x00,0x00,0x00,0x00,0x00,0x00,0x00,
    0x00,0x00,0x00,0x00,0x00,0x00,0x65,0xe9,0x30,0x84,0xe9,0x3a,0x64,0xe1,0x7f,0x65,0xf1,0xab,0x64,0xe1,0xef,0x65,0xe9,0xff,
    0x85,0xf1,0xff,0x85,0xf1,0xff,0x64,0xe9,0xff,0x64,0xe1,0xfc,0x64,0xe1,0xfe,0x64,0xe1,0xff,0x64,0xe1,0xff,0x64,0xe1,0xff,
    0x64,0xe1,0xff,0x64,0xe1,0xff,0x64,0xe1,0xff,0x64,0xe1,0xff,0x64,0xe1,0xff,0x64,0xe1,0xff,0x64,0xe1,0xff,0x64,0xe1,0xff,
    0x64,0xe1,0xff,0x64,0xe1,0xff,0x64,0xe1,0xff,0x64,0xe1,0xff,0x64,0xe1,0xfd,0x85,0xe9,0xfe,0x64,0xe1,0xd4,0x45,0xd1,0x06,
    0xa0,0xfa,0x03,0x00,0x00,0x01,0x00,0x00,0x00,0x00,0x00,0x00,0x00,0x00,0x00,0x00,0x00,0x00,0x00,0x00,0x00,0x00,0x00,0x00,
    0x00,0x00,0x00,0x00,0x00,0x00,0x00,0x00,0x00,0x00,0x00,0x00,0x00,0x00,0x00,0x00,0x00,0x00,0x00,0xf8,0x02,0x00,0xf8,0x02,
    0x64,0xe1,0xbc,0x85,0xf9,0xff,0x85,0xf1,0xff,0x64,0xe1,0xf7,0x65,0xf1,0xc5,0x64,0xe1,0x90,0x85,0xf1,0x54,0x64,0xe1,0x42,
    0x00,0x00,0x00,0x00,0x00,0x00,0x00,0x00,0x00,0x00,0x00,0x00,0x00,0x00,0x00,0x00,0x00,0x00,0x86,0xc9,0x05,0x00,0xa8,0x03,
    0x00,0xf8,0x02,0x00,0xf8,0x01,0x00,0x00,0x00,0x00,0x00,0x00,0x00,0x00,0x00,0x00,0x00,0x00,0x00,0x00,0x00,0x00,0x00,0x00,
    0x00,0x00,0x00,0x00,0x00,0x00,0x00,0x00,0x00,0x00,0x00,0x00,0x00,0x00,0x00,0x00,0x00,0x00,0x00,0x00,0x00,0x00,0x00,0x00,
    0x00,0x00,0x00,0x00,0x00,0x00,0x00,0x00,0x00,0x00,0x00,0x00,0x00,0x00,0x00,0x00,0x00,0x00,0x00,0x00,0x00,0x00,0x00,0x00,
    0x00,0x00,0x00,0x00,0x00,0x00,0x00,0x00,0x00,0x00,0x00,0x00,0x00,0x00,0x00,0x00,0x00,0x00,0x00,0x00,0x00,0x00,0x00,0x00,
    0x00,0x00,0x00,0x00,0x00,0x00,0x00,0x00,0x00,0x00,0x00,0x00,0x00,0x00,0x00,0x00,0x00,0x00,0x00,0x00,0x00,0x00,0x00,0x00,
    0x00,0x00,0x00,0x00,0x00,0x00,0x00,0x00,0x00,0x00,0x00,0x00,0x00,0x00,0x00,0x00,0x00,0x00,0x00,0x00,0x00,0x00,0x00,0x00,
    0x00,0x00,0x00,0x00,0x00,0x00,0x00,0xf8,0x01,0xe7,0xb9,0x04,0xe7,0xf9,0x04,0x00,0x00,0x00,0x00,0x00,0x00,0x00,0x00,0x00,
    0x00,0x00,0x00,0x64,0xe9,0x1c,0x85,0xf1,0x52,0x65,0xe9,0xf0,0x65,0xe9,0xfe,0x64,0xe1,0xfe,0x64,0xe1,0xff,0x64,0xe1,0xff,
    0x64,0xe1,0xff,0x64,0xe1,0xff,0x64,0xe1,0xff,0x64,0xe1,0xff,0x64,0xe1,0xff,0x64,0xe1,0xfb,0x85,0xf1,0xff,0x64,0xe1,0x76,
    0x00,0xf8,0x01,0xaa,0xfa,0x03,0x00,0x00,0x00,0x00,0x00,0x00,0x00,0x00,0x00,0x00,0x00,0x00,0x00,0x00,0x00,0x00,0x00,0x00,
    0x00,0x00,0x00,0x00,0x00,0x00,0x00,0x00,0x00,0x00,0xf8,0x01,0x00,0x00,0x00,0x64,0xe1,0xd5,0x85,0xe9,0xff,0x64,0xe1,0xfd,
    0x64,0xe1,0xff,0x64,0xe1,0xff,0x64,0xe1,0xff,0x64,0xe1,0xff,0x64,0xe1,0xff,0x64,0xe1,0xff,0x64,0xe1,0xff,0x64,0xe1,0xff,
    0x64,0xe1,0xff,0x64,0xe1,0xff,0x64,0xe1,0xff,0x64,0xe1,0xff,0x64,0xe1,0xfd,0x85,0xf1,0xff,0x64,0xe9,0x50,0x00,0x00,0x00,
    0xe7,0xb9,0x04,0x00,0x00,0x00,0x00,0x00,0x00,0x00,0x00,0x00,0x00,0x00,0x00,0x00,0x00,0x00,0x00,0x00,0x00,0x00,0x00,0x00,
    0x00,0x00,0x00,0x00,0x00,0x00,0x00,0x00,0x00,0x00,0x00,0x00,0x00,0x00,0x00,0x00,0x00,0x00,0x00,0x00,0x00,0x00,0x00,0x00,
    0x00,0x00,0x00,0x00,0x00,0x00,0x00,0x00,0x00,0x00,0x00,0x00,0x00,0x00,0x00,0x00,0x00,0x00,0x00,0x00,0x00,0x00,0x00,0x00,
    0x00,0x00,0x00,0x00,0x00,0x00,0x00,0x00,0x00,0x00,0x00,0x00,0x00,0x00,0x00,0x00,0x00,0x00,0x00,0x00,0x00,0x00,0x00,0x00,
    0x00,0x00,0x00,0x00,0x00,0x00,0x00,0x00,0x00,0x00,0x00,0x00,0x00,0x00,0x00,0x00,0x00,0x00,0x00,0xf8,0x01,0xe7,0xf9,0x04,
    0xe7,0xb9,0x04,0x00,0xf8,0x02,0x00,0xf8,0x02,0x00,0xf8,0x02,0x00,0x00,0x00,0x00,0x00,0x00,0x00,0x00,0x00,0x00,0x00,0x00,
    0x85,0xe1,0x19,0xa5,0xf1,0x2c,0x64,0xe1,0x8a,0x64,0xe9,0xa7,0x65,0xe9,0xf0,0x85,0xf1,0xff,0x65,0xe9,0xff,0x64,0xe1,0xff,
    0x64,0xe1,0xff,0x64,0xe1,0xff,0x64,0xe1,0xff,0x64,0xe1,0xff,0x64,0xe1,0xff,0x64,0xe1,0xff,0x64,0xe1,0xff,0x64,0xe1,0xff,
    0x64,0xe1,0xff,0x64,0xe1,0xff,0x64,0xe1,0xff,0x64,0xe1,0xff,0x64,0xe1,0xff,0x64,0xe1,0xff,0x64,0xe1,0xfb,0x85,0xf9,0xff,
    0x64,0xe1,0x8e,0x00,0x00,0x00,0xaa,0xfa,0x03,0x00,0x00,0x00,0x00,0x00,0x00,0x00,0x00,0x00,0x00,0x00,0x00,0x00,0x00,0x00,
    0x00,0x00,0x00,0x00,0x00,0x00,0x00,0x00,0x00,0x00,0x00,0x00,0x00,0x00,0x00,0x00,0x00,0x00,0x00,0x00,0x00,0xaa,0xfa,0x03,
    0x00,0x00,0x00,0x84,0xe1,0x34,0x85,0xf1,0xfe,0x64,0xe1,0xf9,0x64,0xe1,0xfc,0x64,0xe9,0xff,0x85,0xf1,0xff,0x85,0xf1,0xff,
    0x85,0xf9,0xff,0x64,0xe9,0xff,0x85,0xe9,0xdd,0x64,0xe1,0xac,0x85,0xf1,0x71,0x65,0xe1,0x31,0xa6,0xf9,0x0e,0x00,0xf8,0x01,
    0x00,0x00,0x00,0x00,0x00,0x00,0x00,0x00,0x00,0x00,0x00,0x00,0xe7,0xf9,0x04,0xa0,0xfa,0x03,0xa0,0xfa,0x03,0x00,0xf8,0x01,
    0x00,0x00,0x00,0x00,0x00,0x00,0x00,0x00,0x00,0x00,0x00,0x00,0x00,0x00,0x00,0x00,0x00,0x00,0x00,0x00,0x00,0x00,0x00,0x00,
    0x00,0x00,0x00,0x00,0x00,0x00,0x00,0x00,0x00,0x00,0x00,0x00,0x00,0x00,0x00,0x00,0x00,0x00,0x00,0x00,0x00,0x00,0x00,0x00,
    0x00,0x00,0x00,0x00,0x00,0x00,0x00,0x00,0x00,0x00,0x00,0x00,0x00,0x00,0x00,0x00,0x00,0x00,0x00,0x00,0x00,0x00,0x00,0x00,
    0x00,0x00,0x00,0x00,0x00,0x00,0x00,0x00,0x00,0x00,0x00,0x00,0x00,0x00,0x00,0x00,0x00,0x00,0x00,0x00,0x00,0x00,0x00,0x00,
    0x00,0x00,0x00,0x00,0x00,0x00,0x00,0x00,0x00,0x00,0x00,0x00,0x00,0x00,0x00,0x00,0x00,0x00,0x00,0x00,0x00,0x00,0x00,0x00,
    0x00,0x00,0x00,0x00,0x00,0x00,0x00,0x00,0x00,0x00,0x00,0x00,0x00,0x00,0x00,0x00,0x00,0x00,0x00,0x00,0x00,0x00,0x00,0x00,
    0x00,0xf8,0x01,0xaa,0xfa,0x03,0xa0,0xfa,0x03,0x00,0x00,0x00,0x00,0x00,0x00,0x64,0xe1,0x39,0x65,0xe9,0xfb,0x64,0xe9,0xfd,
    0x64,0xe1,0xfe,0x64,0xe1,0xff,0x64,0xe1,0xff,0x64,0xe1,0xff,0x64,0xe1,0xff,0x64,0xe1,0xff,0x64,0xe1,0xff,0x64,0xe1,0xfc,
    0x85,0xf1,0xff,0x64,0xe1,0xc0,0x00,0x00,0x00,0xa0,0xfa,0x03,0x00,0x00,0x00,0x00,0x00,0x00,0x00,0x00,0x00,0x00,0x00,0x00,
    0x00,0x00,0x00,0x00,0x00,0x00,0x00,0x00,0x00,0x00,0x00,0x00,0x00,0x00,0x00,0x00,0xf8,0x01,0x00,0x00,0x00,0x64,0xe1,0xd5,
    0x85,0xe9,0xff,0x64,0xe1,0xfd,0x64,0xe1,0xff,0x64,0xe1,0xff,0x64,0xe1,0xff,0x64,0xe1,0xff,0x64,0xe1,0xff,0x64,0xe1,0xff,
    0x64,0xe1,0xff,0x64,0xe1,0xff,0x64,0xe1,0xff,0x64,0xe1,0xff,0x64,0xe1,0xff,0x64,0xe1,0xff,0x64,0xe1,0xfc,0x85,0xf1,0xff,
    0x64,0xe1,0xd1,0xe7,0xf9,0x04,0xe7,0xb9,0x04,0x00,0x00,0x00,0x00,0x00,0x00,0x00,0x00,0x00,0x00,0x00,0x00,0x00,0x00,0x00,
    0x00,0x00,0x00,0x00,0x00,0x00,0x00,0x00,0x00,0x00,0x00,0x00,0x00,0x00,0x00,0x00,0x00,0x00,0x00,0x00,0x00,0x00,0x00,0x00,
    0x00,0x00,0x00,0x00,0x00,0x00,0x00,0x00,0x00,0x00,0x00,0x00,0x00,0x00,0x00,0x00,0x00,0x00,0x00,0x00,0x00,0x00,0x00,0x00,
    0x00,0x00,0x00,0x00,0x00,0x00,0x00,0x00,0x00,0x00,0x00,0x00,0x00,0x00,0x00,0x00,0x00,0x00,0x00,0x00,0x00,0x00,0x00,0x00,
    0x00,0x00,0x00,0x00,0x00,0x00,0x00,0x00,0x00,0x00,0x00,0x00,0x00,0x00,0x00,0x00,0x00,0x00,0x00,0x00,0x00,0x00,0x00,0x00,
    0x00,0x00,0x00,0x00,0x00,0x00,0x00,0x00,0x00,0x00,0x00,0x00,0x00,0x00,0x00,0x00,0x00,0x00,0x00,0xf8,0x02,0xa0,0xfa,0x03,
    0xaa,0xfa,0x03,0xe7,0xf9,0x04,0x00,0x00,0x00,0x00,0x00,0x00,0x00,0x00,0x00,0x00,0x00,0x00,0x65,0xf9,0x10,0x64,0xe1,0x6d,
    0x64,0xe9,0xec,0x64,0xe9,0xfe,0x64,0xe1,0xfe,0x64,0xe1,0xff,0x64,0xe1,0xff,0x64,0xe1,0xff,0x64,0xe1,0xff,0x64,0xe1,0xff,
    0x64,0xe1,0xff,0x64,0xe1,0xff,0x64,0xe1,0xff,0x64,0xe1,0xff,0x64,0xe1,0xff,0x64,0xe1,0xff,0x64,0xe1,0xff,0x64,0xe1,0xfe,
    0x64,0xe9,0xfd,0x64,0xe9,0xec,0x85,0xe9,0x19,0x00,0xf8,0x01,0x1f,0xf8,0x01,0x00,0x00,0x00,0x00,0x00,0x00,0x00,0x00,0x00,
    0x00,0x00,0x00,0x00,0x00,0x00,0x00,0x00,0x00,0x00,0x00,0x00,0x00,0x00,0x00,0x00,0x00,0x00,0x00,0x00,0x00,0x00,0x00,0x00,
    0x00,0x00,0x00,0xaa,0xfa,0x03,0x00,0x00,0x00,0x64,0xe1,0x85,0x85,0xf1,0xff,0x64,0xe1,0xfc,0x64,0xe1,0xff,0x64,0xe1,0xfe,
    0x64,0xe1,0xfc,0x64,0xe1,0xfc,0x64,0xe1,0xfb,0x64,0xe1,0xfe,0x65,0xe9,0xff,0x85,0xf1,0xff,0x85,0xf9,0xff,0x64,0xe1,0xfb,
    0x65,0xe9,0xf1,0x64,0xe1,0xc6,0x85,0xf1,0x8e,0x64,0xe1,0x4a,0xa5,0xf9,0x22,0x84,0xe9,0x0f,0x00,0x00,0x00,0x00,0x00,0x00,
    0x00,0x00,0x00,0x00,0x00,0x00,0x00,0xf8,0x02,0xa0,0xfa,0x03,0xe7,0xf9,0x04,0x00,0xf8,0x01,0x00,0x00,0x00,0x00,0x00,0x00,
    0x00,0x00,0x00,0x00,0x00,0x00,0x00,0x00,0x00,0x00,0x00,0x00,0x00,0x00,0x00,0x00,0x00,0x00,0x00,0x00,0x00,0x00,0x00,0x00,
    0x00,0x00,0x00,0x00,0x00,0x00,0x00,0x00,0x00,0x00,0x00,0x00,0x00,0x00,0x00,0x00,0x00,0x00,0x00,0x00,0x00,0x00,0x00,0x00,
    0x00,0x00,0x00,0x00,0x00,0x00,0x00,0x00,0x00,0x00,0x00,0x00,0x00,0x00,0x00,0x00,0x00,0x00,0x00,0x00,0x00,0x00,0x00,0x00,
    0x00,0x00,0x00,0x00,0x00,0x00,0x00,0x00,0x00,0x00,0x00,0x00,0x00,0x00,0x00,0x00,0x00,0x00,0x00,0x00,0x00,0x00,0x00,0x00,
    0x00,0x00,0x00,0x00,0x00,0x00,0x00,0x00,0x00,0x00,0x00,0x00,0x00,0x00,0x00,0x00,0x00,0x00,0x00,0x00,0x00,0x00,0x00,0x00,
    0x00,0x00,0x00,0x00,0x00,0x00,0x00,0x00,0x00,0x00,0x00,0x00,0x00,0x00,0x00,0x00,0xf8,0x01,0x86,0xf9,0x05,0x00,0x00,0x00,
    0x64,0xe1,0x8d,0x85,0xf1,0xfd,0x64,0xe1,0xfc,0x64,0xe1,0xff,0x64,0xe1,0xff,0x64,0xe1,0xff,0x64,0xe1,0xff,0x64,0xe1,0xff,
    0x64,0xe1,0xff,0x64,0xe1,0xfe,0x65,0xe9,0xfe,0x64,0xe9,0xe0,0x64,0xe9,0x1c,0x00,0xf8,0x01,0x00,0x78,0x02,0x00,0x00,0x00,
    0x00,0x00,0x00,0x00,0x00,0x00,0x00,0x00,0x00,0x00,0x00,0x00,0x00,0x00,0x00,0x00,0x00,0x00,0x00,0x00,0x00,0x00,0xf8,0x01,
    0x00,0x00,0x00,0x64,0xe1,0xd5,0x85,0xe9,0xff,0x64,0xe1,0xfd,0x64,0xe1,0xff,0x64,0xe1,0xff,0x64,0xe1,0xff,0x64,0xe1,0xff,
    0x64,0xe1,0xff,0x64,0xe1,0xff,0x64,0xe1,0xff,0x64,0xe1,0xff,0x64,0xe1,0xff,0x64,0xe1,0xff,0x64,0xe1,0xff,0x64,0xe1,0xff,
    0x64,0xe1,0xff,0x64,0xe1,0xfb,0x85,0xf1,0xff,0x64,0xe1,0x50,0x00,0x00,0x00,0x45,0xd1,0x06,0x00,0x00,0x00,0x00,0x00,0x00,
    0x00,0x00,0x00,0x00,0x00,0x00,0x00,0x00,0x00,0x00,0x00,0x00,0x00,0x00,0x00,0x00,0x00,0x00,0x00,0x00,0x00,0x00,0x00,0x00,
    0x00,0x00,0x00,0x00,0x00,0x00,0x00,0x00,0x00,0x00,0x00,0x00,0x00,0x00,0x00,0x00,0x00,0x00,0x00,0x00,0x00,0x00,0x00,0x00,
    0x00,0x00,0x00,0x00,0x00,0x00,0x00,0x00,0x00,0x00,0x00,0x00,0x00,0x00,0x00,0x00,0x00,0x00,0x00,0x00,0x00,0x00,0x00,0x00,
    0x00,0x00,0x00,0x00,0x00,0x00,0x00,0x00,0x00,0x00,0x00,0x00,0x00,0x00,0x00,0x00,0x00,0x00,0x00,0x00,0x00,0x00,0x00,0x00,
    0x00,0x00,0x00,0x00,0x00,0x00,0x00,0x00,0x00,0x00,0x00,0x00,0x00,0x00,0x00,0x00,0x00,0x00,0x00,0x00,0x00,0x00,0x00,0x00,
    0x00,0x00,0x00,0x00,0x00,0x00,0x00,0x00,0x00,0x00,0x00,0x00,0x00,0x78,0x02,0x00,0xf8,0x02,0x86,0xc9,0x05,0x00,0xa8,0x03,
    0x00,0x00,0x01,0x00,0x00,0x00,0x64,0xe1,0x92,0x85,0xf9,0xff,0x64,0xe1,0xfb,0x64,0xe1,0xff,0x64,0xe1,0xff,0x64,0xe1,0xff,
    0x64,0xe1,0xff,0x64,0xe1,0xff,0x64,0xe1,0xff,0x64,0xe1,0xff,0x64,0xe1,0xff,0x64,0xe1,0xff,0x64,0xe1,0xff,0x64,0xe1,0xff,
    0x64,0xe1,0xff,0x64,0xe1,0xfc,0x85,0xf1,0xff,0x65,0xe1,0xbf,0x00,0x00,0x00,0x00,0xf8,0x02,0x00,0x00,0x00,0x00,0x00,0x00,
    0x00,0x00,0x00,0x00,0x00,0x00,0x00,0x00,0x00,0x00,0x00,0x00,0x00,0x00,0x00,0x00,0x00,0x00,0x00,0x00,0x00,0x00,0x00,0x00,
    0x00,0x00,0x00,0x00,0x00,0x00,0x00,0x00,0x00,0xef,0xfb,0x02,0x0a,0xf8,0x03,0x64,0xe1,0xd1,0x85,0xf1,0xff,0x64,0xe1,0xfd,
    0x64,0xe1,0xff,0x64,0xe1,0xff,0x64,0xe1,0xff,0x64,0xe1,0xff,0x64,0xe1,0xff,0x64,0xe1,0xff,0x64,0xe1,0xfd,0x64,0xe1,0xfc,
    0x64,0xe1,0xfa,0x64,0xe1,0xff,0x64,0xe9,0xff,0x85,0xe9,0xff,0x85,0xf9,0xff,0x65,0xe9,0xff,0x65,0xe9,0xff,0x64,0xe1,0xdc,
    0x85,0xf1,0xab,0x65,0xe1,0x66,0x84,0xe9,0x3a,0xaa,0xfa,0x03,0x00,0x00,0x00,0x00,0x00,0x00,0x00,0x00,0x00,0x00,0x00,0x00,
    0x00,0x00,0x00,0xe7,0xf9,0x04,0x86,0xc9,0x05,0x00,0xf8,0x02,0x00,0xf8,0x01,0x00,0x00,0x00,0x00,0x00,0x00,0x00,0x00,0x00,
    0x00,0x00,0x00,0x00,0x00,0x00,0x00,0x00,0x00,0x00,0x00,0x00,0x00,0x00,0x00,0x00,0x00,0x00,0x00,0x00,0x00,0x00,0x00,0x00,
    0x00,0x00,0x00,0x00,0x00,0x00,0x00,0x00,0x00,0x00,0x00,0x00,0x00,0x00,0x00,0x00,0x00,0x00,0x00,0x00,0x00,0x00,0x00,0x00,
    0x00,0x00,0x00,0x00,0x00,0x00,0x00,0x00,0x00,0x00,0x00,0x00,0x00,0x00,0x00,0x00,0x00,0x00,0x00,0x00,0x00,0x00,0x00,0x00,
    0x00,0x00,0x00,0x00,0x00,0x00,0x00,0x00,0x00,0x00,0x00,0x00,0x00,0x00,0x00,0x00,0x00,0x00,0x00,0x00,0x00,0x00,0x00,0x00,
    0x00,0x00,0x00,0x00,0x00,0x00,0x00,0x00,0x00,0x00,0x00,0x00,0x00,0x00,0x00,0x00,0x00,0x00,0x00,0x00,0x00,0x00,0x00,0x00,
    0x00,0xf8,0x01,0x00,0xf8,0x02,0xaa,0xfa,0x03,0x64,0xe1,0xed,0x65,0xe9,0xff,0x64,0xe1,0xfe,0x64,0xe1,0xff,0x64,0xe1,0xff,
    0x64,0xe1,0xff,0x64,0xe1,0xff,0x64,0xe1,0xff,0x64,0xe1,0xff,0x64,0xe1,0xfd,0x85,0xf1,0xff,0x65,0xe1,0x37,0x00,0x00,0x00,
    0x00,0xa8,0x03,0x00,0x00,0x00,0x00,0x00,0x00,0x00,0x00,0x00,0x00,0x00,0x00,0x00,0x00,0x00,0x00,0x00,0x00,0x00,0x00,0x00,
    0x00,0x00,0x00,0x00,0xf8,0x01,0x00,0x00,0x00,0x64,0xe1,0xd5,0x85,0xe9,0xff,0x64,0xe1,0xfd,0x64,0xe1,0xff,0x64,0xe1,0xff,
    0x64,0xe1,0xff,0x64,0xe1,0xff,0x64,0xe1,0xff,0x64,0xe1,0xff,0x64,0xe1,0xff,0x64,0xe1,0xff,0x64,0xe1,0xff,0x64,0xe1,0xff,
    0x64,0xe1,0xff,0x64,0xe1,0xff,0x64,0xe1,0xff,0x64,0xe1,0xfd,0x65,0xe9,0xfc,0x65,0xe9,0xda,0x24,0xd9,0x1b,0x00,0x00,0x00,
    0xaa,0xfa,0x03,0x00,0x00,0x00,0x00,0x00,0x00,0x00,0x00,0x00,0x00,0x00,0x00,0x00,0x00,0x00,0x00,0x00,0x00,0x00,0x00,0x00,
    0x00,0x00,0x00,0x00,0x00,0x00,0x00,0x00,0x00,0x00,0x00,0x00,0x00,0x00,0x00,0x00,0x00,0x00,0x00,0x00,0x00,0x00,0x00,0x00,
    0x00,0x00,0x00,0x00,0x00,0x00,0x00,0x00,0x00,0x00,0x00,0x00,0x00,0x00,0x00,0x00,0x00,0x00,0x00,0x00,0x00,0x00,0x00,0x00,
    0x00,0x00,0x00,0x00,0x00,0x00,0x00,0x00,0x00,0x00,0x00,0x00,0x00,0x00,0x00,0x00,0x00,0x00,0x00,0x00,0x00,0x00,0x00,0x00,
    0x00,0x00,0x00,0x00,0x00,0x00,0x00,0x00,0x00,0x00,0x00,0x00,0x00,0x00,0x00,0x00,0x00,0x00,0x00,0x00,0x00,0x00,0x00,0x00,
    0x00,0x00,0x00,0x00,0x00,0x00,0x00,0x00,0x00,0x00,0x00,0x00,0x00,0x00,0x00,0x00,0x00,0x00,0x00,0x00,0x00,0x00,0x00,0x00,
    0x00,0x00,0x00,0x00,0x00,0x00,0x45,0xd1,0x06,0xe7,0xf9,0x04,0x64,0xe1,0x94,0x85,0xf9,0xff,0x64,0xe1,0xfb,0x64,0xe1,0xff,
    0x64,0xe1,0xff,0x64,0xe1,0xff,0x64,0xe1,0xff,0x64,0xe1,0xff,0x64,0xe1,0xff,0x64,0xe1,0xff,0x64,0xe1,0xff,0x64,0xe1,0xff,
    0x64,0xe1,0xff,0x64,0xe1,0xff,0x64,0xe1,0xff,0x64,0xe1,0xfc,0x85,0xf1,0xff,0x64,0xe9,0x43,0x00,0xf8,0x01,0xaa,0xfa,0x03,
    0x00,0x00,0x00,0x00,0x00,0x00,0x00,0x00,0x00,0x00,0x00,0x00,0x00,0x00,0x00,0x00,0x00,0x00,0x00,0x00,0x00,0x00,0x00,0x00,
    0x00,0x00,0x00,0x00,0x00,0x00,0x00,0x00,0x00,0x00,0x00,0x00,0x00,0xf8,0x03,0x00,0x00,0x00,0x64,0xe1,0x54,0x85,0xf1,0xff,
    0x64,0xe1,0xfd,0x64,0xe1,0xff,0x64,0xe1,0xff,0x64,0xe1,0xff,0x64,0xe1,0xff,0x64,0xe1,0xff,0x64,0xe1,0xff,0x64,0xe1,0xff,
    0x64,0xe1,0xff,0x64,0xe1,0xff,0x64,0xe1,0xff,0x64,0xe1,0xfe,0x64,0xe1,0xfe,0x64,0xe1,0xfd,0x64,0xe1,0xfa,0x64,0xe1,0xfe,
    0x64,0xe1,0xff,0x65,0xe9,0xff,0x85,0xf1,0xff,0x85,0xf1,0xff,0x85,0xf1,0xff,0x64,0xe1,0xd0,0x65,0xf1,0xc5,0x64,0xe1,0x81,
    0x84,0xe9,0x54,0x45,0xf1,0x12,0x00,0x00,0x00,0x00,0x00,0x00,0x00,0x00,0x00,0x00,0x00,0x00,0x00,0x00,0x00,0xe7,0xf9,0x04,
    0x86,0xc9,0x05,0x00,0xa8,0x03,0x00,0xf8,0x02,0x00,0x00,0x00,0x00,0x00,0x00,0x00,0x00,0x00,0x00,0x00,0x00,0x00,0x00,0x00,
    0x00,0x00,0x00,0x00,0x00,0x00,0x00,0x00,0x00,0x00,0x00,0x00,0x00,0x00,0x00,0x00,0x00,0x00,0x00,0x00,0x00,0x00,0x00,0x00,
    0x00,0x00,0x00,0x00,0x00,0x00,0x00,0x00,0x00,0x00,0x00,0x00,0x00,0x00,0x00,0x00,0x00,0x00,0x00,0x00,0x00,0x00,0x00,0x00,
    0x00,0x00,0x00,0x00,0x00,0x00,0x00,0x00,0x00,0x00,0x00,0x00,0x00,0x00,0x00,0x00,0x00,0x00,0x00,0x00,0x00,0x00,0x00,0x00,
    0x00,0x00,0x00,0x00,0x00,0x00,0x00,0x00,0x00,0x00,0x00,0x00,0x00,0x00,0x00,0x00,0x00,0x00,0x00,0x00,0x00,0x00,0x00,0x00,
    0x00,0x00,0x00,0x00,0x00,0x00,0x00,0xf8,0x01,0x00,0x00,0x00,0x24,0xe9,0x0d,0x64,0xe1,0xed,0x65,0xe9,0xff,0x64,0xe1,0xfe,
    0x64,0xe1,0xff,0x64,0xe1,0xff,0x64,0xe1,0xff,0x64,0xe1,0xff,0x64,0xe1,0xff,0x64,0xe1,0xff,0x64,0xe1,0xfd,0x85,0xe9,0xfe,
    0x65,0xe1,0x32,0x00,0x00,0x00,0x00,0xa8,0x03,0x00,0x00,0x00,0x00,0x00,0x00,0x00,0x00,0x00,0x00,0x00,0x00,0x00,0x00,0x00,
    0x00,0x00,0x00,0x00,0x00,0x00,0x00,0x00,0x00,0x00,0xf8,0x01,0x00,0x00,0x00,0x64,0xe1,0xd3,0x85,0xe9,0xff,0x64,0xe1,0xfd,
    0x64,0xe1,0xff,0x64,0xe1,0xff,0x64,0xe1,0xff,0x64,0xe1,0xff,0x64,0xe1,0xff,0x64,0xe1,0xff,0x64,0xe1,0xff,0x64,0xe1,0xff,
    0x64,0xe1,0xff,0x64,0xe1,0xff,0x64,0xe1,0xff,0x64,0xe1,0xff,0x64,0xe1,0xff,0x64,0xe1,0xff,0x64,0xe1,0xfd,0x85,0xf1,0xff,
    0x64,0xe9,0xda,0x44,0xd9,0x1d,0x00,0x00,0x00,0x86,0xf9,0x05,0x00,0xf8,0x01,0x00,0x00,0x00,0x00,0x00,0x00,0x00,0x00,0x00,
    0x00,0x00,0x00,0x00,0x00,0x00,0x00,0x00,0x00,0x00,0x00,0x00,0x00,0x00,0x00,0x00,0x00,0x00,0x00,0x00,0x00,0x00,0x00,0x00,
    0x00,0x00,0x00,0x00,0x00,0x00,0x00,0x00,0x00,0x00,0x00,0x00,0x00,0x00,0x00,0x00,0x00,0x00,0x00,0x00,0x00,0x00,0x00,0x00,
    0x00,0x00,0x00,0x00,0x00,0x00,0x00,0x00,0x00,0x00,0x00,0x00,0x00,0x00,0x00,0x00,0x00,0x00,0x00,0x00,0x00,0x00,0x00,0x00,
    0x00,0x00,0x00,0x00,0x00,0x00,0x00,0x00,0x00,0x00,0x00,0x00,0x00,0x00,0x00,0x00,0x00,0x00,0x00,0x00,0x00,0x00,0x00,0x00,
    0x00,0x00,0x00,0x00,0x00,0x00,0x00,0x00,0x00,0x00,0x00,0x00,0x00,0x00,0x00,0x00,0x00,0x00,0x00,0x00,0x00,0x00,0x00,0x00,
    0x00,0x00,0x00,0x00,0x00,0x00,0x00,0x00,0x00,0x00,0x00,0x00,0x86,0xc9,0x05,0x00,0x00,0x01,0x64,0xe1,0x90,0x85,0xf9,0xff,
    0x64,0xe1,0xfb,0x64,0xe1,0xff,0x64,0xe1,0xff,0x64,0xe1,0xff,0x64,0xe1,0xff,0x64,0xe1,0xff,0x64,0xe1,0xff,0x64,0xe1,0xff,
    0x64,0xe1,0xff,0x64,0xe1,0xff,0x64,0xe1,0xff,0x64,0xe1,0xff,0x64,0xe1,0xfc,0x85,0xf1,0xff,0x64,0xe1,0xbe,0x00,0x00,0x00,
    0x00,0xf8,0x02,0x00,0x00,0x00,0x00,0x00,0x00,0x00,0x00,0x00,0x00,0x00,0x00,0x00,0x00,0x00,0x00,0x00,0x00,0x00,0x00,0x00,
    0x00,0x00,0x00,0x00,0x00,0x00,0x00,0x00,0x00,0x00,0x00,0x00,0x00,0x00,0x00,0x00,0x00,0x00,0xe7,0xf9,0x04,0xa0,0xfa,0x03,
    0x64,0xe1,0xab,0x85,0xf1,0xfe,0x64,0xe1,0xfb,0x64,0xe1,0xff,0x64,0xe1,0xff,0x64,0xe1,0xff,0x64,0xe1,0xff,0x64,0xe1,0xff,
    0x64,0xe1,0xff,0x64,0xe1,0xff,0x64,0xe1,0xff,0x64,0xe1,0xff,0x64,0xe1,0xff,0x64,0xe1,0xff,0x64,0xe1,0xff,0x64,0xe1,0xff,
    0x64,0xe1,0xff,0x64,0xe1,0xff,0x64,0xe1,0xff,0x64,0xe1,0xfd,0x64,0xe1,0xfb,0x64,0xe1,0xfc,0x64,0xe1,0xfd,0x85,0xe9,0xff,
    0x85,0xf1,0xff,0x85,0xf1,0xff,0x85,0xf1,0xff,0x64,0xe1,0xe7,0x64,0xe1,0xd5,0x64,0xe1,0x75,0x65,0xe9,0x71,0x84,0xe9,0x24,
    0x24,0xd1,0x0d,0x00,0x00,0x00,0x00,0x00,0x00,0x00,0x00,0x00,0x00,0x00,0x00,0xa0,0xfa,0x03,0xe7,0xb9,0x04,0xa0,0xfa,0x03,
    0x00,0xa8,0x03,0x00,0x00,0x00,0x00,0x00,0x00,0x00,0x00,0x00,0x00,0x00,0x00,0x00,0x00,0x00,0x00,0x00,0x00,0x00,0x00,0x00,
    0x00,0x00,0x00,0x00,0x00,0x00,0x00,0x00,0x00,0x00,0x00,0x00,0x00,0x00,0x00,0x00,0x00,0x00,0x00,0x00,0x00,0x00,0x00,0x00,
    0x00,0x00,0x00,0x00,0x00,0x00,0x00,0x00,0x00,0x00,0x00,0x00,0x00,0x00,0x00,0x00,0x00,0x00,0x00,0x00,0x00,0x00,0x00,0x00,
    0x00,0x00,0x00,0x00,0x00,0x00,0x00,0x00,0x00,0x00,0x00,0x00,0x00,0x00,0x00,0x00,0x00,0x00,0x00,0x00,0x00,0x00,0x00,0x00,
    0x00,0x00,0x00,0x00,0x00,0x00,0x00,0x00,0x00,0x00,0x00,0x00,0x00,0x00,0x00,0xe7,0xb9,0x04,0x00,0xf8,0x02,0x64,0xe1,0x97,
    0x85,0xf1,0xff,0x64,0xe1,0xfb,0x64,0xe1,0xff,0x64,0xe1,0xff,0x64,0xe1,0xff,0x64,0xe1,0xff,0x64,0xe1,0xff,0x64,0xe1,0xff,
    0x64,0xe1,0xfd,0x85,0xe9,0xfe,0x65,0xe1,0x32,0x00,0x00,0x00,0x00,0xa8,0x03,0x00,0x00,0x00,0x00,0x00,0x00,0x00,0x00,0x00,
    0x00,0x00,0x00,0x00,0x00,0x00,0x00,0x00,0x00,0x00,0x00,0x00,0x00,0x00,0x00,0x00,0xf8,0x01,0x00,0x00,0x00,0x64,0xe1,0xdb,
    0x85,0xe9,0xff,0x64,0xe1,0xfd,0x64,0xe1,0xff,0x64,0xe1,0xff,0x64,0xe1,0xff,0x64,0xe1,0xff,0x64,0xe1,0xff,0x64,0xe1,0xff,
    0x64,0xe1,0xff,0x64,0xe1,0xff,0x64,0xe1,0xff,0x64,0xe1,0xff,0x64,0xe1,0xff,0x64,0xe1,0xff,0x64,0xe1,0xff,0x64,0xe1,0xff,
    0x64,0xe1,0xff,0x64,0xe1,0xfc,0x85,0xf1,0xff,0x65,0xe9,0xdc,0x84,0xe1,0x1f,0x00,0x00,0x00,0x00,0x00,0x00,0x00,0xa8,0x03,
    0x00,0x00,0x00,0x00,0x00,0x00,0x00,0x00,0x00,0x00,0x00,0x00,0x00,0x00,0x00,0x00,0x00,0x00,0x00,0x00,0x00,0x00,0x00,0x00,
    0x00,0x00,0x00,0x00,0x00,0x00,0x00,0x00,0x00,0x00,0x00,0x00,0x00,0x00,0x00,0x00,0x00,0x00,0x00,0x00,0x00,0x00,0x00,0x00,
    0x00,0x00,0x00,0x00,0x00,0x00,0x00,0x00,0x00,0x00,0x00,0x00,0x00,0x00,0x00,0x00,0x00,0x00,0x00,0x00,0x00,0x00,0x00,0x00,
    0x00,0x00,0x00,0x00,0x00,0x00,0x00,0x00,0x00,0x00,0x00,0x00,0x00,0x00,0x00,0x00,0x00,0x00,0x00,0x00,0x00,0x00,0x00,0x00,
    0x00,0x00,0x00,0x00,0x00,0x00,0x00,0x00,0x00,0x00,0x00,0x00,0x00,0x00,0x00,0x00,0x00,0x00,0x00,0x00,0x00,0x00,0x00,0x00,
    0x00,0x00,0x00,0x00,0x00,0x00,0x00,0x00,0x00,0x00,0x00,0x00,0x00,0x00,0x00,0x00,0x00,0x00,0xe7,0xb9,0x04,0x00,0x00,0x00,
    0x64,0xe1,0x9f,0x85,0xf1,0xff,0x64,0xe1,0xfb,0x64,0xe1,0xff,0x64,0xe1,0xff,0x64,0xe1,0xff,0x64,0xe1,0xff,0x64,0xe1,0xff,
    0x64,0xe1,0xff,0x64,0xe1,0xff,0x64,0xe1,0xff,0x64,0xe1,0xff,0x64,0xe1,0xff,0x64,0xe1,0xff,0x64,0xe1,0xfa,0x85,0xf9,0xff,
    0x64,0xe9,0x6d,0x00,0xf8,0x01,0x86,0xc9,0x05,0x00,0x00,0x00,0x00,0x00,0x00,0x00,0x00,0x00,0x00,0x00,0x00,0x00,0x00,0x00,
    0x00,0x00,0x00,0x00,0x00,0x00,0x00,0x00,0x00,0x00,0x00,0x00,0x00,0x00,0x00,0x00,0x00,0x00,0x00,0x00,0x00,0x00,0x78,0x02,
    0x00,0x00,0x00,0xe5,0xf1,0x11,0x64,0xe1,0xf3,0x64,0xe9,0xff,0x64,0xe1,0xfe,0x64,0xe1,0xff,0x64,0xe1,0xff,0x64,0xe1,0xff,
    0x64,0xe1,0xff,0x64,0xe1,0xff,0x64,0xe1,0xff,0x64,0xe1,0xff,0x64,0xe1,0xff,0x64,0xe1,0xff,0x64,0xe1,0xff,0x64,0xe1,0xff,
    0x64,0xe1,0xff,0x64,0xe1,0xff,0x64,0xe1,0xff,0x64,0xe1,0xff,0x64,0xe1,0xff,0x64,0xe1,0xff,0x64,0xe1,0xff,0x64,0xe1,0xff,
    0x64,0xe1,0xff,0x64,0xe1,0xfd,0x64,0xe1,0xfc,0x64,0xe1,0xfc,0x64,0xe1,0xfb,0x65,0xe9,0xff,0x85,0xe9,0xff,0x85,0xf9,0xff,
    0x85,0xf9,0xff,0x64,0xe1,0xf8,0x64,0xe1,0xeb,0x64,0xe1,0x93,0x65,0xe9,0x8e,0x64,0xe9,0x3c,0x64,0xe1,0x20,0x00,0x00,0x00,
    0x00,0x00,0x00,0x00,0x00,0x00,0x00,0x00,0x00,0x00,0xf8,0x01,0x00,0xa8,0x03,0xe7,0xf9,0x04,0x00,0xf8,0x02,0x00,0x00,0x00,
    0x00,0x00,0x00,0x00,0x00,0x00,0x00,0x00,0x00,0x00,0x00,0x00,0x00,0x00,0x00,0x00,0x00,0x00,0x00,0x00,0x00,0x00,0x00,0x00,
    0x00,0x00,0x00,0x00,0x00,0x00,0x00,0x00,0x00,0x00,0x00,0x00,0x00,0x00,0x00,0x00,0x00,0x00,0x00,0x00,0x00,0x00,0x00,0x00,
    0x00,0x00,0x00,0x00,0x00,0x00,0x00,0x00,0x00,0x00,0x00,0x00,0x00,0x00,0x00,0x00,0x00,0x00,0x00,0x00,0x00,0x00,0x00,0x00,
    0x00,0x00,0x00,0x00,0x00,0x00,0x00,0x00,0x00,0x00,0x00,0x00,0x00,0x00,0x00,0x00,0x00,0x00,0x00,0x00,0x00,0x45,0xa9,0x06,
    0x00,0x00,0x00,0x64,0xe1,0x7e,0x85,0xf9,0xff,0x64,0xe1,0xfa,0x64,0xe1,0xff,0x64,0xe1,0xff,0x64,0xe1,0xff,0x64,0xe1,0xff,
    0x64,0xe1,0xff,0x64,0xe1,0xff,0x64,0xe1,0xfd,0x85,0xf1,0xff,0x44,0xe1,0x36,0x00,0x00,0x00,0x00,0xa8,0x03,0x00,0x00,0x00,
    0x00,0x00,0x00,0x00,0x00,0x00,0x00,0x00,0x00,0x00,0x00,0x00,0x00,0x00,0x00,0x00,0x00,0x00,0x00,0x00,0x00,0xaa,0xfa,0x03,
    0x00,0x00,0x00,0x65,0xe1,0x91,0x85,0xf1,0xff,0x64,0xe1,0xfb,0x64,0xe1,0xff,0x64,0xe1,0xff,0x64,0xe1,0xff,0x64,0xe1,0xff,
    0x64,0xe1,0xff,0x64,0xe1,0xff,0x64,0xe1,0xff,0x64,0xe1,0xff,0x64,0xe1,0xff,0x64,0xe1,0xff,0x64,0xe1,0xff,0x64,0xe1,0xff,
    0x64,0xe1,0xff,0x64,0xe1,0xff,0x64,0xe1,0xff,0x64,0xe1,0xff,0x64,0xe1,0xfc,0x85,0xf1,0xff,0x64,0xe9,0xe0,0x65,0xf1,0x71,
    0x63,0xc9,0x10,0x00,0x00,0x00,0x00,0xf8,0x01,0xe7,0xb9,0x04,0x00,0xf8,0x01,0x00,0x00,0x00,0x00,0x00,0x00,0x00,0x00,0x00,
    0x00,0x00,0x00,0x00,0x00,0x00,0x00,0x00,0x00,0x00,0x00,0x00,0x00,0x00,0x00,0x00,0x00,0x00,0x00,0x00,0x00,0x00,0x00,0x00,
    0x00,0x00,0x00,0x00,0x00,0x00,0x00,0x00,0x00,0x00,0x00,0x00,0x00,0x00,0x00,0x00,0x00,0x00,0x00,0x00,0x00,0x00,0x00,0x00,
    0x00,0x00,0x00,0x00,0x00,0x00,0x00,0x00,0x00,0x00,0x00,0x00,0x00,0x00,0x00,0x00,0x00,0x00,0x00,0x00,0x00,0x00,0x00,0x00,
    0x00,0x00,0x00,0x00,0x00,0x00,0x00,0x00,0x00,0x00,0x00,0x00,0x00,0x00,0x00,0x00,0x00,0x00,0x00,0x00,0x00,0x00,0x00,0x00,
    0x00,0x00,0x00,0x00,0x00,0x00,0x00,0x00,0x00,0x00,0x00,0x00,0x00,0x00,0x00,0x00,0x00,0x00,0x00,0x00,0x00,0x00,0xf8,0x02,
    0x00,0x00,0x00,0x64,0xe1,0x22,0x64,0xe9,0xf7,0x64,0xe1,0xfe,0x64,0xe1,0xfe,0x64,0xe1,0xff,0x64,0xe1,0xff,0x64,0xe1,0xff,
    0x64,0xe1,0xff,0x64,0xe1,0xff,0x64,0xe1,0xff,0x64,0xe1,0xff,0x64,0xe1,0xff,0x64,0xe1,0xff,0x64,0xe1,0xff,0x64,0xe1,0xfd,
    0x65,0xe9,0xff,0x64,0xe1,0xe5,0x84,0xe1,0x15,0x00,0xf8,0x01,0x00,0xf8,0x01,0x00,0x00,0x00,0x00,0x00,0x00,0x00,0x00,0x00,
    0x00,0x00,0x00,0x00,0x00,0x00,0x00,0x00,0x00,0x00,0x00,0x00,0x00,0x00,0x00,0x00,0x00,0x00,0x00,0x00,0x00,0x00,0x00,0x00,
    0x00,0x00,0x00,0xe7,0xb9,0x04,0x00,0x00,0x00,0x64,0xe9,0x5b,0x85,0xf1,0xff,0x64,0xe1,0xfb,0x64,0xe1,0xff,0x64,0xe1,0xff,
    0x64,0xe1,0xff,0x64,0xe1,0xff,0x64,0xe1,0xff,0x64,0xe1,0xff,0x64,0xe1,0xff,0x64,0xe1,0xff,0x64,0xe1,0xff,0x64,0xe1,0xff,
    0x64,0xe1,0xff,0x64,0xe1,0xff,0x64,0xe1,0xff,0x64,0xe1,0xff,0x64,0xe1,0xff,0x64,0xe1,0xff,0x64,0xe1,0xff,0x64,0xe1,0xff,
    0x64,0xe1,0xff,0x64,0xe1,0xff,0x64,0xe1,0xff,0x64,0xe1,0xff,0x64,0xe1,0xff,0x64,0xe1,0xff,0x64,0xe1,0xff,0x64,0xe1,0xfd,
    0x64,0xe1,0xfd,0x64,0xe1,0xfb,0x64,0xe1,0xfa,0x64,0xe9,0xff,0x65,0xe9,0xff,0x85,0xf1,0xff,0x85,0xf9,0xff,0x65,0xe9,0xff,
    0x64,0xe1,0xfb,0x65,0xe9,0xb1,0x64,0xe1,0x94,0x44,0xe9,0x3a,0x65,0xe9,0x38,0x00,0x00,0x00,0x00,0x00,0x00,0x00,0x00,0x00,
    0x00,0x00,0x00,0x00,0x00,0x00,0x00,0x00,0x00,0x86,0xc9,0x05,0xa0,0xfa,0x03,0x00,0xf8,0x01,0x00,0x00,0x00,0x00,0x00,0x00,
    0x00,0x00,0x00,0x00,0x00,0x00,0x00,0x00,0x00,0x00,0x00,0x00,0x00,0x00,0x00,0x00,0x00,0x00,0x00,0x00,0x00,0x00,0x00,0x00,
    0x00,0x00,0x00,0x00,0x00,0x00,0x00,0x00,0x00,0x00,0x00,0x00,0x00,0x00,0x00,0x00,0x00,0x00,0x00,0x00,0x00,0x00,0x00,0x00,
    0x00,0x00,0x00,0x00,0x00,0x00,0x00,0x00,0x00,0x00,0x00,0x00,0x00,0x00,0x00,0x00,0x00,0x00,0x00,0x00,0x00,0x00,0x00,0x00,
    0x00,0xf8,0x01,0x00,0x78,0x02,0x24,0xf9,0x07,0x64,0xe1,0xcc,0x85,0xe9,0xff,0x64,0xe1,0xfd,0x64,0xe1,0xff,0x64,0xe1,0xff,
    0x64,0xe1,0xff,0x64,0xe1,0xff,0x64,0xe1,0xff,0x64,0xe1,0xfe,0x64,0xe9,0xfd,0x64,0xe9,0xf0,0x64,0xe9,0x27,0x00,0xf8,0x01,
    0x00,0xf8,0x02,0x00,0x00,0x00,0x00,0x00,0x00,0x00,0x00,0x00,0x00,0x00,0x00,0x00,0x00,0x00,0x00,0x00,0x00,0x00,0x00,0x00,
    0x00,0x00,0x00,0xaa,0xfa,0x03,0x00,0x00,0x00,0x44,0xe1,0x40,0x85,0xf1,0xfe,0x64,0xe1,0xfb,0x64,0xe1,0xff,0x64,0xe1,0xff,
    0x64,0xe1,0xff,0x64,0xe1,0xff,0x64,0xe1,0xff,0x64,0xe1,0xff,0x64,0xe1,0xff,0x64,0xe1,0xff,0x64,0xe1,0xff,0x64,0xe1,0xff,
    0x64,0xe1,0xff,0x64,0xe1,0xff,0x64,0xe1,0xff,0x64,0xe1,0xff,0x64,0xe1,0xff,0x64,0xe1,0xff,0x64,0xe1,0xff,0x64,0xe1,0xfd,
    0x65,0xe9,0xff,0x85,0xf9,0xff,0x65,0xe9,0xcb,0x64,0xe1,0x3d,0x00,0x00,0x00,0x00,0x00,0x00,0x00,0x00,0x00,0x00,0xf8,0x02,
    0xe7,0xb9,0x04,0x00,0xf8,0x02,0x00,0xf8,0x01,0x00,0x00,0x00,0x00,0x00,0x00,0x00,0x00,0x00,0x00,0x00,0x00,0x00,0x00,0x00,
    0x00,0x00,0x00,0x00,0x00,0x00,0x00,0x00,0x00,0x00,0x00,0x00,0x00,0x00,0x00,0x00,0x00,0x00,0x00,0x00,0x00,0x00,0x00,0x00,
    0x00,0x00,0x00,0x00,0x00,0x00,0x00,0x00,0x00,0x00,0x00,0x00,0x00,0x00,0x00,0x00,0x00,0x00,0x00,0x00,0x00,0x00,0x00,0x00,
    0x00,0x00,0x00,0x00,0x00,0x00,0x00,0x00,0x00,0x00,0x00,0x00,0x00,0x00,0x00,0x00,0x00,0x00,0x00,0x00,0x00,0x00,0x00,0x00,
    0x00,0x00,0x00,0x00,0x00,0x00,0x00,0x00,0x00,0x00,0x00,0x00,0x00,0x00,0x00,0x00,0x00,0x00,0x00,0x00,0x00,0x00,0x00,0x00,
    0x00,0x00,0x00,0xe7,0xb9,0x04,0x00,0x00,0x00,0x64,0xe1,0x9e,0x85,0xf1,0xff,0x64,0xe1,0xfb,0x64,0xe1,0xff,0x64,0xe1,0xff,
    0x64,0xe1,0xff,0x64,0xe1,0xff,0x64,0xe1,0xff,0x64,0xe1,0xff,0x64,0xe1,0xff,0x64,0xe1,0xff,0x64,0xe1,0xff,0x64,0xe1,0xff,
    0x64,0xe1,0xff,0x64,0xe1,0xfb,0x85,0xf9,0xff,0x64,0xe1,0x9b,0x00,0x00,0x00,0xe7,0xf9,0x04,0x00,0x00,0x00,0x00,0x00,0x00,
    0x00,0x00,0x00,0x00,0x00,0x00,0x00,0x00,0x00,0x00,0x00,0x00,0x00,0x00,0x00,0x00,0x00,0x00,0x00,0x00,0x00,0x00,0x00,0x00,
    0x00,0x00,0x00,0x00,0x00,0x00,0x00,0xf8,0x01,0x00,0xf8,0x02,0x86,0xc9,0x05,0x64,0xe1,0xd9,0x85,0xe9,0xff,0x64,0xe1,0xfd,
    0x64,0xe1,0xff,0x64,0xe1,0xff,0x64,0xe1,0xff,0x64,0xe1,0xff,0x64,0xe1,0xff,0x64,0xe1,0xff,0x64,0xe1,0xff,0x64,0xe1,0xff,
    0x64,0xe1,0xff,0x64,0xe1,0xff,0x64,0xe1,0xff,0x64,0xe1,0xff,0x64,0xe1,0xff,0x64,0xe1,0xff,0x64,0xe1,0xff,0x64,0xe1,0xff,
    0x64,0xe1,0xff,0x64,0xe1,0xff,0x64,0xe1,0xff,0x64,0xe1,0xff,0x64,0xe1,0xff,0x64,0xe1,0xff,0x64,0xe1,0xff,0x64,0xe1,0xff,
    0x64,0xe1,0xff,0x64,0xe1,0xff,0x64,0xe1,0xff,0x64,0xe1,0xff,0x64,0xe1,0xff,0x64,0xe1,0xfe,0x64,0xe1,0xfe,0x64,0xe1,0xfb,
    0x64,0xe1,0xfb,0x64,0xe1,0xfe,0x64,0xe1,0xff,0x85,0xf1,0xff,0x85,0xf1,0xff,0x85,0xf1,0xff,0x85,0xe9,0xff,0x65,0xe9,0xcb,
    0x64,0xe1,0xb0,0x85,0xf1,0x55,0x84,0xe1,0x34,0x00,0x00,0x00,0x00,0x00,0x00,0x00,0x00,0x00,0x00,0x00,0x00,0x00,0x00,0x00,
    0x00,0xf8,0x01,0x86,0xc9,0x05,0x00,0xf8,0x02,0x00,0xf8,0x02,0x00,0x00,0x00,0x00,0x00,0x00,0x00,0x00,0x00,0x00,0x00,0x00,
    0x00,0x00,0x00,0x00,0x00,0x00,0x00,0x00,0x00,0x00,0x00,0x00,0x00,0x00,0x00,0x00,0x00,0x00,0x00,0x00,0x00,0x00,0x00,0x00,
    0x00,0x00,0x00,0x00,0x00,0x00,0x00,0x00,0x00,0x00,0x00,0x00,0x00,0x00,0x00,0x00,0x00,0x00,0x00,0x00,0x00,0x00,0x00,0x00,
    0x00,0x00,0x00,0x00,0x00,0x00,0x00,0xf8,0x01,0x00,0x00,0x00,0x45,0xe9,0x0c,0x64,0xe1,0xf4,0x65,0xe9,0xff,0x64,0xe1,0xfe,
    0x64,0xe1,0xff,0x64,0xe1,0xff,0x64,0xe1,0xff,0x64,0xe1,0xff,0x64,0xe1,0xff,0x64,0xe1,0xfc,0x85,0xf1,0xff,0x64,0xe1,0xbd,
    0x00,0x00,0x00,0xa0,0xfa,0x03,0x00,0x00,0x00,0x00,0x00,0x00,0x00,0x00,0x00,0x00,0x00,0x00,0x00,0x00,0x00,0x00,0x00,0x00,
    0x00,0x00,0x00,0x00,0x00,0x00,0x00,0x00,0x00,0x00,0x00,0x00,0xef,0xfb,0x02,0x00,0x00,0x00,0x64,0xe1,0xc2,0x85,0xf1,0xfd,
    0x64,0xe1,0xfc,0x64,0xe1,0xff,0x64,0xe1,0xff,0x64,0xe1,0xff,0x64,0xe1,0xff,0x64,0xe1,0xff,0x64,0xe1,0xff,0x64,0xe1,0xff,
    0x64,0xe1,0xff,0x64,0xe1,0xff,0x64,0xe1,0xff,0x64,0xe1,0xff,0x64,0xe1,0xff,0x64,0xe1,0xff,0x64,0xe1,0xff,0x64,0xe1,0xff,
    0x64,0xe1,0xff,0x64,0xe1,0xff,0x64,0xe1,0xfe,0x64,0xe1,0xfb,0x85,0xf1,0xff,0x64,0xe9,0xff,0x64,0xe1,0xdb,0x64,0xe1,0x73,
    0x45,0xf9,0x12,0x00,0x00,0x00,0x00,0x00,0x00,0x00,0x00,0x00,0x00,0x00,0x00,0xe7,0xf9,0x04,0x00,0xf8,0x03,0xa0,0xfa,0x03,
    0x00,0xf8,0x01,0x00,0x00,0x00,0x00,0x00,0x00,0x00,0x00,0x00,0x00,0x00,0x00,0x00,0x00,0x00,0x00,0x00,0x00,0x00,0x00,0x00,
    0x00,0x00,0x00,0x00,0x00,0x00,0x00,0x00,0x00,0x00,0x00,0x00,0x00,0x00,0x00,0x00,0x00,0x00,0x00,0x00,0x00,0x00,0x00,0x00,
    0x00,0x00,0x00,0x00,0x00,0x00,0x00,0x00,0x00,0x00,0x00,0x00,0x00,0x00,0x00,0x00,0x00,0x00,0x00,0x00,0x00,0x00,0x00,0x00,
    0x00,0x00,0x00,0x00,0x00,0x00,0x00,0x00,0x00,0x00,0x00,0x00,0x00,0x00,0x00,0x00,0x00,0x00,0x00,0x00,0x00,0x00,0x00,0x00,
    0x00,0x00,0x00,0x00,0x00,0x00,0x00,0x00,0x00,0x00,0x00,0x00,0x00,0xf8,0x03,0x64,0xe9,0xea,0x65,0xe9,0xfe,0x64,0xe1,0xfd,
    0x64,0xe1,0xff,0x64,0xe1,0xff,0x64,0xe1,0xff,0x64,0xe1,0xff,0x64,0xe1,0xff,0x64,0xe1,0xff,0x64,0xe1,0xff,0x64,0xe1,0xff,
    0x64,0xe1,0xff,0x64,0xe1,0xff,0x64,0xe1,0xff,0x64,0xe1,0xfe,0x65,0xe9,0xff,0x64,0xe9,0x3b,0x00,0xf8,0x01,0x00,0xf8,0x02,
    0x00,0x00,0x00,0x00,0x00,0x00,0x00,0x00,0x00,0x00,0x00,0x00,0x00,0x00,0x00,0x00,0x00,0x00,0x00,0x00,0x00,0x00,0x00,0x00,
    0x00,0x00,0x00,0x00,0x00,0x00,0x00,0x00,0x00,0x00,0x00,0x00,0xe7,0xf9,0x04,0x00,0x00,0x00,0x65,0xe1,0x5f,0x85,0xf1,0xff,
    0x64,0xe1,0xfb,0x64,0xe1,0xff,0x64,0xe1,0xff,0x64,0xe1,0xff,0x64,0xe1,0xff,0x64,0xe1,0xff,0x64,0xe1,0xff,0x64,0xe1,0xff,
    0x64,0xe1,0xff,0x64,0xe1,0xff,0x64,0xe1,0xff,0x64,0xe1,0xff,0x64,0xe1,0xff,0x64,0xe1,0xff,0x64,0xe1,0xff,0x64,0xe1,0xff,
    0x64,0xe1,0xff,0x64,0xe1,0xff,0x64,0xe1,0xff,0x64,0xe1,0xff,0x64,0xe1,0xff,0x64,0xe1,0xff,0x64,0xe1,0xff,0x64,0xe1,0xff,
    0x64,0xe1,0xff,0x64,0xe1,0xff,0x64,0xe1,0xff,0x64,0xe1,0xff,0x64,0xe1,0xff,0x64,0xe1,0xff,0x64,0xe1,0xff,0x64,0xe1,0xff,
    0x64,0xe1,0xff,0x64,0xe1,0xff,0x64,0xe1,0xff,0x64,0xe1,0xff,0x64,0xe1,0xfe,0x64,0xe1,0xfb,0x64,0xe1,0xfc,0x64,0xe1,0xfd,
    0x64,0xe1,0xfd,0x85,0xf1,0xff,0x85,0xf1,0xff,0x85,0xf9,0xff,0x64,0xe1,0xfc,0x65,0xe9,0xdd,0x64,0xe1,0xca,0x85,0xf1,0x71,
    0x64,0xe1,0x4d,0xa6,0xf9,0x0e,0x00,0x00,0x00,0x00,0x00,0x00,0x00,0x00,0x00,0x00,0x00,0x00,0xaa,0xfa,0x03,0xe7,0xf9,0x04,
    0xa0,0xfa,0x03,0x00,0xa8,0x03,0x00,0x00,0x00,0x00,0x00,0x00,0x00,0x00,0x00,0x00,0x00,0x00,0x00,0x00,0x00,0x00,0x00,0x00,
    0x00,0x00,0x00,0x00,0x00,0x00,0x00,0x00,0x00,0x00,0x00,0x00,0x00,0x00,0x00,0x00,0x00,0x00,0x00,0x00,0x00,0x00,0x00,0x00,
    0x00,0x00,0x00,0x00,0x00,0x00,0x00,0x00,0x00,0x00,0x00,0x00,0xe7,0xf9,0x04,0x00,0xf8,0x01,0x65,0xe1,0x5c,0x85,0xf1,0xfb,
    0x64,0xe1,0xfb,0x64,0xe1,0xff,0x64,0xe1,0xff,0x64,0xe1,0xff,0x64,0xe1,0xff,0x64,0xe1,0xff,0x64,0xe1,0xff,0x64,0xe1,0xfc,
    0x85,0xf1,0xff,0x64,0xe1,0xb7,0x00,0x00,0x00,0xa0,0xfa,0x03,0x00,0x00,0x00,0x00,0x00,0x00,0x00,0x00,0x00,0x00,0x00,0x00,
    0x00,0x00,0x00,0x00,0x00,0x00,0x00,0x00,0x00,0x00,0x00,0x00,0x00,0x00,0x00,0x00,0x00,0x00,0xe7,0xb9,0x04,0x00,0xf8,0x01,
    0x64,0xe9,0x41,0x85,0xf1,0xff,0x64,0xe1,0xfa,0x64,0xe1,0xfe,0x64,0xe1,0xff,0x64,0xe1,0xff,0x64,0xe1,0xff,0x64,0xe1,0xff,
    0x64,0xe1,0xff,0x64,0xe1,0xff,0x64,0xe1,0xff,0x64,0xe1,0xff,0x64,0xe1,0xff,0x64,0xe1,0xff,0x64,0xe1,0xff,0x64,0xe1,0xff,
    0x64,0xe1,0xff,0x64,0xe1,0xff,0x64,0xe1,0xff,0x64,0xe1,0xff,0x64,0xe1,0xff,0x64,0xe1,0xff,0x64,0xe1,0xfd,0x64,0xe1,0xfe,
    0x85,0xe9,0xff,0x85,0xf1,0xff,0x64,0xe9,0xf0,0x65,0xf1,0xab,0x64,0xe1,0x67,0x85,0xf9,0x23,0x45,0xd1,0x06,0x00,0x00,0x00,
    0x00,0x00,0x00,0x00,0x00,0x00,0x00,0x00,0x00,0x00,0xf8,0x02,0x00,0xf8,0x02,0xe7,0xf9,0x04,0x00,0xf8,0x02,0x00,0x00,0x00,
    0x00,0x00,0x00,0x00,0x00,0x00,0x00,0x00,0x00,0x00,0x00,0x00,0x00,0x00,0x00,0x00,0x00,0x00,0x00,0x00,0x00,0x00,0x00,0x00,
    0x00,0x00,0x00,0x00,0x00,0x00,0x00,0x00,0x00,0x00,0x00,0x00,0x00,0x00,0x00,0x00,0x00,0x00,0x00,0x00,0x00,0x00,0x00,0x00,
    0x00,0x00,0x00,0x00,0x00,0x00,0x00,0x00,0x00,0x00,0x00,0x00,0x00,0x00,0x00,0x00,0x00,0x00,0x00,0x00,0x00,0x00,0x00,0x00,
    0x00,0x00,0x00,0x00,0x00,0x00,0x00,0x00,0x00,0x00,0x00,0x00,0xaa,0xfa,0x03,0x00,0xf8,0x01,0x65,0xe1,0x66,0x85,0xf1,0xfc,
    0x64,0xe1,0xfb,0x64,0xe1,0xff,0x64,0xe1,0xff,0x64,0xe1,0xff,0x64,0xe1,0xff,0x64,0xe1,0xff,0x64,0xe1,0xff,0x64,0xe1,0xff,
    0x64,0xe1,0xff,0x64,0xe1,0xff,0x64,0xe1,0xff,0x64,0xe1,0xff,0x64,0xe1,0xfc,0x85,0xf1,0xfe,0x64,0xe1,0xad,0x00,0x00,0x00,
    0xaa,0xfa,0x03,0x00,0x00,0x00,0x00,0x00,0x00,0x00,0x00,0x00,0x00,0x00,0x00,0x00,0x00,0x00,0x00,0x00,0x00,0x00,0x00,0x00,
    0x00,0x00,0x00,0x00,0x00,0x00,0x00,0x00,0x00,0x00,0x00,0x00,0x00,0x00,0x00,0x00,0x00,0x00,0x00,0xf8,0x01,0x65,0xe1,0x0b,
    0x65,0xe9,0xd7,0x85,0xe9,0xfe,0x64,0xe1,0xfd,0x64,0xe1,0xff,0x64,0xe1,0xff,0x64,0xe1,0xff,0x64,0xe1,0xff,0x64,0xe1,0xff,
    0x64,0xe1,0xff,0x64,0xe1,0xff,0x64,0xe1,0xff,0x64,0xe1,0xff,0x64,0xe1,0xff,0x64,0xe1,0xff,0x64,0xe1,0xff,0x64,0xe1,0xff,
    0x64,0xe1,0xff,0x64,0xe1,0xff,0x64,0xe1,0xff,0x64,0xe1,0xff,0x64,0xe1,0xff,0x64,0xe1,0xff,0x64,0xe1,0xff,0x64,0xe1,0xff,
    0x64,0xe1,0xff,0x64,0xe1,0xff,0x64,0xe1,0xff,0x64,0xe1,0xff,0x64,0xe1,0xff,0x64,0xe1,0xff,0x64,0xe1,0xff,0x64,0xe1,0xff,
    0x64,0xe1,0xff,0x64,0xe1,0xff,0x64,0xe1,0xff,0x64,0xe1,0xff,0x64,0xe1,0xff,0x64,0xe1,0xff,0x64,0xe1,0xff,0x64,0xe1,0xff,
    0x64,0xe1,0xff,0x64,0xe1,0xff,0x64,0xe1,0xff,0x64,0xe1,0xfc,0x64,0xe1,0xfc,0x64,0xe1,0xfb,0x64,0xe1,0xff,0x65,0xe9,0xff,
    0x85,0xe9,0xff,0x85,0xf9,0xff,0x65,0xe9,0xff,0x65,0xe9,0xf1,0x64,0xe1,0xb8,0x65,0xe9,0x8e,0x64,0xe9,0x3b,0x85,0xe1,0x1f,
    0x00,0x00,0x00,0x00,0x00,0x00,0x00,0x00,0x00,0x00,0x00,0x00,0x00,0xf8,0x01,0x00,0xf8,0x02,0xaa,0xfa,0x03,0x00,0xf8,0x02,
    0x00,0x00,0x00,0x00,0x00,0x00,0x00,0x00,0x00,0x00,0x00,0x00,0x00,0x00,0x00,0x00,0x00,0x00,0x00,0x00,0x00,0x00,0x00,0x00,
    0x00,0x00,0x00,0x00,0x00,0x00,0x00,0x00,0x00,0x00,0x00,0x00,0x00,0x00,0x00,0x00,0x00,0x00,0xe7,0xf9,0x04,0x00,0x00,0x00,
    0x64,0xe1,0x7c,0x85,0xf9,0xff,0x64,0xe1,0xfa,0x64,0xe1,0xff,0x64,0xe1,0xff,0x64,0xe1,0xff,0x64,0xe1,0xff,0x64,0xe1,0xff,
    0x64,0xe1,0xff,0x64,0xe1,0xfb,0x85,0xf1,0xff,0x65,0xe1,0x56,0x00,0x00,0x00,0xaa,0xfa,0x03,0x00,0x00,0x00,0x00,0x00,0x00,
    0x00,0x00,0x00,0x00,0x00,0x00,0x00,0x00,0x00,0x00,0x00,0x00,0x00,0x00,0x00,0x00,0x00,0x00,0x00,0x00,0x00,0x00,0x00,0x00,
    0x00,0x00,0x00,0x00,0xf8,0x02,0x00,0xf8,0x02,0x64,0xe1,0xa5,0x85,0xf9,0xff,0x64,0xe1,0xfa,0x64,0xe1,0xff,0x64,0xe1,0xff,
    0x64,0xe1,0xff,0x64,0xe1,0xff,0x64,0xe1,0xff,0x64,0xe1,0xff,0x64,0xe1,0xff,0x64,0xe1,0xff,0x64,0xe1,0xff,0x64,0xe1,0xff,
    0x64,0xe1,0xff,0x64,0xe1,0xff,0x64,0xe1,0xff,0x64,0xe1,0xff,0x64,0xe1,0xff,0x64,0xe1,0xff,0x64,0xe1,0xff,0x64,0xe1,0xff,
    0x64,0xe1,0xff,0x64,0xe1,0xff,0x64,0xe1,0xfd,0x64,0xe1,0xfc,0x64,0xe9,0xff,0x85,0xf1,0xff,0x85,0xf1,0xff,0x65,0xe9,0xff,
    0x64,0xe1,0xce,0x65,0xe9,0xab,0x64,0xe1,0x52,0x85,0xf9,0x3a,0x24,0xe1,0x14,0x00,0x00,0x00,0x00,0x00,0x00,0x00,0x00,0x00,
    0x00,0x00,0x00,0x00,0x00,0x00,0x00,0xf8,0x01,0x86,0xc9,0x05,0x00,0xa8,0x03,0x00,0xf8,0x01,0x00,0xf8,0x01,0x00,0x00,0x00,
    0x00,0x00,0x00,0x00,0x00,0x00,0x00,0x00,0x00,0x00,0x00,0x00,0x00,0x00,0x00,0x00,0x00,0x00,0x00,0x00,0x00,0x00,0x00,0x00,
    0x00,0x00,0x00,0x00,0x00,0x00,0x00,0x00,0x00,0x00,0x00,0x00,0x00,0x00,0x00,0x00,0x00,0x00,0x00,0x00,0x00,0x00,0x00,0x00,
    0x00,0x00,0x00,0x00,0x00,0x00,0x00,0x00,0x00,0x00,0x00,0x00,0x00,0x00,0x00,0x00,0x00,0x00,0x00,0xf8,0x02,0x00,0x00,0x00,
    0x64,0xe1,0xcb,0x85,0xf1,0xff,0x64,0xe1,0xfc,0x64,0xe1,0xff,0x64,0xe1,0xff,0x64,0xe1,0xff,0x64,0xe1,0xff,0x64,0xe1,0xff,
    0x64,0xe1,0xff,0x64,0xe1,0xff,0x64,0xe1,0xff,0x64,0xe1,0xff,0x64,0xe1,0xff,0x64,0xe1,0xff,0x64,0xe1,0xfc,0x85,0xf1,0xff,
    0x64,0xe1,0x48,0x00,0x00,0x00,0xaa,0xfa,0x03,0x00,0x00,0x00,0x00,0x00,0x00,0x00,0x00,0x00,0x00,0x00,0x00,0x00,0x00,0x00,
    0x00,0x00,0x00,0x00,0x00,0x00,0x00,0x00,0x00,0x00,0x00,0x00,0x00,0x00,0x00,0x00,0x00,0x00,0x00,0x00,0x00,0xaa,0xfa,0x03,
    0x00,0xf8,0x01,0x64,0xe1,0x48,0x85,0xf1,0xff,0x64,0xe1,0xfb,0x64,0xe1,0xff,0x64,0xe1,0xff,0x64,0xe1,0xff,0x64,0xe1,0xff,
    0x64,0xe1,0xff,0x64,0xe1,0xff,0x64,0xe1,0xff,0x64,0xe1,0xff,0x64,0xe1,0xff,0x64,0xe1,0xff,0x64,0xe1,0xff,0x64,0xe1,0xff,
    0x64,0xe1,0xff,0x64,0xe1,0xff,0x64,0xe1,0xfb,0x64,0xe1,0xfa,0x64,0xe1,0xfa,0x64,0xe1,0xfb,0x64,0xe1,0xfe,0x64,0xe1,0xfe,
    0x64,0xe1,0xff,0x64,0xe1,0xff,0x64,0xe1,0xff,0x64,0xe1,0xff,0x64,0xe1,0xff,0x64,0xe1,0xff,0x64,0xe1,0xff,0x64,0xe1,0xff,
    0x64,0xe1,0xff,0x64,0xe1,0xff,0x64,0xe1,0xff,0x64,0xe1,0xff,0x64,0xe1,0xff,0x64,0xe1,0xff,0x64,0xe1,0xff,0x64,0xe1,0xff,
    0x64,0xe1,0xff,0x64,0xe1,0xff,0x64,0xe1,0xff,0x64,0xe1,0xff,0x64,0xe1,0xff,0x64,0xe1,0xff,0x64,0xe1,0xff,0x64,0xe1,0xff,
    0x64,0xe1,0xfe,0x64,0xe1,0xfd,0x64,0xe1,0xfd,0x64,0xe1,0xfa,0x64,0xe1,0xfe,0x64,0xe9,0xff,0x85,0xf1,0xff,0x85,0xf9,0xff,
    0x65,0xe9,0xff,0x64,0xe1,0xfb,0x64,0xe1,0xae,0x85,0xe9,0xaa,0x84,0xe1,0x55,0x64,0xe1,0x37,0x00,0x00,0x00,0x00,0x00,0x00,
    0x00,0x00,0x00,0x00,0x00,0x00,0x00,0x00,0x00,0x00,0x00,0x00,0x86,0xc9,0x05,0xa0,0xfa,0x03,0x00,0xf8,0x01,0x00,0x00,0x00,
    0x00,0x00,0x00,0x00,0x00,0x00,0x00,0x00,0x00,0x00,0x00,0x00,0x00,0x00,0x00,0x00,0x00,0x00,0x00,0x00,0x00,0xe0,0xfb,0x02,
    0xaa,0xfa,0x03,0x24,0xe9,0x0d,0x64,0xe9,0xe2,0x64,0xe9,0xfe,0x64,0xe1,0xfd,0x64,0xe1,0xff,0x64,0xe1,0xff,0x64,0xe1,0xff,
    0x64,0xe1,0xff,0x64,0xe1,0xff,0x64,0xe1,0xff,0x64,0xe9,0xfc,0x85,0xf1,0xf6,0x85,0xe1,0x39,0x00,0x00,0x00,0xef,0xfb,0x02,
    0x00,0x00,0x00,0x00,0x00,0x00,0x00,0x00,0x00,0x00,0x00,0x00,0x00,0x00,0x00,0x00,0x00,0x00,0x00,0x00,0x00,0x00,0x00,0x00,
    0x00,0x00,0x00,0x00,0x00,0x00,0x00,0x00,0x00,0x00,0xf8,0x01,0xaa,0xaa,0x03,0x00,0x00,0x00,0x64,0xe9,0xa3,0x85,0xf9,0xff,
    0x64,0xe1,0xf9,0x64,0xe1,0xfd,0x64,0xe1,0xff,0x64,0xe1,0xff,0x64,0xe1,0xff,0x64,0xe1,0xff,0x64,0xe1,0xff,0x64,0xe1,0xff,
    0x64,0xe1,0xff,0x64,0xe1,0xff,0x64,0xe1,0xff,0x64,0xe1,0xff,0x64,0xe1,0xff,0x64,0xe1,0xff,0x64,0xe1,0xff,0x64,0xe1,0xff,
    0x64,0xe1,0xff,0x64,0xe1,0xff,0x64,0xe1,0xff,0x64,0xe1,0xff,0x64,0xe1,0xff,0x64,0xe1,0xff,0x64,0xe1,0xfe,0x64,0xe1,0xfc,
    0x64,0xe1,0xfd,0x64,0xe1,0xff,0x85,0xe9,0xff,0x85,0xf1,0xff,0x85,0xf1,0xff,0x85,0xf1,0xff,0x64,0xe1,0xe2,0x65,0xe9,0xc5,
    0x64,0xe1,0xa1,0x85,0xf9,0x54,0x44,0xd9,0x29,0x00,0x00,0x00,0x00,0x00,0x00,0x00,0x00,0x00,0x00,0x00,0x00,0x00,0x00,0x00,
    0x00,0x00,0x00,0x86,0xc9,0x05,0xa0,0xfa,0x03,0x00,0xf8,0x02,0x00,0xf8,0x01,0x00,0x00,0x00,0x00,0x00,0x00,0x00,0x00,0x00,
    0x00,0x00,0x00,0x00,0x00,0x00,0x00,0x00,0x00,0x00,0x00,0x00,0x00,0x00,0x00,0x00,0x00,0x00,0x00,0x00,0x00,0x00,0x00,0x00,
    0x00,0x00,0x00,0x00,0x00,0x00,0x00,0x00,0x00,0x00,0x00,0x00,0x00,0x00,0x00,0x00,0x00,0x00,0x00,0x00,0x00,0xe0,0xfb,0x02,
    0x00,0xf8,0x01,0x85,0xe9,0x33,0x65,0xe9,0xf3,0x64,0xe1,0xfd,0x64,0xe1,0xfe,0x64,0xe1,0xff,0x64,0xe1,0xff,0x64,0xe1,0xff,
    0x64,0xe1,0xff,0x64,0xe1,0xff,0x64,0xe1,0xff,0x64,0xe1,0xff,0x64,0xe1,0xff,0x64,0xe1,0xff,0x64,0xe1,0xff,0x64,0xe1,0xfe,
    0x65,0xe9,0xfe,0x64,0xe9,0xda,0x65,0xd9,0x10,0x00,0xf8,0x01,0x00,0xf8,0x01,0x00,0x00,0x00,0x00,0x00,0x00,0x00,0x00,0x00,
    0x00,0x00,0x00,0x00,0x00,0x00,0x00,0x00,0x00,0x00,0x00,0x00,0x00,0x00,0x00,0x00,0x00,0x00,0x00,0x00,0x00,0x00,0x00,0x00,
    0x00,0x00,0x00,0xa0,0xfa,0x03,0x00,0x00,0x00,0x64,0xe1,0x9f,0x85,0xf1,0xff,0x64,0xe1,0xfc,0x64,0xe1,0xff,0x64,0xe1,0xff,
    0x64,0xe1,0xff,0x64,0xe1,0xff,0x64,0xe1,0xff,0x64,0xe1,0xff,0x64,0xe1,0xff,0x64,0xe1,0xff,0x64,0xe1,0xff,0x64,0xe1,0xff,
    0x64,0xe1,0xff,0x64,0xe1,0xff,0x64,0xe1,0xff,0x64,0xe1,0xfd,0x85,0xf1,0xff,0x85,0xf9,0xff,0x85,0xf9,0xff,0x85,0xf1,0xff,
    0x65,0xe9,0xff,0x65,0xe9,0xff,0x64,0xe1,0xfb,0x64,0xe1,0xfa,0x64,0xe1,0xfc,0x64,0xe1,0xfd,0x64,0xe1,0xff,0x64,0xe1,0xff,
    0x64,0xe1,0xff,0x64,0xe1,0xff,0x64,0xe1,0xff,0x64,0xe1,0xff,0x64,0xe1,0xff,0x64,0xe1,0xff,0x64,0xe1,0xff,0x64,0xe1,0xff,
    0x64,0xe1,0xff,0x64,0xe1,0xff,0x64,0xe1,0xff,0x64,0xe1,0xff,0x64,0xe1,0xff,0x64,0xe1,0xff,0x64,0xe1,0xff,0x64,0xe1,0xff,
    0x64,0xe1,0xff,0x64,0xe1,0xff,0x64,0xe1,0xff,0x64,0xe1,0xff,0x64,0xe1,0xff,0x64,0xe1,0xff,0x64,0xe1,0xff,0x64,0xe1,0xfe,
    0x64,0xe1,0xfc,0x64,0xe1,0xfb,0x64,0xe1,0xfe,0x64,0xe1,0xff,0x85,0xf1,0xff,0x85,0xf1,0xff,0x85,0xf1,0xff,0x85,0xe9,0xff,
    0x64,0xe1,0xc9,0x65,0xe9,0xc4,0x85,0xf1,0x71,0x65,0xe1,0x32,0x00,0xf8,0x01,0x00,0x00,0x00,0x00,0x00,0x00,0x00,0x00,0x00,
    0x00,0x00,0x00,0x00,0xf8,0x01,0x86,0xc9,0x05,0xe7,0xb9,0x04,0x00,0xf8,0x02,0x00,0xf8,0x02,0x00,0xf8,0x02,0xa0,0xaa,0x03,
    0xe7,0xf9,0x04,0x00,0x00,0x00,0x00,0x00,0x00,0x64,0xe1,0xad,0x85,0xf1,0xff,0x64,0xe1,0xfc,0x64,0xe1,0xff,0x64,0xe1,0xff,
    0x64,0xe1,0xff,0x64,0xe1,0xff,0x64,0xe1,0xff,0x64,0xe1,0xff,0x64,0xe1,0xfd,0x85,0xe9,0xff,0x64,0xe1,0xd2,0x00,0x00,0x00,
    0x00,0xf8,0x01,0x00,0x00,0x00,0x00,0x00,0x00,0x00,0x00,0x00,0x00,0x00,0x00,0x00,0x00,0x00,0x00,0x00,0x00,0x00,0x00,0x00,
    0x00,0x00,0x00,0x00,0x00,0x00,0x00,0x00,0x00,0x00,0x00,0x00,0x00,0x00,0x00,0x00,0x00,0x00,0x00,0xf8,0x01,0x00,0xf8,0x02,
    0x00,0x00,0x00,0x64,0xe9,0xa1,0x85,0xf9,0xff,0x65,0xe9,0xff,0x64,0xe1,0xfc,0x64,0xe1,0xff,0x64,0xe1,0xff,0x64,0xe1,0xff,
    0x64,0xe1,0xff,0x64,0xe1,0xff,0x64,0xe1,0xff,0x64,0xe1,0xff,0x64,0xe1,0xff,0x64,0xe1,0xff,0x64,0xe1,0xff,0x64,0xe1,0xff,
    0x64,0xe1,0xff,0x64,0xe1,0xff,0x64,0xe1,0xff,0x64,0xe1,0xff,0x64,0xe1,0xff,0x64,0xe1,0xff,0x64,0xe1,0xff,0x64,0xe1,0xff,
    0x64,0xe1,0xff,0x64,0xe1,0xff,0x64,0xe1,0xff,0x64,0xe1,0xff,0x64,0xe1,0xfd,0x64,0xe1,0xfb,0x64,0xe1,0xfd,0x64,0xe1,0xfd,
    0x65,0xe9,0xff,0x85,0xf1,0xff,0x85,0xf1,0xff,0x85,0xf9,0xff,0x64,0xe1,0xf4,0x65,0xe9,0xdd,0x64,0xe1,0xbc,0x85,0xf1,0x71,
    0x44,0xe1,0x40,0xa4,0xf9,0x0e,0x24,0xd9,0x07,0x00,0x00,0x00,0x00,0x00,0x00,0x00,0x00,0x00,0x00,0x00,0x00,0xe7,0xf9,0x04,
    0xe7,0xb9,0x04,0xa0,0xfa,0x03,0x00,0xf8,0x02,0x00,0x00,0x00,0x00,0x00,0x00,0x00,0x00,0x00,0x00,0x00,0x00,0x00,0x00,0x00,
    0x00,0x00,0x00,0x00,0x00,0x00,0x00,0x00,0x00,0x00,0x00,0x00,0x00,0x00,0x00,0x00,0x00,0x00,0x00,0x00,0x00,0x00,0x00,0x00,
    0x00,0x00,0x00,0xe7,0xb9,0x04,0x00,0x00,0x00,0x64,0xe1,0xa1,0x85,0xf9,0xff,0x64,0xe1,0xfc,0x64,0xe1,0xff,0x64,0xe1,0xff,
    0x64,0xe1,0xff,0x64,0xe1,0xff,0x64,0xe1,0xff,0x64,0xe1,0xff,0x64,0xe1,0xff,0x64,0xe1,0xff,0x64,0xe1,0xff,0x64,0xe1,0xff,
    0x64,0xe1,0xff,0x64,0xe1,0xfb,0x85,0xf9,0xff,0x64,0xe1,0x75,0x00,0x00,0x00,0xe7,0xf9,0x04,0x00,0x00,0x00,0x00,0x00,0x00,
    0x00,0x00,0x00,0x00,0x00,0x00,0x00,0x00,0x00,0x00,0x00,0x00,0x00,0x00,0x00,0x00,0x00,0x00,0x00,0x00,0x00,0x00,0x00,0x00,
    0x00,0x00,0x00,0x00,0x00,0x00,0x00,0xf8,0x01,0xe0,0xfb,0x02,0x04,0xd9,0x0f,0x64,0xe9,0xe0,0x85,0xe9,0xfe,0x64,0xe1,0xfd,
    0x64,0xe1,0xff,0x64,0xe1,0xff,0x64,0xe1,0xff,0x64,0xe1,0xff,0x64,0xe1,0xff,0x64,0xe1,0xff,0x64,0xe1,0xff,0x64,0xe1,0xff,
    0x64,0xe1,0xff,0x64,0xe1,0xff,0x64,0xe1,0xff,0x64,0xe1,0xff,0x64,0xe1,0xfe,0x85,0xf1,0xff,0x64,0xe1,0xa5,0x64,0xe1,0x8e,
    0x64,0xe1,0x8e,0x64,0xe1,0xa2,0x64,0xe9,0xf1,0x64,0xe1,0xf1,0x85,0xf1,0xff,0x85,0xf9,0xff,0x85,0xf1,0xff,0x65,0xe9,0xff,
    0x64,0xe1,0xfc,0x64,0xe1,0xfb,0x64,0xe1,0xfc,0x64,0xe1,0xfd,0x64,0xe1,0xff,0x64,0xe1,0xff,0x64,0xe1,0xff,0x64,0xe1,0xff,
    0x64,0xe1,0xff,0x64,0xe1,0xff,0x64,0xe1,0xff,0x64,0xe1,0xff,0x64,0xe1,0xff,0x64,0xe1,0xff,0x64,0xe1,0xff,0x64,0xe1,0xff,
    0x64,0xe1,0xff,0x64,0xe1,0xff,0x64,0xe1,0xff,0x64,0xe1,0xff,0x64,0xe1,0xff,0x64,0xe1,0xff,0x64,0xe1,0xff,0x64,0xe1,0xff,
    0x64,0xe1,0xff,0x64,0xe1,0xff,0x64,0xe1,0xff,0x64,0xe1,0xff,0x64,0xe1,0xff,0x64,0xe1,0xfe,0x64,0xe1,0xfb,0x64,0xe1,0xfb,
    0x64,0xe1,0xfc,0x64,0xe1,0xfd,0x85,0xf1,0xff,0x85,0xf1,0xff,0x85,0xf9,0xff,0x64,0xe1,0xfb,0x65,0xe9,0xdd,0x64,0xe1,0xc9,
    0x85,0xf1,0x71,0x64,0xe1,0x4b,0xa6,0xf9,0x0e,0x00,0x00,0x00,0x00,0x00,0x00,0x00,0x00,0x00,0x00,0x00,0x00,0x00,0x00,0x00,
    0x00,0x00,0x00,0x00,0x00,0x00,0x00,0x00,0x00,0x84,0xe1,0x1a,0x64,0xe1,0x89,0x64,0xe9,0xfc,0x64,0xe1,0xfe,0x64,0xe1,0xff,
    0x64,0xe1,0xff,0x64,0xe1,0xff,0x64,0xe1,0xff,0x64,0xe1,0xff,0x64,0xe1,0xff,0x64,0xe1,0xff,0x64,0xe1,0xfa,0x85,0xf9,0xff,
    0x65,0xe1,0x7d,0x00,0xf8,0x01,0xe7,0xf9,0x04,0x00,0x00,0x00,0x00,0x00,0x00,0x00,0x00,0x00,0x00,0x00,0x00,0x00,0x00,0x00,
    0x00,0x00,0x00,0x00,0x00,0x00,0x00,0x00,0x00,0x00,0x00,0x00,0x00,0x00,0x00,0x00,0x00,0x00,0x00,0x00,0x00,0x00,0x00,0x00,
    0x00,0x00,0x00,0x00,0xf8,0x01,0x00,0xf8,0x01,0x00,0x00,0x00,0x64,0xe9,0x70,0x64,0xe9,0xe1,0x85,0xf1,0xff,0x64,0xe1,0xff,
    0x64,0xe1,0xfc,0x64,0xe1,0xfd,0x64,0xe1,0xff,0x64,0xe1,0xff,0x64,0xe1,0xff,0x64,0xe1,0xff,0x64,0xe1,0xff,0x64,0xe1,0xff,
    0x64,0xe1,0xff,0x64,0xe1,0xff,0x64,0xe1,0xff,0x64,0xe1,0xff,0x64,0xe1,0xff,0x64,0xe1,0xff,0x64,0xe1,0xff,0x64,0xe1,0xff,
    0x64,0xe1,0xff,0x64,0xe1,0xff,0x64,0xe1,0xff,0x64,0xe1,0xff,0x64,0xe1,0xff,0x64,0xe1,0xff,0x64,0xe1,0xff,0x64,0xe1,0xff,
    0x64,0xe1,0xff,0x64,0xe1,0xff,0x64,0xe1,0xfd,0x64,0xe1,0xfc,0x64,0xe1,0xfc,0x64,0xe1,0xfb,0x64,0xe9,0xff,0x65,0xe9,0xff,
    0x85,0xf1,0xff,0x85,0xf9,0xff,0x64,0xe1,0xff,0x65,0xe9,0xf1,0x64,0xe1,0xd4,0x85,0xf1,0x8e,0x84,0xe1,0x5a,0xa5,0xf1,0x22,
    0x65,0xd9,0x17,0x00,0x00,0x00,0x00,0x00,0x00,0x00,0x00,0x00,0x00,0x00,0x00,0x00,0xf8,0x02,0xa0,0xfa,0x03,0xe7,0xf9,0x04,
    0x00,0xf8,0x01,0x00,0x00,0x00,0x00,0x00,0x00,0x00,0x00,0x00,0x00,0x00,0x00,0x00,0x00,0x00,0x00,0x00,0x00,0x00,0x00,0x00,
    0x00,0x00,0x00,0x00,0x00,0x00,0x00,0xf8,0x01,0xef,0xfb,0x02,0x63,0xf1,0x11,0x64,0xe9,0xe0,0x65,0xe9,0xfe,0x64,0xe1,0xfe,
    0x64,0xe1,0xff,0x64,0xe1,0xff,0x64,0xe1,0xff,0x64,0xe1,0xff,0x64,0xe1,0xff,0x64,0xe1,0xff,0x64,0xe1,0xff,0x64,0xe1,0xff,
    0x64,0xe1,0xff,0x64,0xe1,0xff,0x64,0xe1,0xfe,0x64,0xe1,0xfd,0x65,0xe9,0xf7,0x65,0xe1,0x2b,0x00,0x00,0x00,0x00,0xf8,0x02,
    0x00,0x00,0x00,0x00,0x00,0x00,0x00,0x00,0x00,0x00,0x00,0x00,0x00,0x00,0x00,0x00,0x00,0x00,0x00,0x00,0x00,0x00,0x00,0x00,
    0x00,0x00,0x00,0x00,0x00,0x00,0x00,0x00,0x00,0x00,0x00,0x00,0xe7,0xb9,0x04,0x00,0x00,0x00,0x64,0xe1,0x72,0x85,0xf1,0xff,
    0x64,0xe1,0xfc,0x64,0xe1,0xff,0x64,0xe1,0xff,0x64,0xe1,0xff,0x64,0xe1,0xff,0x64,0xe1,0xff,0x64,0xe1,0xff,0x64,0xe1,0xff,
    0x64,0xe1,0xff,0x64,0xe1,0xff,0x64,0xe1,0xff,0x64,0xe1,0xff,0x64,0xe1,0xff,0x64,0xe1,0xfc,0x85,0xf1,0xfe,0x64,0xe9,0x80,
    0x00,0x00,0x00,0x00,0x00,0x00,0x00,0x00,0x00,0x00,0x00,0x00,0xa4,0xf9,0x0e,0x65,0xe1,0x11,0x65,0xe1,0x6a,0x65,0xe9,0x71,
    0x64,0xe1,0xbf,0x65,0xe9,0xde,0x85,0xf1,0xff,0x85,0xf1,0xff,0x85,0xf1,0xff,0x65,0xe9,0xff,0x64,0xe1,0xfd,0x64,0xe1,0xfd,
    0x64,0xe1,0xfb,0x64,0xe1,0xfc,0x64,0xe1,0xff,0x64,0xe1,0xff,0x64,0xe1,0xff,0x64,0xe1,0xff,0x64,0xe1,0xff,0x64,0xe1,0xff,
    0x64,0xe1,0xff,0x64,0xe1,0xff,0x64,0xe1,0xff,0x64,0xe1,0xff,0x64,0xe1,0xff,0x64,0xe1,0xff,0x64,0xe1,0xff,0x64,0xe1,0xff,
    0x64,0xe1,0xff,0x64,0xe1,0xff,0x64,0xe1,0xff,0x64,0xe1,0xff,0x64,0xe1,0xff,0x64,0xe1,0xff,0x64,0xe1,0xff,0x64,0xe1,0xff,
    0x64,0xe1,0xff,0x64,0xe1,0xff,0x64,0xe1,0xff,0x64,0xe1,0xff,0x64,0xe1,0xfc,0x64,0xe1,0xfc,0x64,0xe1,0xfb,0x64,0xe1,0xff,
    0x65,0xe9,0xff,0x85,0xe9,0xff,0x85,0xf9,0xff,0x65,0xe9,0xff,0x65,0xe9,0xf1,0x64,0xe1,0xb4,0x85,0xf1,0x8e,0x64,0xe1,0x69,
    0x64,0xe9,0x22,0x85,0xe9,0x25,0x64,0xe9,0x22,0x64,0xe1,0x47,0x85,0xf1,0x93,0x64,0xe1,0xee,0x85,0xf9,0xff,0x64,0xe1,0xff,
    0x64,0xe1,0xff,0x64,0xe1,0xff,0x64,0xe1,0xff,0x64,0xe1,0xff,0x64,0xe1,0xff,0x64,0xe1,0xff,0x64,0xe1,0xff,0x64,0xe1,0xff,
    0x64,0xe1,0xfd,0x65,0xe9,0xf7,0x64,0xe9,0x2e,0x00,0x00,0x00,0x00,0xf8,0x02,0x00,0x00,0x00,0x00,0x00,0x00,0x00,0x00,0x00,
    0x00,0x00,0x00,0x00,0x00,0x00,0x00,0x00,0x00,0x00,0x00,0x00,0x00,0x00,0x00,0x00,0x00,0x00,0x00,0x00,0x00,0x00,0x00,0x00,
    0x00,0x00,0x00,0x00,0x00,0x00,0x00,0x00,0x00,0x00,0x00,0x00,0x00,0xf8,0x01,0x00,0xf8,0x01,0x00,0x00,0x00,0x24,0xe9,0x0d,
    0x64,0xe1,0xa4,0x64,0xe9,0xfc,0x85,0xf1,0xff,0x65,0xe9,0xff,0x64,0xe1,0xfe,0x64,0xe1,0xfb,0x64,0xe1,0xfe,0x64,0xe1,0xff,
    0x64,0xe1,0xff,0x64,0xe1,0xff,0x64,0xe1,0xff,0x64,0xe1,0xff,0x64,0xe1,0xff,0x64,0xe1,0xff,0x64,0xe1,0xff,0x64,0xe1,0xff,
    0x64,0xe1,0xff,0x64,0xe1,0xff,0x64,0xe1,0xff,0x64,0xe1,0xff,0x64,0xe1,0xff,0x64,0xe1,0xff,0x64,0xe1,0xff,0x64,0xe1,0xff,
    0x64,0xe1,0xff,0x64,0xe1,0xff,0x64,0xe1,0xff,0x64,0xe1,0xff,0x64,0xe1,0xff,0x64,0xe1,0xff,0x64,0xe1,0xff,0x64,0xe1,0xff,
    0x64,0xe1,0xfe,0x64,0xe1,0xfd,0x64,0xe1,0xfc,0x64,0xe1,0xfa,0x64,0xe1,0xff,0x64,0xe9,0xff,0x65,0xe9,0xff,0x85,0xf9,0xff,
    0x85,0xe9,0xff,0x65,0xe9,0xff,0x64,0xe1,0xea,0x65,0xe9,0xab,0x64,0xe1,0xa3,0x85,0xf1,0x3f,0x44,0xe1,0x29,0x00,0x00,0x00,
    0x00,0x00,0x00,0x00,0x00,0x00,0x00,0x00,0x00,0x00,0x00,0x00,0x00,0xf8,0x01,0x86,0xc9,0x05,0xe7,0xb9,0x04,0x00,0xf8,0x01,
    0x00,0xf8,0x01,0x00,0x00,0x00,0x00,0x00,0x00,0x00,0x00,0x00,0x86,0xc9,0x05,0x00,0x00,0x00,0x64,0xe1,0x71,0x85,0xf9,0xff,
    0x64,0xe1,0xfc,0x64,0xe1,0xff,0x64,0xe1,0xff,0x64,0xe1,0xff,0x64,0xe1,0xff,0x64,0xe1,0xff,0x64,0xe1,0xff,0x64,0xe1,0xff,
    0x64,0xe1,0xff,0x64,0xe1,0xff,0x64,0xe1,0xff,0x64,0xe1,0xff,0x64,0xe1,0xfb,0x85,0xf1,0xfe,0x64,0xe1,0xa4,0x00,0x00,0x00,
    0xe7,0xb9,0x04,0x00,0x00,0x00,0x00,0x00,0x00,0x00,0x00,0x00,0x00,0x00,0x00,0x00,0x00,0x00,0x00,0x00,0x00,0x00,0x00,0x00,
    0x00,0x00,0x00,0x00,0x00,0x00,0x00,0x00,0x00,0x00,0x00,0x00,0x00,0x00,0x00,0x00,0x00,0x00,0xaa,0xfa,0x03,0x00,0x00,0x00,
    0x64,0xe1,0xc0,0x85,0xf1,0xfe,0x64,0xe1,0xfc,0x64,0xe1,0xff,0x64,0xe1,0xff,0x64,0xe1,0xff,0x64,0xe1,0xff,0x64,0xe1,0xff,
    0x64,0xe1,0xff,0x64,0xe1,0xff,0x64,0xe1,0xff,0x64,0xe1,0xff,0x64,0xe1,0xff,0x64,0xe1,0xff,0x64,0xe1,0xfc,0x85,0xf1,0xff,
    0x64,0xe1,0xcc,0x00,0x00,0x00,0xe7,0xf9,0x04,0x86,0xc9,0x05,0x86,0xc9,0x05,0xa0,0xfa,0x03,0x00,0x00,0x00,0x00,0x00,0x00,
    0x00,0x00,0x00,0x00,0x00,0x00,0x00,0x00,0x00,0x00,0xf8,0x01,0x64,0xe1,0x4e,0x84,0xe9,0x55,0x64,0xe1,0xa3,0x65,0xe9,0xde,
    0x85,0xf1,0xff,0x85,0xf1,0xff,0x85,0xf1,0xff,0x85,0xf1,0xff,0x64,0xe1,0xff,0x64,0xe1,0xfd,0x64,0xe1,0xfa,0x64,0xe1,0xfc,
    0x64,0xe1,0xfe,0x64,0xe1,0xfe,0x64,0xe1,0xff,0x64,0xe1,0xff,0x64,0xe1,0xff,0x64,0xe1,0xff,0x64,0xe1,0xff,0x64,0xe1,0xff,
    0x64,0xe1,0xff,0x64,0xe1,0xff,0x64,0xe1,0xff,0x64,0xe1,0xff,0x64,0xe1,0xff,0x64,0xe1,0xff,0x64,0xe1,0xff,0x64,0xe1,0xff,
    0x64,0xe1,0xff,0x64,0xe1,0xff,0x64,0xe1,0xff,0x64,0xe1,0xff,0x64,0xe1,0xff,0x64,0xe1,0xff,0x64,0xe1,0xff,0x64,0xe1,0xff,
    0x64,0xe1,0xff,0x64,0xe1,0xfe,0x64,0xe1,0xfd,0x64,0xe1,0xfd,0x64,0xe1,0xfa,0x64,0xe1,0xfe,0x64,0xe9,0xff,0x85,0xf1,0xff,
    0x85,0xf9,0xff,0x85,0xf1,0xff,0x64,0xe1,0xff,0x64,0xe1,0xff,0x64,0xe1,0xff,0x65,0xe9,0xff,0x85,0xf9,0xff,0x64,0xe9,0xff,
    0x64,0xe1,0xfb,0x64,0xe1,0xff,0x64,0xe1,0xff,0x64,0xe1,0xff,0x64,0xe1,0xff,0x64,0xe1,0xff,0x64,0xe1,0xff,0x64,0xe1,0xff,
    0x64,0xe1,0xff,0x64,0xe1,0xfd,0x85,0xf1,0xff,0x64,0xe1,0xd8,0x00,0x00,0x00,0x00,0xf8,0x01,0x00,0xf8,0x01,0x00,0x00,0x00,
    0x00,0x00,0x00,0x00,0x00,0x00,0x00,0x00,0x00,0x00,0x00,0x00,0x00,0x00,0x00,0x00,0x00,0x00,0x00,0x00,0x00,0x00,0x00,0x00,
    0x00,0x00,0x00,0x00,0x00,0x00,0x00,0x00,0x00,0x00,0x00,0x00,0x00,0x00,0x00,0x00,0x00,0x00,0x00,0x00,0x00,0x00,0x00,0x00,
    0xe7,0xf9,0x04,0x00,0x00,0x00,0x00,0x00,0x00,0x64,0xe1,0x2e,0x64,0xe9,0x6f,0x85,0xe9,0xdb,0x85,0xe9,0xff,0x85,0xf1,0xff,
    0x65,0xe9,0xff,0x64,0xe1,0xfe,0x64,0xe1,0xfa,0x64,0xe1,0xfd,0x64,0xe1,0xfd,0x64,0xe1,0xfe,0x64,0xe1,0xff,0x64,0xe1,0xff,
    0x64,0xe1,0xff,0x64,0xe1,0xff,0x64,0xe1,0xff,0x64,0xe1,0xff,0x64,0xe1,0xff,0x64,0xe1,0xff,0x64,0xe1,0xff,0x64,0xe1,0xff,
    0x64,0xe1,0xff,0x64,0xe1,0xff,0x64,0xe1,0xff,0x64,0xe1,0xff,0x64,0xe1,0xff,0x64,0xe1,0xff,0x64,0xe1,0xff,0x64,0xe1,0xff,
    0x64,0xe1,0xff,0x64,0xe1,0xff,0x64,0xe1,0xff,0x64,0xe1,0xff,0x64,0xe1,0xff,0x64,0xe1,0xff,0x64,0xe1,0xfe,0x64,0xe1,0xfe,
    0x64,0xe1,0xfd,0x64,0xe1,0xfa,0x64,0xe1,0xfd,0x64,0xe1,0xff,0x65,0xe9,0xff,0x85,0xf1,0xff,0x85,0xf1,0xff,0x85,0xf1,0xff,
    0x64,0xe1,0xf8,0x65,0xf1,0xc5,0x64,0xe1,0x93,0x85,0xf1,0x54,0x85,0xe1,0x1e,0x00,0x00,0x00,0x00,0x00,0x00,0x00,0x00,0x00,
    0x00,0x00,0x00,0x00,0x00,0x00,0x00,0x00,0x00,0x86,0xc9,0x05,0xe7,0xf9,0x04,0x86,0xf9,0x05,0x86,0xc9,0x05,0x00,0x00,0x00,
    0x64,0xe1,0xbf,0x85,0xf1,0xfd,0x64,0xe1,0xfc,0x64,0xe1,0xff,0x64,0xe1,0xff,0x64,0xe1,0xff,0x64,0xe1,0xff,0x64,0xe1,0xff,
    0x64,0xe1,0xff,0x64,0xe1,0xff,0x64,0xe1,0xff,0x64,0xe1,0xff,0x64,0xe1,0xff,0x64,0xe1,0xff,0x64,0xe1,0xfb,0x85,0xf1,0xff,
    0x64,0xe1,0x56,0x00,0xf8,0x01,0xe7,0xb9,0x04,0x00,0x00,0x00,0x00,0x00,0x00,0x00,0x00,0x00,0x00,0x00,0x00,0x00,0x00,0x00,
    0x00,0x00,0x00,0x00,0x00,0x00,0x00,0x00,0x00,0x00,0x00,0x00,0x00,0x00,0x00,0x00,0x00,0x00,0x00,0x00,0x00,0x00,0xf8,0x03,
    0x00,0x00,0x00,0x64,0xe1,0x40,0x85,0xe9,0xff,0x64,0xe1,0xfd,0x64,0xe1,0xff,0x64,0xe1,0xff,0x64,0xe1,0xff,0x64,0xe1,0xff,
    0x64,0xe1,0xff,0x64,0xe1,0xff,0x64,0xe1,0xff,0x64,0xe1,0xff,0x64,0xe1,0xff,0x64,0xe1,0xff,0x64,0xe1,0xff,0x64,0xe1,0xff,
    0x64,0xe1,0xfc,0x85,0xf1,0xfb,0x44,0xe1,0x4c,0x00,0xf8,0x02,0xe7,0xb9,0x04,0x00,0x00,0x00,0x00,0x00,0x00,0x00,0x00,0x00,
    0x00,0xf8,0x01,0x00,0xf8,0x01,0xe7,0xf9,0x04,0xe7,0xf9,0x04,0x00,0xf8,0x01,0x00,0x00,0x00,0x00,0x00,0x00,0x00,0x00,0x00,
    0x00,0x00,0x00,0x24,0xe9,0x0e,0x85,0xf9,0x3a,0x85,0xe1,0x4a,0x64,0xe1,0xab,0x64,0xe1,0xc8,0x65,0xe9,0xff,0x85,0xe9,0xff,
    0x85,0xf9,0xff,0x85,0xf1,0xff,0x64,0xe9,0xff,0x64,0xe1,0xff,0x64,0xe1,0xfa,0x64,0xe1,0xfd,0x64,0xe1,0xfd,0x64,0xe1,0xff,
    0x64,0xe1,0xff,0x64,0xe1,0xff,0x64,0xe1,0xff,0x64,0xe1,0xff,0x64,0xe1,0xff,0x64,0xe1,0xff,0x64,0xe1,0xff,0x64,0xe1,0xff,
    0x64,0xe1,0xff,0x64,0xe1,0xff,0x64,0xe1,0xff,0x64,0xe1,0xff,0x64,0xe1,0xff,0x64,0xe1,0xff,0x64,0xe1,0xff,0x64,0xe1,0xff,
    0x64,0xe1,0xff,0x64,0xe1,0xff,0x64,0xe1,0xff,0x64,0xe1,0xff,0x64,0xe1,0xff,0x64,0xe1,0xff,0x64,0xe1,0xff,0x64,0xe1,0xff,
    0x64,0xe1,0xfe,0x64,0xe1,0xfc,0x64,0xe1,0xfa,0x64,0xe1,0xfc,0x64,0xe1,0xff,0x64,0xe1,0xff,0x64,0xe1,0xff,0x64,0xe1,0xfe,
    0x64,0xe1,0xfb,0x64,0xe1,0xfe,0x64,0xe1,0xff,0x64,0xe1,0xff,0x64,0xe1,0xff,0x64,0xe1,0xff,0x64,0xe1,0xff,0x64,0xe1,0xff,
    0x64,0xe1,0xff,0x64,0xe1,0xff,0x64,0xe1,0xff,0x64,0xe1,0xfb,0x85,0xf1,0xfd,0x64,0xe9,0x5b,0x00,0xf8,0x01,0xe7,0xb9,0x04,
    0x00,0x00,0x00,0x00,0x00,0x00,0x00,0x00,0x00,0x00,0x00,0x00,0x00,0x00,0x00,0x00,0x00,0x00,0x00,0x00,0x00,0x00,0x00,0x00,
    0x00,0x00,0x00,0x00,0x00,0x00,0x00,0x00,0x00,0x00,0x00,0x00,0x00,0x00,0x00,0x00,0x00,0x00,0x00,0x00,0x00,0x00,0x00,0x00,
    0x00,0x00,0x00,0x00,0x00,0x00,0x00,0x00,0x00,0x00,0xf8,0x01,0x00,0xa8,0x03,0x00,0x00,0x00,0x00,0x00,0x00,0x45,0xe9,0x0c,
    0x85,0xf1,0x3c,0x65,0xe9,0x8e,0x64,0xe1,0xe3,0x65,0xe9,0xff,0x85,0xf9,0xff,0x85,0xe9,0xff,0x65,0xe9,0xff,0x64,0xe9,0xff,
    0x64,0xe1,0xfb,0x64,0xe1,0xfc,0x64,0xe1,0xfc,0x64,0xe1,0xff,0x64,0xe1,0xff,0x64,0xe1,0xff,0x64,0xe1,0xff,0x64,0xe1,0xff,
    0x64,0xe1,0xff,0x64,0xe1,0xff,0x64,0xe1,0xff,0x64,0xe1,0xff,0x64,0xe1,0xff,0x64,0xe1,0xff,0x64,0xe1,0xff,0x64,0xe1,0xff,
    0x64,0xe1,0xff,0x64,0xe1,0xff,0x64,0xe1,0xff,0x64,0xe1,0xff,0x64,0xe1,0xff,0x64,0xe1,0xff,0x64,0xe1,0xff,0x64,0xe1,0xff,
    0x64,0xe1,0xff,0x64,0xe1,0xff,0x64,0xe1,0xff,0x64,0xe1,0xff,0x64,0xe1,0xff,0x64,0xe1,0xff,0x64,0xe1,0xfe,0x64,0xe1,0xfb,
    0x64,0xe1,0xfc,0x64,0xe1,0xfd,0x64,0xe1,0xff,0x85,0xf1,0xff,0x85,0xf1,0xff,0x85,0xf9,0xff,0x64,0xe1,0xed,0x85,0xe9,0xdd,
    0x64,0xe1,0xaf,0x65,0xe9,0x71,0x64,0xe1,0x5f,0xa6,0xf9,0x0e,0x00,0xf8,0x01,0x00,0x00,0x00,0x00,0x00,0x00,0x00,0x00,0x00,
    0x00,0x00,0x00,0x64,0xe9,0xa0,0x85,0xf1,0xff,0x64,0xe1,0xfc,0x64,0xe1,0xff,0x64,0xe1,0xff,0x64,0xe1,0xff,0x64,0xe1,0xff,
    0x64,0xe1,0xff,0x64,0xe1,0xff,0x64,0xe1,0xff,0x64,0xe1,0xff,0x64,0xe1,0xff,0x64,0xe1,0xff,0x64,0xe1,0xff,0x64,0xe1,0xfc,
    0x65,0xe9,0xff,0x64,0xe1,0xd5,0x45,0xf9,0x06,0xaa,0xaa,0x03,0x00,0x00,0x00,0x00,0x00,0x00,0x00,0x00,0x00,0x00,0x00,0x00,
    0x00,0x00,0x00,0x00,0x00,0x00,0x00,0x00,0x00,0x00,0x00,0x00,0x00,0x00,0x00,0x00,0x00,0x00,0x00,0x00,0x00,0x00,0x00,0x00,
    0x00,0x00,0x00,0x86,0xc9,0x05,0x00,0x00,0x00,0x64,0xe1,0x94,0x85,0xf9,0xff,0x64,0xe1,0xfa,0x64,0xe1,0xff,0x64,0xe1,0xff,
    0x64,0xe1,0xff,0x64,0xe1,0xff,0x64,0xe1,0xff,0x64,0xe1,0xff,0x64,0xe1,0xff,0x64,0xe1,0xff,0x64,0xe1,0xff,0x64,0xe1,0xff,
    0x64,0xe1,0xff,0x64,0xe1,0xfe,0x65,0xe9,0xff,0x64,0xe1,0xee,0x44,0xfa,0x07,0x00,0x00,0x01,0x00,0xf8,0x01,0x00,0x00,0x00,
    0x00,0x00,0x00,0x00,0x00,0x00,0x00,0x00,0x00,0x00,0x00,0x00,0x00,0x00,0x00,0x00,0x00,0x00,0x00,0x00,0x00,0x00,0x00,0x00,
    0xaa,0xfa,0x03,0xe7,0xb9,0x04,0xa0,0xaa,0x03,0x00,0x00,0x00,0x00,0x00,0x00,0x00,0x00,0x00,0x00,0x00,0x00,0x00,0xf8,0x02,
    0xa5,0xf9,0x22,0x65,0xe1,0x5f,0x85,0xf1,0x8e,0x64,0xe1,0xac,0x65,0xe9,0xf1,0x64,0xe9,0xff,0x85,0xf9,0xff,0x85,0xf1,0xff,
    0x65,0xe9,0xff,0x64,0xe1,0xfc,0x64,0xe1,0xfb,0x64,0xe1,0xfc,0x64,0xe1,0xfc,0x64,0xe1,0xff,0x64,0xe1,0xff,0x64,0xe1,0xff,
    0x64,0xe1,0xff,0x64,0xe1,0xff,0x64,0xe1,0xff,0x64,0xe1,0xff,0x64,0xe1,0xff,0x64,0xe1,0xff,0x64,0xe1,0xff,0x64,0xe1,0xff,
    0x64,0xe1,0xff,0x64,0xe1,0xff,0x64,0xe1,0xff,0x64,0xe1,0xff,0x64,0xe1,0xff,0x64,0xe1,0xff,0x64,0xe1,0xff,0x64,0xe1,0xff,
    0x64,0xe1,0xff,0x64,0xe1,0xff,0x64,0xe1,0xff,0x64,0xe1,0xff,0x64,0xe1,0xff,0x64,0xe1,0xff,0x64,0xe1,0xff,0x64,0xe1,0xff,
    0x64,0xe1,0xff,0x64,0xe1,0xff,0x64,0xe1,0xff,0x64,0xe1,0xff,0x64,0xe1,0xff,0x64,0xe1,0xff,0x64,0xe1,0xff,0x64,0xe1,0xff,
    0x64,0xe1,0xff,0x64,0xe1,0xff,0x64,0xe1,0xff,0x64,0xe1,0xff,0x64,0xe1,0xfe,0x64,0xe9,0xfe,0x64,0xe1,0xfd,0xe5,0xf1,0x11,
    0x00,0x00,0x00,0x00,0x78,0x02,0x00,0x00,0x00,0x00,0x00,0x00,0x00,0x00,0x00,0x00,0x00,0x00,0x00,0x00,0x00,0x00,0x00,0x00,
    0x00,0x00,0x00,0x00,0x00,0x00,0x00,0x00,0x00,0x00,0x00,0x00,0x00,0x00,0x00,0x00,0x00,0x00,0x00,0x00,0x00,0x00,0x00,0x00,
    0x00,0x00,0x00,0x00,0x00,0x00,0x00,0x00,0x00,0x00,0x00,0x00,0x00,0x00,0x00,0x00,0x00,0x00,0x00,0x00,0x00,0x00,0xf8,0x02,
    0xaa,0xfa,0x03,0x00,0x00,0x00,0x00,0x00,0x00,0x00,0x00,0x00,0x86,0xe1,0x0a,0x64,0xe1,0x47,0x85,0xf1,0x71,0x64,0xe1,0xc3,
    0x65,0xe9,0xdd,0x64,0xe1,0xf7,0x85,0xf9,0xff,0x85,0xf1,0xff,0x85,0xf1,0xff,0x64,0xe1,0xfe,0x64,0xe1,0xfc,0x64,0xe1,0xfb,
    0x64,0xe1,0xfb,0x64,0xe1,0xfe,0x64,0xe1,0xff,0x64,0xe1,0xff,0x64,0xe1,0xff,0x64,0xe1,0xff,0x64,0xe1,0xff,0x64,0xe1,0xff,
    0x64,0xe1,0xff,0x64,0xe1,0xff,0x64,0xe1,0xff,0x64,0xe1,0xff,0x64,0xe1,0xff,0x64,0xe1,0xff,0x64,0xe1,0xff,0x64,0xe1,0xff,
    0x64,0xe1,0xff,0x64,0xe1,0xff,0x64,0xe1,0xff,0x64,0xe1,0xff,0x64,0xe1,0xff,0x64,0xe1,0xff,0x64,0xe1,0xff,0x64,0xe1,0xff,
    0x64,0xe1,0xff,0x64,0xe1,0xff,0x64,0xe1,0xff,0x64,0xe1,0xff,0x64,0xe1,0xfe,0x64,0xe1,0xfc,0x64,0xe1,0xfc,0x64,0xe1,0xfb,
    0x65,0xe9,0xff,0x65,0xe9,0xff,0x85,0xf1,0xff,0x85,0xf9,0xff,0x85,0xf1,0xff,0x65,0xe9,0xf1,0x64,0xe1,0xc9,0x64,0xe1,0x8e,
    0x64,0xe1,0x92,0x64,0xe1,0x8e,0x64,0xe1,0xb4,0x85,0xf1,0xff,0x64,0xe1,0xfc,0x64,0xe1,0xff,0x64,0xe1,0xff,0x64,0xe1,0xff,
    0x64,0xe1,0xff,0x64,0xe1,0xff,0x64,0xe1,0xff,0x64,0xe1,0xff,0x64,0xe1,0xff,0x64,0xe1,0xff,0x64,0xe1,0xff,0x64,0xe1,0xff,
    0x64,0xe1,0xff,0x64,0xe1,0xfc,0x85,0xf1,0xff,0x64,0xe1,0x56,0x00,0x00,0x00,0xe7,0xb9,0x04,0x00,0x00,0x00,0x00,0x00,0x00,
    0x00,0x00,0x00,0x00,0x00,0x00,0x00,0x00,0x00,0x00,0x00,0x00,0x00,0x00,0x00,0x00,0x00,0x00,0x00,0x00,0x00,0x00,0x00,0x00,
    0x00,0x00,0x00,0x00,0x00,0x00,0x00,0xf8,0x02,0x00,0xf8,0x01,0x45,0xf1,0x12,0x64,0xe9,0xe8,0x65,0xe9,0xfe,0x64,0xe1,0xfe,
    0x64,0xe1,0xff,0x64,0xe1,0xff,0x64,0xe1,0xff,0x64,0xe1,0xff,0x64,0xe1,0xff,0x64,0xe1,0xff,0x64,0xe1,0xff,0x64,0xe1,0xff,
    0x64,0xe1,0xff,0x64,0xe1,0xff,0x64,0xe1,0xff,0x64,0xe1,0xfb,0x85,0xf1,0xfe,0x65,0xe1,0x85,0x00,0xf8,0x02,0xe7,0xb9,0x04,
    0x00,0x00,0x00,0x00,0x00,0x00,0x00,0x00,0x00,0x00,0x00,0x00,0x00,0x00,0x00,0x00,0x00,0x00,0x00,0x00,0x00,0x00,0x00,0x00,
    0x00,0x00,0x00,0x00,0x00,0x00,0x00,0x00,0x00,0x00,0x00,0x00,0x00,0x00,0x00,0x00,0xf8,0x01,0xa0,0xfa,0x03,0x00,0xa8,0x03,
    0xe7,0xf9,0x04,0x00,0x00,0x00,0x00,0x00,0x00,0x00,0x00,0x00,0x00,0x00,0x00,0x00,0x00,0x00,0xa6,0xf9,0x0e,0x84,0xe1,0x44,
    0x85,0xf1,0x71,0x64,0xe1,0xbf,0x65,0xe9,0xdf,0x85,0xf1,0xff,0x85,0xf1,0xff,0x85,0xf1,0xff,0x85,0xf1,0xff,0x64,0xe1,0xfe,
    0x64,0xe1,0xfc,0x64,0xe1,0xfb,0x64,0xe1,0xfc,0x64,0xe1,0xff,0x64,0xe1,0xff,0x64,0xe1,0xff,0x64,0xe1,0xff,0x64,0xe1,0xff,
    0x64,0xe1,0xff,0x64,0xe1,0xff,0x64,0xe1,0xff,0x64,0xe1,0xff,0x64,0xe1,0xff,0x64,0xe1,0xff,0x64,0xe1,0xff,0x64,0xe1,0xff,
    0x64,0xe1,0xff,0x64,0xe1,0xff,0x64,0xe1,0xff,0x64,0xe1,0xff,0x64,0xe1,0xff,0x64,0xe1,0xff,0x64,0xe1,0xff,0x64,0xe1,0xff,
    0x64,0xe1,0xff,0x64,0xe1,0xff,0x64,0xe1,0xff,0x64,0xe1,0xff,0x64,0xe1,0xff,0x64,0xe1,0xff,0x64,0xe1,0xff,0x64,0xe1,0xff,
    0x64,0xe1,0xff,0x64,0xe1,0xff,0x64,0xe1,0xff,0x64,0xe1,0xff,0x64,0xe1,0xff,0x64,0xe1,0xff,0x64,0xe1,0xfc,0x85,0xf1,0xff,
    0x64,0xe9,0x68,0x00,0xf8,0x03,0x00,0xf8,0x03,0x00,0x00,0x00,0x00,0x00,0x00,0x00,0x00,0x00,0x00,0x00,0x00,0x00,0x00,0x00,
    0x00,0x00,0x00,0x00,0x00,0x00,0x00,0x00,0x00,0x00,0x00,0x00,0x00,0x00,0x00,0x00,0x00,0x00,0x00,0x00,0x00,0x00,0x00,0x00,
    0x00,0x00,0x00,0x00,0x00,0x00,0x00,0x00,0x00,0x00,0x00,0x00,0x00,0x00,0x00,0x00,0x00,0x00,0x00,0x00,0x00,0x00,0x00,0x00,
    0x00,0x00,0x00,0x00,0x00,0x00,0x00,0x00,0x00,0x00,0xf8,0x01,0x00,0xa8,0x03,0xe7,0xf9,0x04,0x00,0x00,0x00,0x00,0x00,0x00,
    0x00,0x00,0x00,0x00,0x00,0x00,0x00,0x00,0x00,0x84,0xe1,0x2e,0x85,0xf1,0x55,0x64,0xe1,0xa7,0x64,0xe9,0xc8,0x65,0xe9,0xff,
    0x85,0xf1,0xff,0x85,0xf1,0xff,0x85,0xf1,0xff,0x64,0xe9,0xff,0x64,0xe1,0xff,0x64,0xe1,0xfb,0x64,0xe1,0xfb,0x64,0xe1,0xfe,
    0x64,0xe1,0xfe,0x64,0xe1,0xff,0x64,0xe1,0xff,0x64,0xe1,0xff,0x64,0xe1,0xff,0x64,0xe1,0xff,0x64,0xe1,0xff,0x64,0xe1,0xff,
    0x64,0xe1,0xff,0x64,0xe1,0xff,0x64,0xe1,0xff,0x64,0xe1,0xff,0x64,0xe1,0xff,0x64,0xe1,0xff,0x64,0xe1,0xff,0x64,0xe1,0xff,
    0x64,0xe1,0xff,0x64,0xe1,0xff,0x64,0xe1,0xff,0x64,0xe1,0xff,0x64,0xe1,0xff,0x64,0xe1,0xff,0x64,0xe1,0xff,0x64,0xe1,0xff,
    0x64,0xe1,0xff,0x64,0xe1,0xff,0x64,0xe1,0xfe,0x64,0xe1,0xfd,0x64,0xe1,0xfc,0x64,0xe1,0xfa,0x64,0xe1,0xfc,0x64,0xe9,0xff,
    0x85,0xe9,0xff,0x85,0xf9,0xff,0x85,0xf1,0xff,0x85,0xf9,0xff,0x85,0xf1,0xff,0x64,0xe1,0xfd,0x64,0xe1,0xff,0x64,0xe1,0xff,
    0x64,0xe1,0xff,0x64,0xe1,0xff,0x64,0xe1,0xff,0x64,0xe1,0xff,0x64,0xe1,0xff,0x64,0xe1,0xff,0x64,0xe1,0xff,0x64,0xe1,0xff,
    0x64,0xe1,0xff,0x64,0xe1,0xff,0x64,0xe1,0xfe,0x65,0xe9,0xfe,0x64,0xe9,0xf5,0x84,0xe1,0x1a,0x00,0xf8,0x01,0x00,0xf8,0x01,
    0x00,0x00,0x00,0x00,0x00,0x00,0x00,0x00,0x00,0x00,0x00,0x00,0x00,0x00,0x00,0x00,0x00,0x00,0x00,0x00,0x00,0x00,0x00,0x00,
    0x00,0x00,0x00,0x00,0x00,0x00,0x00,0x00,0x00,0x00,0x00,0x00,0xaa,0xfa,0x03,0x00,0x00,0x00,0x64,0xe1,0x83,0x85,0xf9,0xff,
    0x64,0xe1,0xfb,0x64,0xe1,0xff,0x64,0xe1,0xff,0x64,0xe1,0xff,0x64,0xe1,0xff,0x64,0xe1,0xff,0x64,0xe1,0xff,0x64,0xe1,0xff,
    0x64,0xe1,0xff,0x64,0xe1,0xff,0x64,0xe1,0xff,0x64,0xe1,0xff,0x64,0xe1,0xff,0x64,0xe1,0xff,0x65,0xe9,0xff,0x64,0xe1,0x21,
    0x00,0x00,0x00,0x00,0xf8,0x02,0x00,0x00,0x00,0x00,0x00,0x00,0x00,0x00,0x00,0x00,0x00,0x00,0x00,0x00,0x00,0x00,0x00,0x00,
    0x00,0x00,0x00,0x00,0x00,0x00,0x00,0x00,0x00,0x00,0x00,0x00,0x00,0x00,0x00,0x00,0x00,0x00,0x00,0x00,0x00,0x00,0x00,0x00,
    0x00,0x00,0x00,0x00,0x00,0x00,0x00,0x00,0x00,0x00,0xf8,0x01,0x00,0xf8,0x02,0xa0,0xfa,0x03,0x86,0xc9,0x05,0x00,0x78,0x02,
    0x00,0x00,0x00,0x00,0x00,0x00,0x00,0x00,0x00,0x00,0x00,0x00,0x00,0xf8,0x02,0x64,0xe9,0x4e,0x84,0xe9,0x55,0x64,0xe1,0xa6,
    0x64,0xe9,0xc7,0x64,0xe9,0xff,0x85,0xf1,0xff,0x85,0xf1,0xff,0x85,0xf1,0xff,0x64,0xe1,0xff,0x64,0xe1,0xfb,0x64,0xe1,0xfa,
    0x64,0xe1,0xfc,0x64,0xe1,0xfe,0x64,0xe1,0xfe,0x64,0xe1,0xff,0x64,0xe1,0xff,0x64,0xe1,0xff,0x64,0xe1,0xff,0x64,0xe1,0xff,
    0x64,0xe1,0xff,0x64,0xe1,0xff,0x64,0xe1,0xff,0x64,0xe1,0xff,0x64,0xe1,0xff,0x64,0xe1,0xff,0x64,0xe1,0xff,0x64,0xe1,0xff,
    0x64,0xe1,0xff,0x64,0xe1,0xff,0x64,0xe1,0xff,0x64,0xe1,0xff,0x64,0xe1,0xff,0x64,0xe1,0xff,0x64,0xe1,0xff,0x64,0xe1,0xff,
    0x64,0xe1,0xff,0x64,0xe1,0xff,0x64,0xe1,0xff,0x64,0xe1,0xff,0x64,0xe1,0xff,0x64,0xe1,0xff,0x64,0xe1,0xff,0x64,0xe1,0xfc,
    0x85,0xf1,0xff,0x64,0xe1,0xda,0x86,0xf9,0x05,0xef,0xfb,0x02,0x00,0xf8,0x01,0x00,0x00,0x00,0x00,0x00,0x00,0x00,0x00,0x00,
    0x00,0x00,0x00,0x00,0x00,0x00,0x00,0x00,0x00,0x00,0x00,0x00,0x00,0x00,0x00,0x00,0x00,0x00,0x00,0x00,0x00,0x00,0x00,0x00,
    0x00,0x00,0x00,0x00,0x00,0x00,0x00,0x00,0x00,0x00,0x00,0x00,0x00,0x00,0x00,0x00,0x00,0x00,0x00,0x00,0x00,0x00,0x00,0x00,
    0x00,0x00,0x00,0x00,0x00,0x00,0x00,0x00,0x00,0x00,0x00,0x00,0x00,0x00,0x00,0x00,0x00,0x00,0x00,0x00,0x00,0x00,0x00,0x00,
    0x00,0xf8,0x01,0xa0,0xfa,0x03,0x86,0xc9,0x05,0x00,0x00,0x00,0x00,0x00,0x00,0x00,0x00,0x00,0x00,0x00,0x00,0x00,0x00,0x00,
    0x00,0x00,0x00,0x64,0xe1,0x34,0x64,0xe9,0x4e,0x65,0xe9,0xaa,0x64,0xe1,0xac,0x64,0xe1,0xf7,0x65,0xe9,0xff,0x85,0xf9,0xff,
    0x85,0xf9,0xff,0x65,0xe9,0xff,0x64,0xe9,0xff,0x64,0xe1,0xfa,0x64,0xe1,0xfa,0x64,0xe1,0xfd,0x64,0xe1,0xfd,0x64,0xe1,0xff,
    0x64,0xe1,0xff,0x64,0xe1,0xff,0x64,0xe1,0xff,0x64,0xe1,0xff,0x64,0xe1,0xff,0x64,0xe1,0xff,0x64,0xe1,0xff,0x64,0xe1,0xff,
    0x64,0xe1,0xff,0x64,0xe1,0xff,0x64,0xe1,0xff,0x64,0xe1,0xff,0x64,0xe1,0xff,0x64,0xe1,0xff,0x64,0xe1,0xff,0x64,0xe1,0xff,
    0x64,0xe1,0xff,0x64,0xe1,0xff,0x64,0xe1,0xff,0x64,0xe1,0xff,0x64,0xe1,0xff,0x64,0xe1,0xff,0x64,0xe1,0xff,0x64,0xe1,0xff,
    0x64,0xe1,0xff,0x64,0xe1,0xfe,0x64,0xe1,0xfd,0x64,0xe1,0xfa,0x64,0xe1,0xfb,0x64,0xe1,0xfa,0x64,0xe1,0xfc,0x64,0xe1,0xff,
    0x64,0xe1,0xff,0x64,0xe1,0xff,0x64,0xe1,0xff,0x64,0xe1,0xff,0x64,0xe1,0xff,0x64,0xe1,0xff,0x64,0xe1,0xff,0x64,0xe1,0xff,
    0x64,0xe1,0xff,0x64,0xe1,0xff,0x64,0xe1,0xff,0x64,0xe1,0xff,0x64,0xe1,0xfc,0x85,0xf1,0xff,0x64,0xe1,0x8b,0x00,0x00,0x00,
    0xe7,0xb9,0x04,0x00,0x00,0x00,0x00,0x00,0x00,0x00,0x00,0x00,0x00,0x00,0x00,0x00,0x00,0x00,0x00,0x00,0x00,0x00,0x00,0x00,
    0x00,0x00,0x00,0x00,0x00,0x00,0x00,0x00,0x00,0x00,0x00,0x00,0x00,0x00,0x00,0x00,0xf8,0x01,0x00,0x00,0x00,0x85,0xe9,0x19,
    0x65,0xe9,0xeb,0x64,0xe9,0xfd,0x64,0xe1,0xfe,0x64,0xe1,0xff,0x64,0xe1,0xff,0x64,0xe1,0xff,0x64,0xe1,0xff,0x64,0xe1,0xff,
    0x64,0xe1,0xff,0x64,0xe1,0xff,0x64,0xe1,0xff,0x64,0xe1,0xff,0x64,0xe1,0xff,0x64,0xe1,0xff,0x64,0xe1,0xfc,0x85,0xf1,0xff,
    0x64,0xe1,0xbe,0xe3,0xd8,0x08,0xaa,0xfa,0x03,0x00,0x00,0x00,0x00,0x00,0x00,0x00,0x00,0x00,0x00,0x00,0x00,0x00,0x00,0x00,
    0x00,0x00,0x00,0x00,0x00,0x00,0x00,0x00,0x00,0x00,0x00,0x00,0x00,0x00,0x00,0x00,0x00,0x00,0x00,0x00,0x00,0x00,0x00,0x00,
    0x00,0x00,0x00,0x00,0x00,0x00,0x00,0x00,0x00,0x00,0x00,0x00,0x00,0x00,0x00,0x00,0x00,0x00,0x00,0x00,0x00,0x00,0x00,0x00,
    0x00,0x00,0x00,0x00,0x00,0x00,0x00,0xf8,0x01,0xa0,0xfa,0x03,0xe7,0xf9,0x04,0x00,0xf8,0x01,0x00,0x00,0x00,0x00,0x00,0x00,
    0x00,0x00,0x00,0x00,0x00,0x00,0x00,0x00,0x00,0x65,0xe1,0x33,0x84,0xe9,0x4e,0x65,0xe9,0xaa,0x64,0xe1,0xc9,0x65,0xe9,0xff,
    0x85,0xf1,0xff,0x85,0xf9,0xff,0x85,0xf1,0xff,0x64,0xe9,0xff,0x64,0xe1,0xfe,0x64,0xe1,0xfb,0x64,0xe1,0xfd,0x64,0xe1,0xfd,
    0x64,0xe1,0xff,0x64,0xe1,0xff,0x64,0xe1,0xff,0x64,0xe1,0xff,0x64,0xe1,0xff,0x64,0xe1,0xff,0x64,0xe1,0xff,0x64,0xe1,0xff,
    0x64,0xe1,0xff,0x64,0xe1,0xff,0x64,0xe1,0xff,0x64,0xe1,0xff,0x64,0xe1,0xff,0x64,0xe1,0xff,0x64,0xe1,0xff,0x64,0xe1,0xff,
    0x64,0xe1,0xff,0x64,0xe1,0xff,0x64,0xe1,0xff,0x64,0xe1,0xff,0x64,0xe1,0xff,0x64,0xe1,0xff,0x64,0xe1,0xff,0x64,0xe1,0xff,
    0x64,0xe1,0xfd,0x64,0xe9,0xfe,0x85,0xf1,0xf7,0x64,0xe1,0x44,0x00,0x00,0x00,0xef,0xfb,0x02,0x00,0x00,0x00,0x00,0x00,0x00,
    0x00,0x00,0x00,0x00,0x00,0x00,0x00,0x00,0x00,0x00,0x00,0x00,0x00,0x00,0x00,0x00,0x00,0x00,0x00,0x00,0x00,0x00,0x00,0x00,
    0x00,0x00,0x00,0x00,0x00,0x00,0x00,0x00,0x00,0x00,0x00,0x00,0x00,0x00,0x00,0x00,0x00,0x00,0x00,0x00,0x00,0x00,0x00,0x00,
    0x00,0x00,0x00,0x00,0x00,0x00,0x00,0x00,0x00,0x00,0x00,0x00,0x00,0x00,0x00,0x00,0x00,0x00,0x00,0x00,0x00,0x00,0x00,0x00,
    0x00,0x00,0x00,0x00,0x00,0x00,0x00,0x00,0x00,0x00,0x00,0x00,0x00,0x00,0x00,0x00,0x00,0x00,0x00,0x00,0x00,0x00,0xf8,0x02,
    0xe7,0xf9,0x04,0x00,0xa8,0x03,0x00,0xf8,0x02,0x00,0x00,0x00,0x00,0x00,0x00,0x00,0x00,0x00,0x00,0x00,0x00,0x44,0xe1,0x1d,
    0x84,0xe9,0x34,0x64,0xe9,0x8e,0x64,0xe1,0x8f,0x64,0xe1,0xe5,0x64,0xe9,0xf6,0x85,0xf9,0xff,0x85,0xf9,0xff,0x85,0xe9,0xff,
    0x65,0xe9,0xff,0x64,0xe1,0xfb,0x64,0xe1,0xfb,0x64,0xe1,0xfc,0x64,0xe1,0xfd,0x64,0xe1,0xff,0x64,0xe1,0xff,0x64,0xe1,0xff,
    0x64,0xe1,0xff,0x64,0xe1,0xff,0x64,0xe1,0xff,0x64,0xe1,0xff,0x64,0xe1,0xff,0x64,0xe1,0xff,0x64,0xe1,0xff,0x64,0xe1,0xff,
    0x64,0xe1,0xff,0x64,0xe1,0xff,0x64,0xe1,0xff,0x64,0xe1,0xff,0x64,0xe1,0xff,0x64,0xe1,0xff,0x64,0xe1,0xff,0x64,0xe1,0xff,
    0x64,0xe1,0xff,0x64,0xe1,0xff,0x64,0xe1,0xff,0x64,0xe1,0xff,0x64,0xe1,0xff,0x64,0xe1,0xff,0x64,0xe1,0xff,0x64,0xe1,0xff,
    0x64,0xe1,0xff,0x64,0xe1,0xff,0x64,0xe1,0xff,0x64,0xe1,0xff,0x64,0xe1,0xff,0x64,0xe1,0xff,0x64,0xe1,0xff,0x64,0xe1,0xff,
    0x64,0xe1,0xff,0x64,0xe1,0xff,0x64,0xe1,0xff,0x64,0xe1,0xff,0x64,0xe1,0xff,0x64,0xe1,0xff,0x64,0xe1,0xfc,0x85,0xf1,0xff,
    0x64,0xe1,0x36,0x00,0x00,0x00,0xa0,0xfa,0x03,0x00,0x00,0x00,0x00,0x00,0x00,0x00,0x00,0x00,0x00,0x00,0x00,0x00,0x00,0x00,
    0x00,0x00,0x00,0x00,0x00,0x00,0x00,0x00,0x00,0x00,0x00,0x00,0x00,0x00,0x00,0x00,0x00,0x00,0x00,0x00,0x00,0xe7,0xb9,0x04,
    0x00,0xf8,0x01,0x64,0xe1,0x5e,0x85,0xf9,0xff,0x64,0xe1,0xfb,0x64,0xe1,0xff,0x64,0xe1,0xff,0x64,0xe1,0xff,0x64,0xe1,0xff,
    0x64,0xe1,0xff,0x64,0xe1,0xff,0x64,0xe1,0xff,0x64,0xe1,0xff,0x64,0xe1,0xff,0x64,0xe1,0xff,0x64,0xe1,0xff,0x64,0xe1,0xff,
    0x64,0xe1,0xfd,0x85,0xf1,0xff,0x44,0xe1,0x40,0x00,0x00,0x00,0x00,0xa8,0x03,0x00,0x00,0x00,0x00,0x00,0x00,0x00,0x00,0x00,
    0x00,0x00,0x00,0x00,0x00,0x00,0x00,0x00,0x00,0x00,0x00,0x00,0x00,0x00,0x00,0x00,0x00,0x00,0x00,0x00,0x00,0x00,0x00,0x00,
    0x00,0x00,0x00,0x00,0x00,0x00,0x00,0x00,0x00,0x00,0x00,0x00,0x00,0x00,0x00,0x00,0x00,0x00,0x00,0x00,0x00,0x00,0x00,0x00,
    0x00,0x00,0x00,0x00,0x00,0x00,0x00,0x00,0x00,0x00,0x00,0x00,0x00,0x00,0x00,0x00,0x00,0x00,0x00,0x00,0x00,0x00,0x00,0x00,
    0x00,0x00,0x00,0xaa,0xfa,0x03,0xe7,0xb9,0x04,0x00,0xa8,0x03,0x00,0xf8,0x02,0x00,0x00,0x00,0x00,0x00,0x00,0x00,0x00,0x00,
    0x00,0xf8,0x01,0x85,0xf9,0x2a,0x64,0xe1,0x8a,0x64,0xe1,0x8e,0x64,0xe1,0xb0,0x65,0xe9,0xf0,0x64,0xe9,0xff,0x85,0xf9,0xff,
    0x65,0xe9,0xff,0x65,0xe9,0xff,0x64,0xe1,0xfc,0x64,0xe1,0xfb,0x64,0xe1,0xfc,0x64,0xe1,0xfd,0x64,0xe1,0xff,0x64,0xe1,0xff,
    0x64,0xe1,0xff,0x64,0xe1,0xff,0x64,0xe1,0xff,0x64,0xe1,0xff,0x64,0xe1,0xff,0x64,0xe1,0xff,0x64,0xe1,0xff,0x64,0xe1,0xff,
    0x64,0xe1,0xff,0x64,0xe1,0xff,0x64,0xe1,0xff,0x64,0xe1,0xff,0x64,0xe1,0xff,0x64,0xe1,0xff,0x64,0xe1,0xff,0x64,0xe1,0xff,
    0x64,0xe1,0xff,0x64,0xe1,0xfb,0x65,0xe9,0xfe,0x65,0xe9,0xf7,0x64,0xe1,0x44,0x00,0x00,0x00,0xaa,0xfa,0x03,0x00,0x00,0x00,
    0x00,0x00,0x00,0x00,0x00,0x00,0x00,0x00,0x00,0x00,0x00,0x00,0x00,0x00,0x00,0x00,0x00,0x00,0x00,0x00,0x00,0x00,0x00,0x00,
    0x00,0x00,0x00,0x00,0x00,0x00,0x00,0x00,0x00,0x00,0x00,0x00,0x00,0x00,0x00,0x00,0x00,0x00,0x00,0x00,0x00,0x00,0x00,0x00,
    0x00,0x00,0x00,0x00,0x00,0x00,0x00,0x00,0x00,0x00,0x00,0x00,0x00,0x00,0x00,0x00,0x00,0x00,0x00,0x00,0x00,0x00,0x00,0x00,
    0x00,0x00,0x00,0x00,0x00,0x00,0x00,0x00,0x00,0x00,0x00,0x00,0x00,0x00,0x00,0x00,0x00,0x00,0x00,0x00,0x00,0x00,0x00,0x00,
    0x00,0x00,0x00,0x00,0x00,0x00,0x00,0x00,0x00,0x00,0x00,0x00,0x00,0x00,0x00,0x00,0xa8,0x03,0xa0,0xfa,0x03,0xe7,0xf9,0x04,
    0xe7,0xb9,0x04,0x00,0x00,0x00,0x00,0x00,0x00,0x00,0x00,0x00,0x00,0x00,0x00,0x65,0xd1,0x0b,0x45,0xe9,0x1d,0x64,0xe1,0x71,
    0x64,0xe1,0x71,0x64,0xe1,0xcf,0x64,0xe9,0xe4,0x85,0xf1,0xff,0x85,0xf1,0xff,0x85,0xf1,0xff,0x85,0xf1,0xff,0x64,0xe1,0xfd,
    0x64,0xe1,0xfd,0x64,0xe1,0xfb,0x64,0xe1,0xfc,0x64,0xe1,0xff,0x64,0xe1,0xff,0x64,0xe1,0xff,0x64,0xe1,0xff,0x64,0xe1,0xff,
    0x64,0xe1,0xff,0x64,0xe1,0xff,0x64,0xe1,0xff,0x64,0xe1,0xff,0x64,0xe1,0xff,0x64,0xe1,0xff,0x64,0xe1,0xff,0x64,0xe1,0xff,
    0x64,0xe1,0xff,0x64,0xe1,0xff,0x64,0xe1,0xff,0x64,0xe1,0xff,0x64,0xe1,0xff,0x64,0xe1,0xff,0x64,0xe1,0xff,0x64,0xe1,0xff,
    0x64,0xe1,0xff,0x64,0xe1,0xff,0x64,0xe1,0xff,0x64,0xe1,0xff,0x64,0xe1,0xff,0x64,0xe1,0xff,0x64,0xe1,0xff,0x64,0xe1,0xff,
    0x64,0xe1,0xff,0x64,0xe1,0xff,0x64,0xe1,0xff,0x64,0xe1,0xff,0x64,0xe1,0xff,0x64,0xe1,0xff,0x64,0xe1,0xff,0x64,0xe1,0xfc,
    0x85,0xf1,0xff,0x64,0xe1,0xc4,0x86,0xf9,0x05,0x00,0xf8,0x02,0x00,0x00,0x00,0x00,0x00,0x00,0x00,0x00,0x00,0x00,0x00,0x00,
    0x00,0x00,0x00,0x00,0x00,0x00,0x00,0x00,0x00,0x00,0x00,0x00,0x00,0x00,0x00,0x00,0x00,0x00,0x00,0x00,0x00,0x00,0x00,0x00,
    0x00,0x00,0x00,0x00,0xa8,0x03,0x00,0x00,0x00,0x64,0xe1,0xb7,0x85,0xf1,0xff,0x64,0xe1,0xfc,0x64,0xe1,0xff,0x64,0xe1,0xff,
    0x64,0xe1,0xff,0x64,0xe1,0xff,0x64,0xe1,0xff,0x64,0xe1,0xff,0x64,0xe1,0xff,0x64,0xe1,0xff,0x64,0xe1,0xff,0x64,0xe1,0xff,
    0x64,0xe1,0xff,0x64,0xe1,0xfc,0x85,0xf1,0xfe,0x64,0xe1,0xb6,0x00,0x00,0x00,0x00,0xa8,0x03,0x00,0x00,0x00,0x00,0x00,0x00,
    0x00,0x00,0x00,0x00,0x00,0x00,0x00,0x00,0x00,0x00,0x00,0x00,0x00,0x00,0x00,0x00,0x00,0x00,0x00,0x00,0x00,0x00,0x00,0x00,
    0x00,0x00,0x00,0x00,0x00,0x00,0x00,0x00,0x00,0x00,0x00,0x00,0x00,0x00,0x00,0x00,0x00,0x00,0x00,0x00,0x00,0x00,0x00,0x00,
    0x00,0x00,0x00,0x00,0x00,0x00,0x00,0x00,0x00,0x00,0x00,0x00,0x00,0x00,0x00,0x00,0x00,0x00,0x00,0x00,0x00,0x00,0x00,0x00,
    0x00,0x00,0x00,0x00,0x00,0x00,0x00,0x00,0x00,0x00,0x00,0x00,0x00,0x00,0x00,0x00,0x00,0x00,0x00,0x00,0x00,0x00,0xa8,0x03,
    0xa0,0xfa,0x03,0xe7,0xf9,0x04,0x00,0x00,0x00,0x00,0x00,0x00,0x00,0x00,0x00,0x00,0x00,0x00,0x00,0x00,0x00,0x65,0xf9,0x10,
    0x85,0xe1,0x45,0x85,0xf1,0x89,0x64,0xe9,0xdb,0x64,0xe1,0xde,0x85,0xf1,0xff,0x85,0xf1,0xff,0x85,0xf1,0xff,0x65,0xe9,0xff,
    0x64,0xe1,0xfd,0x64,0xe1,0xfd,0x64,0xe1,0xfc,0x64,0xe1,0xfb,0x64,0xe1,0xfe,0x64,0xe1,0xff,0x64,0xe1,0xff,0x64,0xe1,0xff,
    0x64,0xe1,0xff,0x64,0xe1,0xff,0x64,0xe1,0xff,0x64,0xe1,0xff,0x64,0xe1,0xff,0x64,0xe1,0xff,0x64,0xe1,0xff,0x64,0xe1,0xff,
    0x64,0xe1,0xff,0x64,0xe1,0xfd,0x64,0xe1,0xfb,0x85,0xf1,0xff,0x85,0xe9,0xf8,0x64,0xe1,0x44,0x00,0x00,0x00,0x86,0xc9,0x05,
    0x00,0x00,0x00,0x00,0x00,0x00,0x00,0x00,0x00,0x00,0x00,0x00,0x00,0x00,0x00,0x00,0x00,0x00,0x00,0x00,0x00,0x00,0x00,0x00,
    0x00,0x00,0x00,0x00,0x00,0x00,0x00,0x00,0x00,0x00,0x00,0x00,0x00,0x00,0x00,0x00,0x00,0x00,0x00,0x00,0x00,0x00,0x00,0x00,
    0x00,0x00,0x00,0x00,0x00,0x00,0x00,0x00,0x00,0x00,0x00,0x00,0x00,0x00,0x00,0x00,0x00,0x00,0x00,0x00,0x00,0x00,0x00,0x00,
    0x00,0x00,0x00,0x00,0x00,0x00,0x00,0x00,0x00,0x00,0x00,0x00,0x00,0x00,0x00,0x00,0x00,0x00,0x00,0x00,0x00,0x00,0x00,0x00,
    0x00,0x00,0x00,0x00,0x00,0x00,0x00,0x00,0x00,0x00,0x00,0x00,0x00,0x00,0x00,0x00,0x00,0x00,0x00,0x00,0x00,0x00,0x00,0x00,
    0x00,0x00,0x00,0x00,0x00,0x00,0x00,0x00,0x00,0x00,0xf8,0x02,0x00,0xf8,0x02,0x86,0xc9,0x05,0x86,0xc9,0x05,0x00,0x00,0x00,
    0x00,0x00,0x00,0x00,0x00,0x00,0x00,0x00,0x00,0x00,0x00,0x00,0x86,0xf9,0x0a,0x64,0xe1,0x54,0x64,0xe1,0x55,0x64,0xe1,0xb5,
    0x64,0xe9,0xcd,0x85,0xe9,0xff,0x85,0xf1,0xff,0x85,0xf1,0xff,0x85,0xf1,0xff,0x64,0xe1,0xff,0x64,0xe1,0xfe,0x64,0xe1,0xfb,
    0x64,0xe1,0xfc,0x64,0xe1,0xfe,0x64,0xe1,0xfe,0x64,0xe1,0xff,0x64,0xe1,0xff,0x64,0xe1,0xff,0x64,0xe1,0xff,0x64,0xe1,0xff,
    0x64,0xe1,0xff,0x64,0xe1,0xff,0x64,0xe1,0xff,0x64,0xe1,0xff,0x64,0xe1,0xff,0x64,0xe1,0xff,0x64,0xe1,0xff,0x64,0xe1,0xff,
    0x64,0xe1,0xff,0x64,0xe1,0xff,0x64,0xe1,0xff,0x64,0xe1,0xff,0x64,0xe1,0xff,0x64,0xe1,0xff,0x64,0xe1,0xff,0x64,0xe1,0xff,
    0x64,0xe1,0xff,0x64,0xe1,0xff,0x64,0xe1,0xff,0x64,0xe1,0xff,0x64,0xe1,0xff,0x64,0xe1,0xff,0x64,0xe1,0xff,0x64,0xe1,0xff,
    0x64,0xe1,0xff,0x64,0xe1,0xfc,0x85,0xf1,0xf8,0x45,0xe1,0x46,0x00,0x00,0x00,0xaa,0xfa,0x03,0x00,0x00,0x00,0x00,0x00,0x00,
    0x00,0x00,0x00,0x00,0x00,0x00,0x00,0x00,0x00,0x00,0x00,0x00,0x00,0x00,0x00,0x00,0x00,0x00,0x00,0x00,0x00,0x00,0x00,0x00,
    0x00,0x00,0x00,0x00,0x00,0x00,0x00,0x78,0x02,0x00,0xf8,0x01,0x64,0xe1,0x20,0x65,0xe9,0xed,0x65,0xe9,0xfe,0x64,0xe1,0xfe,
    0x64,0xe1,0xff,0x64,0xe1,0xff,0x64,0xe1,0xff,0x64,0xe1,0xff,0x64,0xe1,0xff,0x64,0xe1,0xff,0x64,0xe1,0xff,0x64,0xe1,0xff,
    0x64,0xe1,0xff,0x64,0xe1,0xff,0x64,0xe1,0xff,0x64,0xe1,0xfb,0x85,0xf9,0xff,0x64,0xe1,0x53,0x00,0x00,0x00,0xe7,0xb9,0x04,
    0x00,0x00,0x00,0x00,0x00,0x00,0x00,0x00,0x00,0x00,0x00,0x00,0x00,0x00,0x00,0x00,0x00,0x00,0x00,0x00,0x00,0x00,0x00,0x00,
    0x00,0x00,0x00,0x00,0x00,0x00,0x00,0x00,0x00,0x00,0x00,0x00,0x00,0x00,0x00,0x00,0x00,0x00,0x00,0x00,0x00,0x00,0x00,0x00,
    0x00,0x00,0x00,0x00,0x00,0x00,0x00,0x00,0x00,0x00,0x00,0x00,0x00,0x00,0x00,0x00,0x00,0x00,0x00,0x00,0x00,0x00,0x00,0x00,
    0x00,0x00,0x00,0x00,0x00,0x00,0x00,0x00,0x00,0x00,0x00,0x00,0x00,0x00,0x00,0x00,0x00,0x00,0x00,0x00,0x00,0x00,0x00,0x00,
    0x00,0x00,0x00,0x00,0x00,0x00,0x00,0x00,0x00,0x00,0x00,0x00,0x00,0xf8,0x01,0x00,0xf8,0x02,0xe7,0xf9,0x04,0x86,0xc9,0x05,
    0x00,0xf8,0x01,0x00,0x00,0x00,0x00,0x00,0x00,0x00,0x00,0x00,0x00,0x00,0x00,0xaa,0xfa,0x03,0x64,0xe1,0x50,0x84,0xe9,0x55,
    0x64,0xe1,0xa8,0x64,0xe9,0xe1,0x85,0xf1,0xff,0x85,0xe9,0xff,0x85,0xf1,0xff,0x85,0xf1,0xff,0x64,0xe9,0xff,0x64,0xe1,0xff,
    0x64,0xe1,0xfe,0x64,0xe1,0xfa,0x64,0xe1,0xfb,0x64,0xe1,0xfa,0x64,0xe1,0xfd,0x64,0xe1,0xfe,0x64,0xe1,0xfc,0x64,0xe1,0xfb,
    0x64,0xe1,0xfb,0x64,0xe1,0xfc,0x64,0xe1,0xff,0x65,0xe9,0xff,0x85,0xf1,0xff,0x65,0xe9,0xd7,0x64,0xe1,0x44,0x00,0x00,0x00,
    0x86,0xc9,0x05,0x00,0x00,0x00,0x00,0x00,0x00,0x00,0x00,0x00,0x00,0x00,0x00,0x00,0x00,0x00,0x00,0x00,0x00,0x00,0x00,0x00,
    0x00,0x00,0x00,0x00,0x00,0x00,0x00,0x00,0x00,0x00,0x00,0x00,0x00,0x00,0x00,0x00,0x00,0x00,0x00,0x00,0x00,0x00,0x00,0x00,
    0x00,0x00,0x00,0x00,0x00,0x00,0x00,0x00,0x00,0x00,0x00,0x00,0x00,0x00,0x00,0x00,0x00,0x00,0x00,0x00,0x00,0x00,0x00,0x00,
    0x00,0x00,0x00,0x00,0x00,0x00,0x00,0x00,0x00,0x00,0x00,0x00,0x00,0x00,0x00,0x00,0x00,0x00,0x00,0x00,0x00,0x00,0x00,0x00,
    0x00,0x00,0x00,0x00,0x00,0x00,0x00,0x00,0x00,0x00,0x00,0x00,0x00,0x00,0x00,0x00,0x00,0x00,0x00,0x00,0x00,0x00,0x00,0x00,
    0x00,0x00,0x00,0x00,0x00,0x00,0x00,0x00,0x00,0x00,0x00,0x00,0x00,0x00,0x00,0x00,0x00,0x00,0x00,0x00,0x00,0x00,0x00,0x00,
    0x00,0x00,0x00,0x00,0xf8,0x01,0x00,0x78,0x02,0x86,0xc9,0x05,0xe7,0xf9,0x04,0x00,0x00,0x00,0x00,0x00,0x00,0x00,0x00,0x00,
    0x00,0x00,0x00,0x00,0x00,0x00,0x00,0x00,0x00,0x44,0xe1,0x3a,0x44,0xe9,0x3a,0x64,0xe1,0x98,0x64,0xe9,0xb3,0x64,0xe1,0xfd,
    0x65,0xe9,0xff,0x85,0xf9,0xff,0x85,0xf1,0xff,0x64,0xe9,0xff,0x65,0xe9,0xff,0x64,0xe1,0xfc,0x64,0xe1,0xfb,0x64,0xe1,0xfd,
    0x64,0xe1,0xfe,0x64,0xe1,0xff,0x64,0xe1,0xff,0x64,0xe1,0xff,0x64,0xe1,0xff,0x64,0xe1,0xff,0x64,0xe1,0xff,0x64,0xe1,0xff,
    0x64,0xe1,0xff,0x64,0xe1,0xff,0x64,0xe1,0xff,0x64,0xe1,0xff,0x64,0xe1,0xff,0x64,0xe1,0xff,0x64,0xe1,0xff,0x64,0xe1,0xff,
    0x64,0xe1,0xff,0x64,0xe1,0xff,0x64,0xe1,0xff,0x64,0xe1,0xff,0x64,0xe1,0xff,0x64,0xe1,0xff,0x64,0xe1,0xff,0x64,0xe1,0xff,
    0x64,0xe1,0xff,0x64,0xe1,0xff,0x64,0xe1,0xfd,0x65,0xe9,0xff,0x64,0xe1,0xe2,0x00,0x00,0x00,0x00,0x00,0x00,0x00,0x00,0x00,
    0x00,0x00,0x00,0x00,0x00,0x00,0x00,0x00,0x00,0x00,0x00,0x00,0x00,0x00,0x00,0x00,0x00,0x00,0x00,0x00,0x00,0x00,0x00,0x00,
    0x00,0x00,0x00,0x00,0x00,0x00,0x00,0x00,0x00,0x00,0x00,0x00,0xe7,0xf9,0x04,0x00,0x00,0x00,0x64,0xe1,0x93,0x85,0xf9,0xff,
    0x64,0xe1,0xfb,0x64,0xe1,0xff,0x64,0xe1,0xff,0x64,0xe1,0xff,0x64,0xe1,0xff,0x64,0xe1,0xff,0x64,0xe1,0xff,0x64,0xe1,0xff,
    0x64,0xe1,0xff,0x64,0xe1,0xff,0x64,0xe1,0xff,0x64,0xe1,0xff,0x64,0xe1,0xfd,0x65,0xe9,0xfe,0x64,0xe9,0xe4,0x45,0xf1,0x12,
    0x00,0x00,0x00,0x00,0xf8,0x01,0x00,0x00,0x00,0x00,0x00,0x00,0x00,0x00,0x00,0x00,0x00,0x00,0x00,0x00,0x00,0x00,0x00,0x00,
    0x00,0x00,0x00,0x00,0x00,0x00,0x00,0x00,0x00,0x00,0x00,0x00,0x00,0x00,0x00,0x00,0x00,0x00,0x00,0x00,0x00,0x00,0x00,0x00,
    0x00,0x00,0x00,0x00,0x00,0x00,0x00,0x00,0x00,0x00,0x00,0x00,0x00,0x00,0x00,0x00,0x00,0x00,0x00,0x00,0x00,0x00,0x00,0x00,
    0x00,0x00,0x00,0x00,0x00,0x00,0x00,0x00,0x00,0x00,0x00,0x00,0x00,0x00,0x00,0x00,0x00,0x00,0x00,0x00,0x00,0x00,0x00,0x00,
    0x00,0x00,0x00,0x00,0x00,0x00,0x00,0x00,0x00,0x00,0x00,0x00,0x00,0x00,0x00,0x00,0x00,0x00,0x00,0x00,0x00,0x00,0x00,0x00,
    0x00,0x00,0x00,0x00,0x00,0x00,0x00,0x00,0x00,0x00,0xf8,0x01,0xa0,0xfa,0x03,0xaa,0xfa,0x03,0x00,0x00,0x00,0x00,0x00,0x00,
    0x00,0x00,0x00,0x00,0x00,0x00,0x00,0x00,0x00,0x65,0xe9,0x10,0x85,0xf9,0x3b,0x65,0xe1,0x39,0x64,0xe1,0x8c,0x65,0xf1,0xac,
    0x64,0xe1,0xf6,0x64,0xe9,0xff,0x65,0xe9,0xff,0x85,0xf9,0xff,0x85,0xf1,0xff,0x85,0xf9,0xff,0x85,0xe9,0xff,0x64,0xe9,0xff,
    0x85,0xf1,0xff,0x85,0xf9,0xff,0x85,0xf9,0xff,0x85,0xf1,0xff,0x65,0xe9,0xfe,0x65,0xe9,0xd2,0x65,0xe9,0x62,0xe3,0xb8,0x08,
    0x00,0x00,0x00,0xa0,0xfa,0x03,0x00,0x00,0x00,0x00,0x00,0x00,0x00,0x00,0x00,0x00,0x00,0x00,0x00,0x00,0x00,0x00,0x00,0x00,
    0x00,0x00,0x00,0x00,0x00,0x00,0x00,0x00,0x00,0x00,0x00,0x00,0x00,0x00,0x00,0x00,0x00,0x00,0x00,0x00,0x00,0x00,0x00,0x00,
    0x00,0x00,0x00,0x00,0x00,0x00,0x00,0x00,0x00,0x00,0x00,0x00,0x00,0x00,0x00,0x00,0x00,0x00,0x00,0x00,0x00,0x00,0x00,0x00,
    0x00,0x00,0x00,0x00,0x00,0x00,0x00,0x00,0x00,0x00,0x00,0x00,0x00,0x00,0x00,0x00,0x00,0x00,0x00,0x00,0x00,0x00,0x00,0x00,
    0x00,0x00,0x00,0x00,0x00,0x00,0x00,0x00,0x00,0x00,0x00,0x00,0x00,0x00,0x00,0x00,0x00,0x00,0x00,0x00,0x00,0x00,0x00,0x00,
    0x00,0x00,0x00,0x00,0x00,0x00,0x00,0x00,0x00,0x00,0x00,0x00,0x00,0x00,0x00,0x00,0x00,0x00,0x00,0x00,0x00,0x00,0x00,0x00,
    0x00,0x00,0x00,0x00,0x00,0x00,0x00,0x00,0x00,0x00,0x00,0x00,0x00,0x00,0x00,0x00,0x00,0x00,0x00,0x00,0x00,0x00,0x00,0x00,
    0x00,0xf8,0x01,0xe7,0xb9,0x04,0xe7,0xb9,0x04,0x00,0xa8,0x03,0x00,0xf8,0x01,0x00,0x00,0x00,0x00,0x00,0x00,0x00,0x00,0x00,
    0x00,0x00,0x00,0x64,0xe1,0x21,0x64,0xe1,0x42,0x85,0xf1,0x8e,0x64,0xe1,0xbd,0x65,0xe9,0xf1,0x64,0xe1,0xef,0x85,0xf1,0xff,
    0x85,0xf9,0xff,0x85,0xe9,0xff,0x65,0xe9,0xff,0x64,0xe1,0xfb,0x64,0xe1,0xfc,0x64,0xe1,0xfc,0x64,0xe1,0xfd,0x64,0xe1,0xff,
    0x64,0xe1,0xff,0x64,0xe1,0xff,0x64,0xe1,0xff,0x64,0xe1,0xff,0x64,0xe1,0xff,0x64,0xe1,0xff,0x64,0xe1,0xff,0x64,0xe1,0xff,
    0x64,0xe1,0xff,0x64,0xe1,0xff,0x64,0xe1,0xff,0x64,0xe1,0xff,0x64,0xe1,0xff,0x64,0xe1,0xff,0x64,0xe1,0xff,0x64,0xe1,0xff,
    0x64,0xe1,0xff,0x64,0xe1,0xff,0x64,0xe1,0xff,0x64,0xe1,0xff,0x64,0xe1,0xfb,0x85,0xf9,0xff,0x64,0xe1,0x80,0x00,0xf8,0x01,
    0xe7,0xb9,0x04,0x00,0x00,0x00,0x00,0x00,0x00,0x00,0x00,0x00,0x00,0x00,0x00,0x00,0x00,0x00,0x00,0x00,0x00,0x00,0x00,0x00,
    0x00,0x00,0x00,0x00,0x00,0x00,0x00,0x00,0x00,0x00,0x00,0x00,0x00,0x00,0x00,0x00,0xf8,0x02,0x00,0xf8,0x01,0x64,0xe1,0x20,
    0x64,0xe1,0xf8,0x64,0xe1,0xfe,0x64,0xe1,0xfe,0x64,0xe1,0xff,0x64,0xe1,0xff,0x64,0xe1,0xff,0x64,0xe1,0xff,0x64,0xe1,0xff,
    0x64,0xe1,0xff,0x64,0xe1,0xff,0x64,0xe1,0xff,0x64,0xe1,0xff,0x64,0xe1,0xff,0x64,0xe1,0xff,0x64,0xe1,0xfb,0x85,0xf9,0xff,
    0x44,0xe1,0x74,0x00,0x00,0x00,0xaa,0xfa,0x03,0x00,0x00,0x00,0x00,0x00,0x00,0x00,0x00,0x00,0x00,0x00,0x00,0x00,0x00,0x00,
    0x00,0x00,0x00,0x00,0x00,0x00,0x00,0x00,0x00,0x00,0x00,0x00,0x00,0x00,0x00,0x00,0x00,0x00,0x00,0x00,0x00,0x00,0x00,0x00,
    0x00,0x00,0x00,0x00,0x00,0x00,0x00,0x00,0x00,0x00,0x00,0x00,0x00,0x00,0x00,0x00,0x00,0x00,0x00,0x00,0x00,0x00,0x00,0x00,
    0x00,0x00,0x00,0x00,0x00,0x00,0x00,0x00,0x00,0x00,0x00,0x00,0x00,0x00,0x00,0x00,0x00,0x00,0x00,0x00,0x00,0x00,0x00,0x00,
    0x00,0x00,0x00,0x00,0x00,0x00,0x00,0x00,0x00,0x00,0x00,0x00,0x00,0x00,0x00,0x00,0x00,0x00,0x00,0x00,0x00,0x00,0x00,0x00,
    0x00,0x00,0x00,0x00,0x00,0x00,0x00,0x00,0x00,0x00,0x00,0x00,0x00,0x00,0x00,0x00,0x00,0x00,0x00,0x00,0x00,0x00,0x00,0x00,
    0x00,0x00,0x00,0x00,0x00,0x01,0xe7,0xb9,0x04,0xe7,0xb9,0x04,0x00,0xa8,0x03,0x00,0x00,0x00,0x00,0x00,0x00,0x00,0x00,0x00,
    0x00,0x00,0x00,0x00,0x00,0x00,0x84,0xe1,0x1e,0x64,0xf1,0x22,0x64,0xe9,0x3d,0x65,0xe9,0x8e,0x64,0xe1,0x8e,0x64,0xe1,0x8e,
    0x64,0xe1,0xd0,0x85,0xf1,0xf1,0x64,0xe1,0xc3,0x64,0xe1,0x8c,0x65,0xf1,0x90,0x64,0xe1,0x6b,0xa5,0xf9,0x22,0xe3,0xd8,0x08,
    0x00,0x00,0x00,0x00,0x00,0x00,0x00,0xf8,0x02,0x00,0x00,0x00,0x00,0x00,0x00,0x00,0x00,0x00,0x00,0x00,0x00,0x00,0x00,0x00,
    0x00,0x00,0x00,0x00,0x00,0x00,0x00,0x00,0x00,0x00,0x00,0x00,0x00,0x00,0x00,0x00,0x00,0x00,0x00,0x00,0x00,0x00,0x00,0x00,
    0x00,0x00,0x00,0x00,0x00,0x00,0x00,0x00,0x00,0x00,0x00,0x00,0x00,0x00,0x00,0x00,0x00,0x00,0x00,0x00,0x00,0x00,0x00,0x00,
    0x00,0x00,0x00,0x00,0x00,0x00,0x00,0x00,0x00,0x00,0x00,0x00,0x00,0x00,0x00,0x00,0x00,0x00,0x00,0x00,0x00,0x00,0x00,0x00,
    0x00,0x00,0x00,0x00,0x00,0x00,0x00,0x00,0x00,0x00,0x00,0x00,0x00,0x00,0x00,0x00,0x00,0x00,0x00,0x00,0x00,0x00,0x00,0x00,
    0x00,0x00,0x00,0x00,0x00,0x00,0x00,0x00,0x00,0x00,0x00,0x00,0x00,0x00,0x00,0x00,0x00,0x00,0x00,0x00,0x00,0x00,0x00,0x00,
    0x00,0x00,0x00,0x00,0x00,0x00,0x00,0x00,0x00,0x00,0x00,0x00,0x00,0x00,0x00,0x00,0x00,0x00,0x00,0x00,0x00,0x00,0x00,0x00,
    0x00,0x00,0x00,0x00,0x00,0x00,0x00,0x00,0x00,0x00,0x00,0x00,0x00,0x00,0x00,0x00,0x00,0x00,0x00,0x00,0x00,0xa0,0xfa,0x03,
    0xa0,0xaa,0x03,0xe7,0xb9,0x04,0x00,0xa8,0x03,0x00,0x00,0x00,0x00,0x00,0x00,0x00,0x00,0x00,0x00,0x00,0x00,0x86,0xf9,0x0f,
    0x24,0xe9,0x0e,0x64,0xe1,0x5d,0x85,0xe9,0x79,0x64,0xe1,0xd7,0x64,0xe1,0xe9,0x85,0xf9,0xff,0x85,0xf1,0xff,0x85,0xf1,0xff,
    0x85,0xe9,0xff,0x64,0xe1,0xfd,0x64,0xe1,0xfd,0x64,0xe1,0xfb,0x64,0xe1,0xfc,0x64,0xe1,0xff,0x64,0xe1,0xff,0x64,0xe1,0xff,
    0x64,0xe1,0xff,0x64,0xe1,0xff,0x64,0xe1,0xff,0x64,0xe1,0xff,0x64,0xe1,0xff,0x64,0xe1,0xff,0x64,0xe1,0xff,0x64,0xe1,0xff,
    0x64,0xe1,0xff,0x64,0xe1,0xff,0x64,0xe1,0xff,0x64,0xe1,0xff,0x64,0xe1,0xff,0x64,0xe1,0xfe,0x64,0xe9,0xfe,0x64,0xe1,0xe7,
    0x45,0xe1,0x12,0x00,0x00,0x01,0x00,0xf8,0x01,0x00,0x00,0x00,0x00,0x00,0x00,0x00,0x00,0x00,0x00,0x00,0x00,0x00,0x00,0x00,
    0x00,0x00,0x00,0x00,0x00,0x00,0x00,0x00,0x00,0x00,0x00,0x00,0x00,0x00,0x00,0x00,0x00,0x00,0x00,0x00,0x00,0xe7,0xf9,0x04,
    0x00,0x00,0x00,0x64,0xe1,0x95,0x85,0xf1,0xff,0x64,0xe1,0xfb,0x64,0xe1,0xff,0x64,0xe1,0xff,0x64,0xe1,0xff,0x64,0xe1,0xff,
    0x64,0xe1,0xff,0x64,0xe1,0xff,0x64,0xe1,0xff,0x64,0xe1,0xff,0x64,0xe1,0xff,0x64,0xe1,0xff,0x64,0xe1,0xff,0x64,0xe1,0xfe,
    0x65,0xe9,0xfe,0x64,0xe9,0xdf,0x45,0xe9,0x0c,0x00,0x78,0x02,0x00,0xf8,0x01,0x00,0x00,0x00,0x00,0x00,0x00,0x00,0x00,0x00,
    0x00,0x00,0x00,0x00,0x00,0x00,0x00,0x00,0x00,0x00,0x00,0x00,0x00,0x00,0x00,0x00,0x00,0x00,0x00,0x00,0x00,0x00,0x00,0x00,
    0x00,0x00,0x00,0x00,0x00,0x00,0x00,0x00,0x00,0x00,0x00,0x00,0x00,0x00,0x00,0x00,0x00,0x00,0x00,0x00,0x00,0x00,0x00,0x00,
    0x00,0x00,0x00,0x00,0x00,0x00,0x00,0x00,0x00,0x00,0x00,0x00,0x00,0x00,0x00,0x00,0x00,0x00,0x00,0x00,0x00,0x00,0x00,0x00,
    0x00,0x00,0x00,0x00,0x00,0x00,0x00,0x00,0x00,0x00,0x00,0x00,0x00,0x00,0x00,0x00,0x00,0x00,0x00,0x00,0x00,0x00,0x00,0x00,
    0x00,0x00,0x00,0x00,0x00,0x00,0x00,0x00,0x00,0x00,0x00,0x00,0x00,0x00,0x00,0x00,0x00,0x00,0x00,0x00,0x00,0x00,0x00,0x00,
    0x00,0x00,0x00,0x00,0x00,0x00,0x00,0x00,0x00,0x00,0x00,0x00,0x00,0x00,0x00,0x00,0x00,0x00,0x00,0x00,0x00,0x00,0xf8,0x01,
    0xa0,0xfa,0x03,0x00,0xa8,0x03,0xe7,0xb9,0x04,0xe7,0xb9,0x04,0x00,0x00,0x00,0x00,0x00,0x00,0x00,0x00,0x00,0x00,0x00,0x00,
    0x00,0x00,0x00,0x00,0x00,0x00,0xa0,0xfa,0x03,0x46,0xfa,0x0e,0x00,0x00,0x00,0x00,0x00,0x00,0x00,0x00,0x00,0x00,0x00,0x00,
    0x00,0x00,0x00,0x00,0x00,0x00,0xaa,0xfa,0x03,0x00,0x00,0x01,0x00,0x00,0x00,0x00,0x00,0x00,0x00,0x00,0x00,0x00,0x00,0x00,
    0x00,0x00,0x00,0x00,0x00,0x00,0x00,0x00,0x00,0x00,0x00,0x00,0x00,0x00,0x00,0x00,0x00,0x00,0x00,0x00,0x00,0x00,0x00,0x00,
    0x00,0x00,0x00,0x00,0x00,0x00,0x00,0x00,0x00,0x00,0x00,0x00,0x00,0x00,0x00,0x00,0x00,0x00,0x00,0x00,0x00,0x00,0x00,0x00,
    0x00,0x00,0x00,0x00,0x00,0x00,0x00,0x00,0x00,0x00,0x00,0x00,0x00,0x00,0x00,0x00,0x00,0x00,0x00,0x00,0x00,0x00,0x00,0x00,
    0x00,0x00,0x00,0x00,0x00,0x00,0x00,0x00,0x00,0x00,0x00,0x00,0x00,0x00,0x00,0x00,0x00,0x00,0x00,0x00,0x00,0x00,0x00,0x00,
    0x00,0x00,0x00,0x00,0x00,0x00,0x00,0x00,0x00,0x00,0x00,0x00,0x00,0x00,0x00,0x00,0x00,0x00,0x00,0x00,0x00,0x00,0x00,0x00,
    0x00,0x00,0x00,0x00,0x00,0x00,0x00,0x00,0x00,0x00,0x00,0x00,0x00,0x00,0x00,0x00,0x00,0x00,0x00,0x00,0x00,0x00,0x00,0x00,
    0x00,0x00,0x00,0x00,0x00,0x00,0x00,0x00,0x00,0x00,0x00,0x00,0x00,0x00,0x00,0x00,0x00,0x00,0x00,0x00,0x00,0x00,0x00,0x00,
    0x00,0x00,0x00,0x00,0x00,0x00,0x00,0x00,0x00,0x00,0x00,0x00,0x00,0x00,0x00,0x00,0xf8,0x02,0x00,0xf8,0x02,0x86,0xc9,0x05,
    0x00,0x00,0x00,0x00,0x00,0x00,0x00,0x00,0x00,0x00,0x00,0x00,0x00,0x00,0x00,0x00,0x00,0x00,0x64,0xd9,0x16,0x85,0xf1,0x54,
    0x64,0xe1,0x86,0x65,0xf1,0xc5,0x64,0xe1,0xd2,0x85,0xf1,0xff,0x85,0xf1,0xff,0x85,0xf1,0xff,0x85,0xf1,0xff,0x64,0xe1,0xff,
    0x64,0xe1,0xfe,0x64,0xe1,0xfb,0x64,0xe1,0xfb,0x64,0xe1,0xfd,0x64,0xe1,0xfe,0x64,0xe1,0xff,0x64,0xe1,0xff,0x64,0xe1,0xff,
    0x64,0xe1,0xff,0x64,0xe1,0xff,0x64,0xe1,0xff,0x64,0xe1,0xff,0x64,0xe1,0xff,0x64,0xe1,0xff,0x64,0xe1,0xff,0x64,0xe1,0xfb,
    0x85,0xf9,0xff,0x64,0xe1,0x98,0x00,0x00,0x00,0x86,0xc9,0x05,0x00,0x00,0x00,0x00,0x00,0x00,0x00,0x00,0x00,0x00,0x00,0x00,
    0x00,0x00,0x00,0x00,0x00,0x00,0x00,0x00,0x00,0x00,0x00,0x00,0x00,0x00,0x00,0x00,0x00,0x00,0x00,0x00,0x00,0x00,0x00,0x00,
    0x00,0xf8,0x02,0x00,0x00,0x00,0xa4,0xe9,0x1d,0x65,0xe9,0xf6,0x64,0xe9,0xfd,0x64,0xe1,0xfe,0x64,0xe1,0xff,0x64,0xe1,0xff,
    0x64,0xe1,0xff,0x64,0xe1,0xff,0x64,0xe1,0xff,0x64,0xe1,0xff,0x64,0xe1,0xff,0x64,0xe1,0xff,0x64,0xe1,0xff,0x64,0xe1,0xff,
    0x64,0xe1,0xff,0x64,0xe1,0xfa,0x85,0xf9,0xff,0x65,0xe1,0x8c,0x00,0x00,0x00,0x86,0xc9,0x05,0x00,0x00,0x00,0x00,0x00,0x00,
    0x00,0x00,0x00,0x00,0x00,0x00,0x00,0x00,0x00,0x00,0x00,0x00,0x00,0x00,0x00,0x00,0x00,0x00,0x00,0x00,0x00,0x00,0x00,0x00,
    0x00,0x00,0x00,0x00,0x00,0x00,0x00,0x00,0x00,0x00,0x00,0x00,0x00,0x00,0x00,0x00,0x00,0x00,0x00,0x00,0x00,0x00,0x00,0x00,
    0x00,0x00,0x00,0x00,0x00,0x00,0x00,0x00,0x00,0x00,0x00,0x00,0x00,0x00,0x00,0x00,0x00,0x00,0x00,0x00,0x00,0x00,0x00,0x00,
    0x00,0x00,0x00,0x00,0x00,0x00,0x00,0x00,0x00,0x00,0x00,0x00,0x00,0x00,0x00,0x00,0x00,0x00,0x00,0x00,0x00,0x00,0x00,0x00,
    0x00,0x00,0x00,0x00,0x00,0x00,0x00,0x00,0x00,0x00,0x00,0x00,0x00,0x00,0x00,0x00,0x00,0x00,0x00,0x00,0x00,0x00,0x00,0x00,
    0x00,0x00,0x00,0x00,0x00,0x00,0x00,0x00,0x00,0x00,0x00,0x00,0x00,0x00,0x00,0x00,0x00,0x00,0x00,0x00,0x00,0x00,0x00,0x00,
    0x00,0x00,0x00,0x00,0x00,0x00,0x00,0x00,0x00,0x00,0x00,0x00,0x00,0x00,0x00,0x00,0x00,0x00,0x00,0xf8,0x02,0x00,0xf8,0x02,
    0x00,0xa8,0x03,0x86,0xc9,0x05,0x86,0xc9,0x05,0x86,0xc9,0x05,0x00,0x00,0x00,0x00,0x00,0x00,0x00,0x00,0x00,0x86,0xc9,0x05,
    0x86,0xc9,0x05,0xe7,0xb9,0x04,0x00,0xf8,0x02,0x00,0xf8,0x01,0x00,0x00,0x00,0x00,0x00,0x00,0x00,0x00,0x00,0x00,0x00,0x00,
    0x00,0x00,0x00,0x00,0x00,0x00,0x00,0x00,0x00,0x00,0x00,0x00,0x00,0x00,0x00,0x00,0x00,0x00,0x00,0x00,0x00,0x00,0x00,0x00,
    0x00,0x00,0x00,0x00,0x00,0x00,0x00,0x00,0x00,0x00,0x00,0x00,0x00,0x00,0x00,0x00,0x00,0x00,0x00,0x00,0x00,0x00,0x00,0x00,
    0x00,0x00,0x00,0x00,0x00,0x00,0x00,0x00,0x00,0x00,0x00,0x00,0x00,0x00,0x00,0x00,0x00,0x00,0x00,0x00,0x00,0x00,0x00,0x00,
    0x00,0x00,0x00,0x00,0x00,0x00,0x00,0x00,0x00,0x00,0x00,0x00,0x00,0x00,0x00,0x00,0x00,0x00,0x00,0x00,0x00,0x00,0x00,0x00,
    0x00,0x00,0x00,0x00,0x00,0x00,0x00,0x00,0x00,0x00,0x00,0x00,0x00,0x00,0x00,0x00,0x00,0x00,0x00,0x00,0x00,0x00,0x00,0x00,
    0x00,0x00,0x00,0x00,0x00,0x00,0x00,0x00,0x00,0x00,0x00,0x00,0x00,0x00,0x00,0x00,0x00,0x00,0x00,0x00,0x00,0x00,0x00,0x00,
    0x00,0x00,0x00,0x00,0x00,0x00,0x00,0x00,0x00,0x00,0x00,0x00,0x00,0x00,0x00,0x00,0x00,0x00,0x00,0x00,0x00,0x00,0x00,0x00,
    0x00,0x00,0x00,0x00,0x00,0x00,0x00,0x00,0x00,0x00,0x00,0x00,0x00,0x00,0x00,0x00,0x00,0x00,0x00,0x00,0x00,0x00,0x00,0x00,
    0x00,0x00,0x00,0x00,0x00,0x00,0x00,0x00,0x01,0x00,0xf8,0x01,0x00,0xf8,0x01,0xe7,0xb9,0x04,0xe7,0xf9,0x04,0x00,0x00,0x00,
    0x00,0x00,0x00,0x00,0x00,0x00,0x00,0x00,0x00,0x00,0x00,0x00,0xe0,0xf9,0x04,0x84,0xf1,0x3a,0x65,0xe1,0x3f,0x64,0xe1,0xa3,
    0x64,0xe1,0xbc,0x64,0xe9,0xff,0x65,0xe9,0xff,0x85,0xf9,0xff,0x85,0xf1,0xff,0x85,0xe9,0xff,0x64,0xe9,0xff,0x64,0xe1,0xfb,
    0x64,0xe1,0xfb,0x64,0xe1,0xfd,0x64,0xe1,0xfe,0x64,0xe1,0xff,0x64,0xe1,0xff,0x64,0xe1,0xff,0x64,0xe1,0xff,0x64,0xe1,0xff,
    0x64,0xe1,0xff,0x64,0xe1,0xfe,0x65,0xe9,0xff,0x85,0xe9,0x3e,0x00,0x00,0x00,0x00,0xa8,0x03,0x00,0x00,0x00,0x00,0x00,0x00,
    0x00,0x00,0x00,0x00,0x00,0x00,0x00,0x00,0x00,0x00,0x00,0x00,0x00,0x00,0x00,0x00,0x00,0x00,0x00,0x00,0x00,0x00,0x00,0x00,
    0x00,0x00,0x00,0x00,0x00,0x00,0xe7,0xb9,0x04,0x00,0xf8,0x02,0x64,0xe1,0x99,0x85,0xf1,0xff,0x64,0xe1,0xfb,0x64,0xe1,0xff,
    0x64,0xe1,0xff,0x64,0xe1,0xff,0x64,0xe1,0xff,0x64,0xe1,0xff,0x64,0xe1,0xff,0x64,0xe1,0xff,0x64,0xe1,0xff,0x64,0xe1,0xff,
    0x64,0xe1,0xff,0x64,0xe1,0xff,0x64,0xe1,0xff,0x64,0xe1,0xfe,0x64,0xe9,0xfc,0x84,0xe1,0x35,0x00,0x00,0x00,0x00,0xa8,0x03,
    0x00,0x00,0x00,0x00,0x00,0x00,0x00,0x00,0x00,0x00,0x00,0x00,0x00,0x00,0x00,0x00,0x00,0x00,0x00,0x00,0x00,0x00,0x00,0x00,
    0x00,0x00,0x00,0x00,0x00,0x00,0x00,0x00,0x00,0x00,0x00,0x00,0x00,0x00,0x00,0x00,0x00,0x00,0x00,0x00,0x00,0x00,0x00,0x00,
    0x00,0x00,0x00,0x00,0x00,0x00,0x00,0x00,0x00,0x00,0x00,0x00,0x00,0x00,0x00,0x00,0x00,0x00,0x00,0x00,0x00,0x00,0x00,0x00,
    0x00,0x00,0x00,0x00,0x00,0x00,0x00,0x00,0x00,0x00,0x00,0x00,0x00,0x00,0x00,0x00,0x00,0x00,0x00,0x00,0x00,0x00,0x00,0x00,
    0x00,0x00,0x00,0x00,0x00,0x00,0x00,0x00,0x00,0x00,0x00,0x00,0x00,0x00,0x00,0x00,0x00,0x00,0x00,0x00,0x00,0x00,0x00,0x00,
    0x00,0x00,0x00,0x00,0x00,0x00,0x00,0x00,0x00,0x00,0x00,0x00,0x00,0x00,0x00,0x00,0x00,0x00,0x00,0x00,0x00,0x00,0x00,0x00,
    0x00,0x00,0x00,0x00,0x00,0x00,0x00,0x00,0x00,0x00,0x00,0x00,0x00,0x00,0x00,0x00,0x00,0x00,0x00,0x00,0x00,0x00,0x00,0x00,
    0x00,0x00,0x00,0x00,0x00,0x00,0x00,0x00,0x00,0x00,0x00,0x00,0x00,0x00,0x00,0x00,0x00,0x00,0x00,0xf8,0x01,0x00,0xf8,0x01,
    0x00,0x00,0x01,0x00,0x00,0x00,0x00,0x00,0x00,0x00,0x00,0x00,0x00,0x00,0x00,0x00,0x00,0x00,0x00,0x00,0x00,0x00,0x00,0x00,
    0x00,0x00,0x00,0x00,0x00,0x00,0x00,0x00,0x00,0x00,0x00,0x00,0x00,0x00,0x00,0x00,0x00,0x00,0x00,0x00,0x00,0x00,0x00,0x00,
    0x00,0x00,0x00,0x00,0x00,0x00,0x00,0x00,0x00,0x00,0x00,0x00,0x00,0x00,0x00,0x00,0x00,0x00,0x00,0x00,0x00,0x00,0x00,0x00,
    0x00,0x00,0x00,0x00,0x00,0x00,0x00,0x00,0x00,0x00,0x00,0x00,0x00,0x00,0x00,0x00,0x00,0x00,0x00,0x00,0x00,0x00,0x00,0x00,
    0x00,0x00,0x00,0x00,0x00,0x00,0x00,0x00,0x00,0x00,0x00,0x00,0x00,0x00,0x00,0x00,0x00,0x00,0x00,0x00,0x00,0x00,0x00,0x00,
    0x00,0x00,0x00,0x00,0x00,0x00,0x00,0x00,0x00,0x00,0x00,0x00,0x00,0x00,0x00,0x00,0x00,0x00,0x00,0x00,0x00,0x00,0x00,0x00,
    0x00,0x00,0x00,0x00,0x00,0x00,0x00,0x00,0x00,0x00,0x00,0x00,0x00,0x00,0x00,0x00,0x00,0x00,0x00,0x00,0x00,0x00,0x00,0x00,
    0x00,0x00,0x00,0x00,0x00,0x00,0x00,0x00,0x00,0x00,0x00,0x00,0x00,0x00,0x00,0x00,0x00,0x00,0x00,0x00,0x00,0x00,0x00,0x00,
    0x00,0x00,0x00,0x00,0x00,0x00,0x00,0x00,0x00,0x00,0x00,0x00,0x00,0x00,0x00,0x00,0x00,0x00,0x00,0x00,0x00,0x00,0x00,0x00,
    0x00,0x00,0x00,0x00,0x00,0x00,0x00,0x00,0x00,0x00,0x00,0x00,0x00,0x00,0x00,0x00,0x00,0x00,0x00,0x00,0x00,0x00,0x00,0x00,
    0x00,0x00,0x00,0x00,0x00,0x00,0x00,0xf8,0x01,0xe7,0xf9,0x04,0xa0,0xfa,0x03,0x00,0xf8,0x02,0x00,0x00,0x00,0x00,0x00,0x00,
    0x00,0x00,0x00,0x00,0x00,0x00,0x00,0x00,0x00,0xa4,0xf1,0x22,0x64,0xe1,0x4d,0x85,0xf1,0x8f,0x64,0xe1,0x8c,0x64,0xe1,0xd6,
    0x65,0xe9,0xf1,0x85,0xf1,0xff,0x85,0xf1,0xff,0x65,0xe9,0xff,0x65,0xe9,0xff,0x64,0xe1,0xfb,0x64,0xe1,0xfb,0x64,0xe1,0xfc,
    0x64,0xe1,0xfd,0x64,0xe1,0xff,0x64,0xe1,0xfb,0x85,0xf1,0xff,0x64,0xe1,0xb4,0x00,0x00,0x00,0xe7,0xb9,0x04,0x00,0x00,0x00,
    0x00,0x00,0x00,0x00,0x00,0x00,0x00,0x00,0x00,0x00,0x00,0x00,0x00,0x00,0x00,0x00,0x00,0x00,0x00,0x00,0x00,0x00,0x00,0x00,
    0x00,0x00,0x00,0x00,0x00,0x00,0x00,0x00,0x00,0xe7,0xb9,0x04,0x00,0x00,0x00,0x64,0xe1,0x42,0x85,0xf1,0xff,0x64,0xe1,0xfb,
    0x64,0xe1,0xff,0x64,0xe1,0xff,0x64,0xe1,0xff,0x64,0xe1,0xff,0x64,0xe1,0xff,0x64,0xe1,0xff,0x64,0xe1,0xff,0x64,0xe1,0xff,
    0x64,0xe1,0xff,0x64,0xe1,0xff,0x64,0xe1,0xff,0x64,0xe1,0xff,0x64,0xe1,0xfb,0x85,0xf1,0xfe,0x64,0xe1,0xb8,0x00,0x00,0x00,
    0xe7,0xf9,0x04,0x00,0x00,0x00,0x00,0x00,0x00,0x00,0x00,0x00,0x00,0x00,0x00,0x00,0x00,0x00,0x00,0x00,0x00,0x00,0x00,0x00,
    0x00,0x00,0x00,0x00,0x00,0x00,0x00,0x00,0x00,0x00,0x00,0x00,0x00,0x00,0x00,0x00,0x00,0x00,0x00,0x00,0x00,0x00,0x00,0x00,
    0x00,0x00,0x00,0x00,0x00,0x00,0x00,0x00,0x00,0x00,0x00,0x00,0x00,0x00,0x00,0x00,0x00,0x00,0x00,0x00,0x00,0x00,0x00,0x00,
    0x00,0x00,0x00,0x00,0x00,0x00,0x00,0x00,0x00,0x00,0x00,0x00,0x00,0x00,0x00,0x00,0x00,0x00,0x00,0x00,0x00,0x00,0x00,0x00,
    0x00,0x00,0x00,0x00,0x00,0x00,0x00,0x00,0x00,0x00,0x00,0x00,0x00,0x00,0x00,0x00,0x00,0x00,0x00,0x00,0x00,0x00,0x00,0x00,
    0x00,0x00,0x00,0x00,0x00,0x00,0x00,0x00,0x00,0x00,0x00,0x00,0x00,0x00,0x00,0x00,0x00,0x00,0x00,0x00,0x00,0x00,0x00,0x00,
    0x00,0x00,0x00,0x00,0x00,0x00,0x00,0x00,0x00,0x00,0x00,0x00,0x00,0x00,0x00,0x00,0x00,0x00,0x00,0x00,0x00,0x00,0x00,0x00,
    0x00,0x00,0x00,0x00,0x00,0x00,0x00,0x00,0x00,0x00,0x00,0x00,0x00,0x00,0x00,0x00,0x00,0x00,0x00,0x00,0x00,0x00,0x00,0x00,
    0x00,0x00,0x00,0x00,0x00,0x00,0x00,0x00,0x00,0x00,0x00,0x00,0x00,0x00,0x00,0x00,0x00,0x00,0x00,0x00,0x00,0x00,0x00,0x00,
    0x00,0x00,0x00,0x00,0x00,0x00,0x00,0x00,0x00,0x00,0x00,0x00,0x00,0x00,0x00,0x00,0x00,0x00,0x00,0x00,0x00,0x00,0x00,0x00,
    0x00,0x00,0x00,0x00,0x00,0x00,0x00,0x00,0x00,0x00,0x00,0x00,0x00,0x00,0x00,0x00,0x00,0x00,0x00,0x00,0x00,0x00,0x00,0x00,
    0x00,0x00,0x00,0x00,0x00,0x00,0x00,0x00,0x00,0x00,0x00,0x00,0x00,0x00,0x00,0x00,0x00,0x00,0x00,0x00,0x00,0x00,0x00,0x00,
    0x00,0x00,0x00,0x00,0x00,0x00,0x00,0x00,0x00,0x00,0x00,0x00,0x00,0x00,0x00,0x00,0x00,0x00,0x00,0x00,0x00,0x00,0x00,0x00,
    0x00,0x00,0x00,0x00,0x00,0x00,0x00,0x00,0x00,0x00,0x00,0x00,0x00,0x00,0x00,0x00,0x00,0x00,0x00,0x00,0x00,0x00,0x00,0x00,
    0x00,0x00,0x00,0x00,0x00,0x00,0x00,0x00,0x00,0x00,0x00,0x00,0x00,0x00,0x00,0x00,0x00,0x00,0x00,0x00,0x00,0x00,0x00,0x00,
    0x00,0x00,0x00,0x00,0x00,0x00,0x00,0x00,0x00,0x00,0x00,0x00,0x00,0x00,0x00,0x00,0x00,0x00,0x00,0x00,0x00,0x00,0x00,0x00,
    0x00,0x00,0x00,0x00,0x00,0x00,0x00,0x00,0x00,0x00,0x00,0x00,0x00,0x00,0x00,0x00,0x00,0x00,0x00,0x00,0x00,0x00,0x00,0x00,
    0x00,0x00,0x00,0x00,0x00,0x00,0x00,0x00,0x00,0x00,0x00,0x00,0x00,0x00,0x00,0x00,0x00,0x00,0x00,0x00,0x00,0x00,0x00,0x00,
    0x00,0x00,0x00,0x00,0x00,0x00,0x00,0x00,0x00,0x00,0x00,0x00,0x00,0x00,0x00,0x00,0x00,0x00,0x00,0x00,0x00,0x00,0x00,0x00,
    0x00,0xf8,0x01,0xa0,0xfa,0x03,0xa0,0xaa,0x03,0xe7,0xf9,0x04,0x00,0xf8,0x01,0x00,0x00,0x00,0x00,0x00,0x00,0x00,0x00,0x00,
    0x00,0x00,0x00,0x86,0xc9,0x05,0x65,0xf9,0x11,0x64,0xe1,0x67,0x64,0xe9,0x83,0x64,0xe9,0xdc,0x64,0xe1,0xef,0x85,0xf9,0xff,
    0x85,0xf1,0xff,0x85,0xf1,0xff,0x65,0xe9,0xff,0x64,0xe1,0xfc,0x64,0xe1,0xfa,0x65,0xf1,0xfc,0x64,0xe1,0x38,0x00,0x00,0x00,
    0xa0,0xfa,0x03,0x00,0x00,0x00,0x00,0x00,0x00,0x00,0x00,0x00,0x00,0x00,0x00,0x00,0x00,0x00,0x00,0x00,0x00,0x00,0x00,0x00,
    0x00,0x00,0x00,0x00,0x00,0x00,0x00,0x00,0x00,0x00,0x00,0x00,0x00,0x00,0x00,0x00,0xf8,0x03,0x00,0x00,0x00,0x64,0xe1,0x95,
    0x85,0xf1,0xff,0x64,0xe1,0xfb,0x64,0xe1,0xff,0x64,0xe1,0xff,0x64,0xe1,0xff,0x64,0xe1,0xff,0x64,0xe1,0xff,0x64,0xe1,0xff,
    0x64,0xe1,0xff,0x64,0xe1,0xff,0x64,0xe1,0xff,0x64,0xe1,0xff,0x64,0xe1,0xff,0x64,0xe1,0xff,0x64,0xe1,0xfc,0x85,0xf1,0xff,
    0x65,0xe1,0x66,0x00,0x00,0x00,0x00,0xb8,0x04,0x00,0x00,0x00,0x00,0x00,0x00,0x00,0x00,0x00,0x00,0x00,0x00,0x00,0x00,0x00,
    0x00,0x00,0x00,0x00,0x00,0x00,0x00,0x00,0x00,0x00,0x00,0x00,0x00,0x00,0x00,0x00,0x00,0x00,0x00,0x00,0x00,0x00,0x00,0x00,
    0x00,0x00,0x00,0x00,0x00,0x00,0x00,0x00,0x00,0x00,0x00,0x00,0x00,0x00,0x00,0x00,0x00,0x00,0x00,0x00,0x00,0x00,0x00,0x00,
    0x00,0x00,0x00,0x00,0x00,0x00,0x00,0x00,0x00,0x00,0x00,0x00,0x00,0x00,0x00,0x00,0x00,0x00,0x00,0x00,0x00,0x00,0x00,0x00,
    0x00,0x00,0x00,0x00,0x00,0x00,0x00,0x00,0x00,0x00,0x00,0x00,0x00,0x00,0x00,0x00,0x00,0x00,0x00,0x00,0x00,0x00,0x00,0x00,
    0x00,0x00,0x00,0x00,0x00,0x00,0x00,0x00,0x00,0x00,0x00,0x00,0x00,0x00,0x00,0x00,0x00,0x00,0x00,0x00,0x00,0x00,0x00,0x00,
    0x00,0x00,0x00,0x00,0x00,0x00,0x00,0x00,0x00,0x00,0x00,0x00,0x00,0x00,0x00,0x00,0x00,0x00,0x00,0x00,0x00,0x00,0x00,0x00,
    0x00,0x00,0x00,0x00,0x00,0x00,0x00,0x00,0x00,0x00,0x00,0x00,0x00,0x00,0x00,0x00,0x00,0x00,0x00,0x00,0x00,0x00,0x00,0x00,
    0x00,0x00,0x00,0x00,0x00,0x00,0x00,0x00,0x00,0x00,0x00,0x00,0x00,0x00,0x00,0x00,0x00,0x00,0x00,0x00,0x00,0x00,0x00,0x00,
    0x00,0x00,0x00,0x00,0x00,0x00,0x00,0x00,0x00,0x00,0x00,0x00,0x00,0x00,0x00,0x00,0x00,0x00,0x00,0x00,0x00,0x00,0x00,0x00,
    0x00,0x00,0x00,0x00,0x00,0x00,0x00,0x00,0x00,0x00,0x00,0x00,0x00,0x00,0x00,0x00,0x00,0x00,0x00,0x00,0x00,0x00,0x00,0x00,
    0x00,0x00,0x00,0x00,0x00,0x00,0x00,0x00,0x00,0x00,0x00,0x00,0x00,0x00,0x00,0x00,0x00,0x00,0x00,0x00,0x00,0x00,0x00,0x00,
    0x00,0x00,0x00,0x00,0x00,0x00,0x00,0x00,0x00,0x00,0x00,0x00,0x00,0x00,0x00,0x00,0x00,0x00,0x00,0x00,0x00,0x00,0x00,0x00,
    0x00,0x00,0x00,0x00,0x00,0x00,0x00,0x00,0x00,0x00,0x00,0x00,0x00,0x00,0x00,0x00,0x00,0x00,0x00,0x00,0x00,0x00,0x00,0x00,
    0x00,0x00,0x00,0x00,0x00,0x00,0x00,0x00,0x00,0x00,0x00,0x00,0x00,0x00,0x00,0x00,0x00,0x00,0x00,0x00,0x00,0x00,0x00,0x00,
    0x00,0x00,0x00,0x00,0x00,0x00,0x00,0x00,0x00,0x00,0x00,0x00,0x00,0x00,0x00,0x00,0x00,0x00,0x00,0x00,0x00,0x00,0x00,0x00,
    0x00,0x00,0x00,0x00,0x00,0x00,0x00,0x00,0x00,0x00,0x00,0x00,0x00,0x00,0x00,0x00,0x00,0x00,0x00,0x00,0x00,0x00,0x00,0x00,
    0x00,0x00,0x00,0x00,0x00,0x00,0x00,0x00,0x00,0x00,0x00,0x00,0x00,0x00,0x00,0x00,0x00,0x00,0x00,0x00,0x00,0x00,0x00,0x00,
    0x00,0x00,0x00,0x00,0x00,0x00,0x00,0x00,0x00,0x00,0x00,0x00,0x00,0x00,0x00,0x00,0x00,0x00,0x00,0x00,0x00,0x00,0x00,0x00,
    0x00,0x00,0x00,0x00,0x00,0x00,0x00,0x00,0x00,0x00,0x00,0x00,0x00,0x00,0x00,0x00,0x00,0x00,0x00,0x00,0x00,0x00,0xf8,0x02,
    0xa0,0xfa,0x03,0x86,0xc9,0x05,0x86,0xc9,0x05,0x00,0x00,0x00,0x00,0x00,0x00,0x00,0x00,0x00,0x00,0x00,0x00,0x00,0x00,0x00,
    0x45,0xe9,0x1e,0x85,0xf9,0x54,0x64,0xe9,0x64,0x64,0xe1,0xc5,0x64,0xe1,0xdd,0x85,0xf1,0xff,0x85,0xf9,0xff,0x64,0xe1,0xb1,
    0x00,0x00,0x00,0x00,0xf8,0x03,0x00,0x00,0x00,0x00,0x00,0x00,0x00,0x00,0x00,0x00,0x00,0x00,0x00,0x00,0x00,0x00,0x00,0x00,
    0x00,0x00,0x00,0x00,0x00,0x00,0x00,0x00,0x00,0x00,0x00,0x00,0x00,0x00,0x00,0x00,0x00,0x00,0x00,0xf8,0x01,0x00,0xf8,0x01,
    0x63,0xd9,0x10,0x65,0xe9,0xdc,0x65,0xe9,0xfe,0x64,0xe1,0xfd,0x64,0xe1,0xff,0x64,0xe1,0xff,0x64,0xe1,0xff,0x64,0xe1,0xff,
    0x64,0xe1,0xff,0x64,0xe1,0xff,0x64,0xe1,0xff,0x64,0xe1,0xff,0x64,0xe1,0xff,0x64,0xe1,0xff,0x64,0xe1,0xff,0x64,0xe1,0xfd,
    0x85,0xe9,0xfe,0x64,0xe1,0xda,0xe3,0xe0,0x09,0xe0,0xfb,0x02,0x00,0x00,0x01,0x00,0x00,0x00,0x00,0x00,0x00,0x00,0x00,0x00,
    0x00,0x00,0x00,0x00,0x00,0x00,0x00,0x00,0x00,0x00,0x00,0x00,0x00,0x00,0x00,0x00,0x00,0x00,0x00,0x00,0x00,0x00,0x00,0x00,
    0x00,0x00,0x00,0x00,0x00,0x00,0x00,0x00,0x00,0x00,0x00,0x00,0x00,0x00,0x00,0x00,0x00,0x00,0x00,0x00,0x00,0x00,0x00,0x00,
    0x00,0x00,0x00,0x00,0x00,0x00,0x00,0x00,0x00,0x00,0x00,0x00,0x00,0x00,0x00,0x00,0x00,0x00,0x00,0x00,0x00,0x00,0x00,0x00,
    0x00,0x00,0x00,0x00,0x00,0x00,0x00,0x00,0x00,0x00,0x00,0x00,0x00,0x00,0x00,0x00,0x00,0x00,0x00,0x00,0x00,0x00,0x00,0x00,
    0x00,0x00,0x00,0x00,0x00,0x00,0x00,0x00,0x00,0x00,0x00,0x00,0x00,0x00,0x00,0x00,0x00,0x00,0x00,0x00,0x00,0x00,0x00,0x00,
    0x00,0x00,0x00,0x00,0x00,0x00,0x00,0x00,0x00,0x00,0x00,0x00,0x00,0x00,0x00,0x00,0x00,0x00,0x00,0x00,0x00,0x00,0x00,0x00,
    0x00,0x00,0x00,0x00,0x00,0x00,0x00,0x00,0x00,0x00,0x00,0x00,0x00,0x00,0x00,0x00,0x00,0x00,0x00,0x00,0x00,0x00,0x00,0x00,
    0x00,0x00,0x00,0x00,0x00,0x00,0x00,0x00,0x00,0x00,0x00,0x00,0x00,0x00,0x00,0x00,0x00,0x00,0x00,0x00,0x00,0x00,0x00,0x00,
    0x00,0x00,0x00,0x00,0x00,0x00,0x00,0x00,0x00,0x00,0x00,0x00,0x00,0x00,0x00,0x00,0x00,0x00,0x00,0x00,0x00,0x00,0x00,0x00,
    0x00,0x00,0x00,0x00,0x00,0x00,0x00,0x00,0x00,0x00,0x00,0x00,0x00,0x00,0x00,0x00,0x00,0x00,0x00,0x00,0x00,0x00,0x00,0x00,
    0x00,0x00,0x00,0x00,0x00,0x00,0x00,0x00,0x00,0x00,0x00,0x00,0x00,0x00,0x00,0x00,0x00,0x00,0x00,0x00,0x00,0x00,0x00,0x00,
    0x00,0x00,0x00,0x00,0x00,0x00,0x00,0x00,0x00,0x00,0x00,0x00,0x00,0x00,0x00,0x00,0x00,0x00,0x00,0x00,0x00,0x00,0x00,0x00,
    0x00,0x00,0x00,0x00,0x00,0x00,0x00,0x00,0x00,0x00,0x00,0x00,0x00,0x00,0x00,0x00,0x00,0x00,0x00,0x00,0x00,0x00,0x00,0x00,
    0x00,0x00,0x00,0x00,0x00,0x00,0x00,0x00,0x00,0x00,0x00,0x00,0x00,0x00,0x00,0x00,0x00,0x00,0x00,0x00,0x00,0x00,0x00,0x00,
    0x00,0x00,0x00,0x00,0x00,0x00,0x00,0x00,0x00,0x00,0x00,0x00,0x00,0x00,0x00,0x00,0x00,0x00,0x00,0x00,0x00,0x00,0x00,0x00,
    0x00,0x00,0x00,0x00,0x00,0x00,0x00,0x00,0x00,0x00,0x00,0x00,0x00,0x00,0x00,0x00,0x00,0x00,0x00,0x00,0x00,0x00,0x00,0x00,
    0x00,0x00,0x00,0x00,0x00,0x00,0x00,0x00,0x00,0x00,0x00,0x00,0x00,0x00,0x00,0x00,0x00,0x00,0x00,0x00,0x00,0x00,0x00,0x00,
    0x00,0x00,0x00,0x00,0x00,0x00,0x00,0x00,0x00,0x00,0x00,0x00,0x00,0x00,0x00,0x00,0x00,0x00,0x00,0x00,0x00,0x00,0x00,0x00,
    0x00,0x00,0x00,0x00,0x00,0x00,0x00,0x00,0x00,0x00,0x00,0x00,0x00,0x00,0x00,0x00,0x00,0x00,0x00,0x00,0x00,0x00,0x00,0x00,
    0x00,0x00,0x00,0x00,0x00,0x00,0x00,0x00,0x00,0x00,0x00,0x00,0x00,0x00,0x00,0x00,0xf8,0x01,0x00,0xf8,0x01,0xe7,0xf9,0x04,
    0xaa,0xfa,0x03,0x00,0x00,0x00,0x00,0x00,0x00,0x00,0x00,0x00,0x00,0x00,0x00,0x00,0x00,0x00,0x45,0xe9,0x0c,0x84,0xf1,0x3a,
    0x84,0xf1,0x3a,0xa4,0xe9,0x0e,0x00,0x00,0x00,0x00,0xf8,0x01,0x00,0x00,0x00,0x00,0x00,0x00,0x00,0x00,0x00,0x00,0x00,0x00,
    0x00,0x00,0x00,0x00,0x00,0x00,0x00,0x00,0x00,0x00,0x00,0x00,0x00,0x00,0x00,0x00,0x00,0x00,0x00,0x00,0x00,0x00,0x00,0x00,
    0xa0,0xfa,0x03,0x00,0x00,0x00,0x64,0xe1,0x36,0x85,0xf1,0xff,0x64,0xe1,0xfc,0x64,0xe1,0xff,0x64,0xe1,0xff,0x64,0xe1,0xff,
    0x64,0xe1,0xff,0x64,0xe1,0xff,0x64,0xe1,0xff,0x64,0xe1,0xff,0x64,0xe1,0xff,0x64,0xe1,0xff,0x64,0xe1,0xff,0x64,0xe1,0xff,
    0x64,0xe1,0xff,0x64,0xe1,0xfb,0x85,0xf1,0xff,0x64,0xe1,0x9a,0x00,0x00,0x00,0xa0,0xfa,0x03,0x00,0x00,0x00,0x00,0x00,0x00,
    0x00,0x00,0x00,0x00,0x00,0x00,0x00,0x00,0x00,0x00,0x00,0x00,0x00,0x00,0x00,0x00,0x00,0x00,0x00,0x00,0x00,0x00,0x00,0x00,
    0x00,0x00,0x00,0x00,0x00,0x00,0x00,0x00,0x00,0x00,0x00,0x00,0x00,0x00,0x00,0x00,0x00,0x00,0x00,0x00,0x00,0x00,0x00,0x00,
    0x00,0x00,0x00,0x00,0x00,0x00,0x00,0x00,0x00,0x00,0x00,0x00,0x00,0x00,0x00,0x00,0x00,0x00,0x00,0x00,0x00,0x00,0x00,0x00,
    0x00,0x00,0x00,0x00,0x00,0x00,0x00,0x00,0x00,0x00,0x00,0x00,0x00,0x00,0x00,0x00,0x00,0x00,0x00,0x00,0x00,0x00,0x00,0x00,
    0x00,0x00,0x00,0x00,0x00,0x00,0x00,0x00,0x00,0x00,0x00,0x00,0x00,0x00,0x00,0x00,0x00,0x00,0x00,0x00,0x00,0x00,0x00,0x00,
    0x00,0x00,0x00,0x00,0x00,0x00,0x00,0x00,0x00,0x00,0x00,0x00,0x00,0x00,0x00,0x00,0x00,0x00,0x00,0x00,0x00,0x00,0x00,0x00,
    0x00,0x00,0x00,0x00,0x00,0x00,0x00,0x00,0x00,0x00,0x00,0x00,0x00,0x00,0x00,0x00,0x00,0x00,0x00,0x00,0x00,0x00,0x00,0x00,
    0x00,0x00,0x00,0x00,0x00,0x00,0x00,0x00,0x00,0x00,0x00,0x00,0x00,0x00,0x00,0x00,0x00,0x00,0x00,0x00,0x00,0x00,0x00,0x00,
    0x00,0x00,0x00,0x00,0x00,0x00,0x00,0x00,0x00,0x00,0x00,0x00,0x00,0x00,0x00,0x00,0x00,0x00,0x00,0x00,0x00,0x00,0x00,0x00,
    0x00,0x00,0x00,0x00,0x00,0x00,0x00,0x00,0x00,0x00,0x00,0x00,0x00,0x00,0x00,0x00,0x00,0x00,0x00,0x00,0x00,0x00,0x00,0x00,
    0x00,0x00,0x00,0x00,0x00,0x00,0x00,0x00,0x00,0x00,0x00,0x00,0x00,0x00,0x00,0x00,0x00,0x00,0x00,0x00,0x00,0x00,0x00,0x00,
    0x00,0x00,0x00,0x00,0x00,0x00,0x00,0x00,0x00,0x00,0x00,0x00,0x00,0x00,0x00,0x00,0x00,0x00,0x00,0x00,0x00,0x00,0x00,0x00,
    0x00,0x00,0x00,0x00,0x00,0x00,0x00,0x00,0x00,0x00,0x00,0x00,0x00,0x00,0x00,0x00,0x00,0x00,0x00,0x00,0x00,0x00,0x00,0x00,
    0x00,0x00,0x00,0x00,0x00,0x00,0x00,0x00,0x00,0x00,0x00,0x00,0x00,0x00,0x00,0x00,0x00,0x00,0x00,0x00,0x00,0x00,0x00,0x00,
    0x00,0x00,0x00,0x00,0x00,0x00,0x00,0x00,0x00,0x00,0x00,0x00,0x00,0x00,0x00,0x00,0x00,0x00,0x00,0x00,0x00,0x00,0x00,0x00,
    0x00,0x00,0x00,0x00,0x00,0x00,0x00,0x00,0x00,0x00,0x00,0x00,0x00,0x00,0x00,0x00,0x00,0x00,0x00,0x00,0x00,0x00,0x00,0x00,
    0x00,0x00,0x00,0x00,0x00,0x00,0x00,0x00,0x00,0x00,0x00,0x00,0x00,0x00,0x00,0x00,0x00,0x00,0x00,0x00,0x00,0x00,0x00,0x00,
    0x00,0x00,0x00,0x00,0x00,0x00,0x00,0x00,0x00,0x00,0x00,0x00,0x00,0x00,0x00,0x00,0x00,0x00,0x00,0x00,0x00,0x00,0x00,0x00,
    0x00,0x00,0x00,0x00,0x00,0x00,0x00,0x00,0x00,0x00,0x00,0x00,0x00,0x00,0x00,0x00,0x00,0x00,0x00,0x00,0x00,0x00,0x00,0x00,
    0x00,0x00,0x00,0x00,0x00,0x00,0x00,0x00,0x00,0x00,0x00,0x00,0x00,0x00,0x00,0x00,0x00,0x00,0x00,0x00,0x00,0x00,0x00,0x00,
    0x00,0x00,0x00,0x00,0x00,0x00,0x00,0x00,0x00,0x00,0x00,0x00,0x00,0x78,0x02,0xe7,0xf9,0x04,0xa0,0xfa,0x03,0x00,0xf8,0x02,
    0x00,0x00,0x00,0x00,0x00,0x00,0x00,0x00,0x00,0x00,0x00,0x00,0x00,0x00,0x00,0x00,0x00,0x00,0x00,0x00,0x00,0x00,0x00,0x00,
    0x00,0x00,0x00,0x00,0x00,0x00,0x00,0x00,0x00,0x00,0x00,0x00,0x00,0x00,0x00,0x00,0x00,0x00,0x00,0x00,0x00,0x00,0x00,0x00,
    0x00,0x00,0x00,0x00,0x00,0x00,0xe0,0xb9,0x04,0x00,0x00,0x00,0x64,0xe1,0x6a,0x85,0xf1,0xfe,0x64,0xe1,0xfb,0x64,0xe1,0xff,
    0x64,0xe1,0xff,0x64,0xe1,0xff,0x64,0xe1,0xff,0x64,0xe1,0xff,0x64,0xe1,0xff,0x64,0xe1,0xff,0x64,0xe1,0xff,0x64,0xe1,0xff,
    0x64,0xe1,0xff,0x64,0xe1,0xff,0x64,0xe1,0xfe,0x64,0xe9,0xfd,0x65,0xe9,0xf4,0x85,0xe9,0x23,0x00,0xf8,0x01,0xef,0xfb,0x02,
    0x00,0x00,0x00,0x00,0x00,0x00,0x00,0x00,0x00,0x00,0x00,0x00,0x00,0x00,0x00,0x00,0x00,0x00,0x00,0x00,0x00,0x00,0x00,0x00,
    0x00,0x00,0x00,0x00,0x00,0x00,0x00,0x00,0x00,0x00,0x00,0x00,0x00,0x00,0x00,0x00,0x00,0x00,0x00,0x00,0x00,0x00,0x00,0x00,
    0x00,0x00,0x00,0x00,0x00,0x00,0x00,0x00,0x00,0x00,0x00,0x00,0x00,0x00,0x00,0x00,0x00,0x00,0x00,0x00,0x00,0x00,0x00,0x00,
    0x00,0x00,0x00,0x00,0x00,0x00,0x00,0x00,0x00,0x00,0x00,0x00,0x00,0x00,0x00,0x00,0x00,0x00,0x00,0x00,0x00,0x00,0x00,0x00,
    0x00,0x00,0x00,0x00,0x00,0x00,0x00,0x00,0x00,0x00,0x00,0x00,0x00,0x00,0x00,0x00,0x00,0x00,0x00,0x00,0x00,0x00,0x00,0x00,
    0x00,0x00,0x00,0x00,0x00,0x00,0x00,0x00,0x00,0x00,0x00,0x00,0x00,0x00,0x00,0x00,0x00,0x00,0x00,0x00,0x00,0x00,0x00,0x00,
    0x00,0x00,0x00,0x00,0x00,0x00,0x00,0x00,0x00,0x00,0x00,0x00,0x00,0x00,0x00,0x00,0x00,0x00,0x00,0x00,0x00,0x00,0x00,0x00,
    0x00,0x00,0x00,0x00,0x00,0x00,0x00,0x00,0x00,0x00,0x00,0x00,0x00,0x00,0x00,0x00,0x00,0x00,0x00,0x00,0x00,0x00,0x00,0x00,
    0x00,0x00,0x00,0x00,0x00,0x00,0x00,0x00,0x00,0x00,0x00,0x00,0x00,0x00,0x00,0x00,0x00,0x00,0x00,0x00,0x00,0x00,0x00,0x00,
    0x00,0x00,0x00,0x00,0x00,0x00,0x00,0x00,0x00,0x00,0x00,0x00,0x00,0x00,0x00,0x00,0x00,0x00,0x00,0x00,0x00,0x00,0x00,0x00,
    0x00,0x00,0x00,0x00,0x00,0x00,0x00,0x00,0x00,0x00,0x00,0x00,0x00,0x00,0x00,0x00,0x00,0x00,0x00,0x00,0x00,0x00,0x00,0x00,
    0x00,0x00,0x00,0x00,0x00,0x00,0x00,0x00,0x00,0x00,0x00,0x00,0x00,0x00,0x00,0x00,0x00,0x00,0x00,0x00,0x00,0x00,0x00,0x00,
    0x00,0x00,0x00,0x00,0x00,0x00,0x00,0x00,0x00,0x00,0x00,0x00,0x00,0x00,0x00,0x00,0x00,0x00,0x00,0x00,0x00,0x00,0x00,0x00,
    0x00,0x00,0x00,0x00,0x00,0x00,0x00,0x00,0x00,0x00,0x00,0x00,0x00,0x00,0x00,0x00,0x00,0x00,0x00,0x00,0x00,0x00,0x00,0x00,
    0x00,0x00,0x00,0x00,0x00,0x00,0x00,0x00,0x00,0x00,0x00,0x00,0x00,0x00,0x00,0x00,0x00,0x00,0x00,0x00,0x00,0x00,0x00,0x00,
    0x00,0x00,0x00,0x00,0x00,0x00,0x00,0x00,0x00,0x00,0x00,0x00,0x00,0x00,0x00,0x00,0x00,0x00,0x00,0x00,0x00,0x00,0x00,0x00,
    0x00,0x00,0x00,0x00,0x00,0x00,0x00,0x00,0x00,0x00,0x00,0x00,0x00,0x00,0x00,0x00,0x00,0x00,0x00,0x00,0x00,0x00,0x00,0x00,
    0x00,0x00,0x00,0x00,0x00,0x00,0x00,0x00,0x00,0x00,0x00,0x00,0x00,0x00,0x00,0x00,0x00,0x00,0x00,0x00,0x00,0x00,0x00,0x00,
    0x00,0x00,0x00,0x00,0x00,0x00,0x00,0x00,0x00,0x00,0x00,0x00,0x00,0x00,0x00,0x00,0x00,0x00,0x00,0x00,0x00,0x00,0x00,0x00,
    0x00,0x00,0x00,0x00,0x00,0x00,0x00,0x00,0x00,0x00,0x00,0x00,0x00,0x00,0x00,0x00,0x00,0x00,0x00,0x00,0x00,0x00,0x00,0x00,
    0x00,0x00,0x00,0x00,0x00,0x00,0x00,0x00,0x00,0x00,0x00,0x00,0x00,0x00,0x00,0x00,0x00,0x00,0x00,0x00,0x00,0x00,0x00,0x00,
    0x00,0x00,0x00,0x00,0x00,0x00,0x00,0xf8,0x01,0xa0,0xfa,0x03,0xa0,0xfa,0x03,0x00,0xf8,0x01,0x00,0x00,0x00,0x00,0x00,0x00,
    0x00,0x00,0x00,0x00,0x00,0x00,0x00,0x00,0x00,0x00,0x00,0x00,0x00,0x00,0x00,0x00,0x00,0x00,0x00,0x00,0x00,0x00,0x00,0x00,
    0x00,0x00,0x00,0x00,0x00,0x00,0x00,0x00,0x00,0x00,0x00,0x00,0xaa,0xaa,0x03,0x24,0xd9,0x07,0x64,0xe1,0xc4,0x85,0xf1,0xfb,
    0x64,0xe1,0xf9,0x64,0xe1,0xff,0x64,0xe1,0xff,0x64,0xe1,0xff,0x64,0xe1,0xff,0x64,0xe1,0xff,0x64,0xe1,0xff,0x64,0xe1,0xff,
    0x64,0xe1,0xff,0x64,0xe1,0xff,0x64,0xe1,0xff,0x64,0xe1,0xff,0x64,0xe1,0xfb,0x85,0xf1,0xff,0x65,0xe1,0x98,0x00,0x00,0x00,
    0xaa,0xfa,0x03,0x00,0x00,0x00,0x00,0x00,0x00,0x00,0x00,0x00,0x00,0x00,0x00,0x00,0x00,0x00,0x00,0x00,0x00,0x00,0x00,0x00,
    0x00,0x00,0x00,0x00,0x00,0x00,0x00,0x00,0x00,0x00,0x00,0x00,0x00,0x00,0x00,0x00,0x00,0x00,0x00,0x00,0x00,0x00,0x00,0x00,
    0x00,0x00,0x00,0x00,0x00,0x00,0x00,0x00,0x00,0x00,0x00,0x00,0x00,0x00,0x00,0x00,0x00,0x00,0x00,0x00,0x00,0x00,0x00,0x00,
    0x00,0x00,0x00,0x00,0x00,0x00,0x00,0x00,0x00,0x00,0x00,0x00,0x00,0x00,0x00,0x00,0x00,0x00,0x00,0x00,0x00,0x00,0x00,0x00,
    0x00,0x00,0x00,0x00,0x00,0x00,0x00,0x00,0x00,0x00,0x00,0x00,0x00,0x00,0x00,0x00,0x00,0x00,0x00,0x00,0x00,0x00,0x00,0x00,
    0x00,0x00,0x00,0x00,0x00,0x00,0x00,0x00,0x00,0x00,0x00,0x00,0x00,0x00,0x00,0x00,0x00,0x00,0x00,0x00,0x00,0x00,0x00,0x00,
    0x00,0x00,0x00,0x00,0x00,0x00,0x00,0x00,0x00,0x00,0x00,0x00,0x00,0x00,0x00,0x00,0x00,0x00,0x00,0x00,0x00,0x00,0x00,0x00,
    0x00,0x00,0x00,0x00,0x00,0x00,0x00,0x00,0x00,0x00,0x00,0x00,0x00,0x00,0x00,0x00,0x00,0x00,0x00,0x00,0x00,0x00,0x00,0x00,
    0x00,0x00,0x00,0x00,0x00,0x00,0x00,0x00,0x00,0x00,0x00,0x00,0x00,0x00,0x00,0x00,0x00,0x00,0x00,0x00,0x00,0x00,0x00,0x00,
    0x00,0x00,0x00,0x00,0x00,0x00,0x00,0x00,0x00,0x00,0x00,0x00,0x00,0x00,0x00,0x00,0x00,0x00,0x00,0x00,0x00,0x00,0x00,0x00,
    0x00,0x00,0x00,0x00,0x00,0x00,0x00,0x00,0x00,0x00,0x00,0x00,0x00,0x00,0x00,0x00,0x00,0x00,0x00,0x00,0x00,0x00,0x00,0x00,
    0x00,0x00,0x00,0x00,0x00,0x00,0x00,0x00,0x00,0x00,0x00,0x00,0x00,0x00,0x00,0x00,0x00,0x00,0x00,0x00,0x00,0x00,0x00,0x00,
    0x00,0x00,0x00,0x00,0x00,0x00,0x00,0x00,0x00,0x00,0x00,0x00,0x00,0x00,0x00,0x00,0x00,0x00,0x00,0x00,0x00,0x00,0x00,0x00,
    0x00,0x00,0x00,0x00,0x00,0x00,0x00,0x00,0x00,0x00,0x00,0x00,0x00,0x00,0x00,0x00,0x00,0x00,0x00,0x00,0x00,0x00,0x00,0x00,
    0x00,0x00,0x00,0x00,0x00,0x00,0x00,0x00,0x00,0x00,0x00,0x00,0x00,0x00,0x00,0x00,0x00,0x00,0x00,0x00,0x00,0x00,0x00,0x00,
    0x00,0x00,0x00,0x00,0x00,0x00,0x00,0x00,0x00,0x00,0x00,0x00,0x00,0x00,0x00,0x00,0x00,0x00,0x00,0x00,0x00,0x00,0x00,0x00,
    0x00,0x00,0x00,0x00,0x00,0x00,0x00,0x00,0x00,0x00,0x00,0x00,0x00,0x00,0x00,0x00,0x00,0x00,0x00,0x00,0x00,0x00,0x00,0x00,
    0x00,0x00,0x00,0x00,0x00,0x00,0x00,0x00,0x00,0x00,0x00,0x00,0x00,0x00,0x00,0x00,0x00,0x00,0x00,0x00,0x00,0x00,0x00,0x00,
    0x00,0x00,0x00,0x00,0x00,0x00,0x00,0x00,0x00,0x00,0x00,0x00,0x00,0x00,0x00,0x00,0x00,0x00,0x00,0x00,0x00,0x00,0x00,0x00,
    0x00,0x00,0x00,0x00,0x00,0x00,0x00,0x00,0x00,0x00,0x00,0x00,0x00,0x00,0x00,0x00,0x00,0x00,0x00,0x00,0x00,0x00,0x00,0x00,
    0x00,0x00,0x00,0x00,0x00,0x00,0x00,0x00,0x00,0x00,0x00,0x00,0x00,0x00,0x00,0x00,0x00,0x00,0x00,0x00,0x00,0x00,0x00,0x00,
    0x00,0x00,0x00,0x00,0x00,0x00,0x00,0x00,0x00,0x00,0x00,0x00,0x00,0x00,0x00,0x00,0x00,0x00,0x00,0x00,0x00,0x00,0x00,0x00,
    0x00,0x00,0x00,0x00,0x00,0x00,0x00,0x00,0x00,0x00,0x00,0x00,0x00,0x00,0x00,0x00,0x00,0x00,0x00,0x00,0x00,0x00,0x00,0x00,
    0x00,0x00,0x00,0x00,0x00,0x00,0x00,0x00,0x00,0x00,0x00,0x00,0x00,0x00,0x00,0x00,0xf8,0x02,0x00,0xf8,0x01,0x45,0xe1,0x1d,
    0x64,0xe1,0xf4,0x85,0xf9,0xff,0x85,0xe9,0xff,0x64,0xe1,0xff,0x64,0xe1,0xfb,0x64,0xe1,0xfa,0x64,0xe1,0xfd,0x64,0xe1,0xff,
    0x64,0xe1,0xff,0x64,0xe1,0xff,0x64,0xe1,0xff,0x64,0xe1,0xff,0x64,0xe1,0xff,0x64,0xe1,0xff,0x64,0xe1,0xfb,0x85,0xf1,0xff,
    0x65,0xe1,0x49,0x00,0xf8,0x01,0xe7,0xf9,0x04,0x00,0x00,0x00,0x00,0x00,0x00,0x00,0x00,0x00,0x00,0x00,0x00,0x00,0x00,0x00,
    0x00,0x00,0x00,0x00,0x00,0x00,0x00,0x00,0x00,0x00,0x00,0x00,0x00,0x00,0x00,0x00,0x00,0x00,0x00,0x00,0x00,0x00,0x00,0x00,
    0x00,0x00,0x00,0x00,0x00,0x00,0x00,0x00,0x00,0x00,0x00,0x00,0x00,0x00,0x00,0x00,0x00,0x00,0x00,0x00,0x00,0x00,0x00,0x00,
    0x00,0x00,0x00,0x00,0x00,0x00,0x00,0x00,0x00,0x00,0x00,0x00,0x00,0x00,0x00,0x00,0x00,0x00,0x00,0x00,0x00,0x00,0x00,0x00,
    0x00,0x00,0x00,0x00,0x00,0x00,0x00,0x00,0x00,0x00,0x00,0x00,0x00,0x00,0x00,0x00,0x00,0x00,0x00,0x00,0x00,0x00,0x00,0x00,
    0x00,0x00,0x00,0x00,0x00,0x00,0x00,0x00,0x00,0x00,0x00,0x00,0x00,0x00,0x00,0x00,0x00,0x00,0x00,0x00,0x00,0x00,0x00,0x00,
    0x00,0x00,0x00,0x00,0x00,0x00,0x00,0x00,0x00,0x00,0x00,0x00,0x00,0x00,0x00,0x00,0x00,0x00,0x00,0x00,0x00,0x00,0x00,0x00,
    0x00,0x00,0x00,0x00,0x00,0x00,0x00,0x00,0x00,0x00,0x00,0x00,0x00,0x00,0x00,0x00,0x00,0x00,0x00,0x00,0x00,0x00,0x00,0x00,
    0x00,0x00,0x00,0x00,0x00,0x00,0x00,0x00,0x00,0x00,0x00,0x00,0x00,0x00,0x00,0x00,0x00,0x00,0x00,0x00,0x00,0x00,0x00,0x00,
    0x00,0x00,0x00,0x00,0x00,0x00,0x00,0x00,0x00,0x00,0x00,0x00,0x00,0x00,0x00,0x00,0x00,0x00,0x00,0x00,0x00,0x00,0x00,0x00,
    0x00,0x00,0x00,0x00,0x00,0x00,0x00,0x00,0x00,0x00,0x00,0x00,0x00,0x00,0x00,0x00,0x00,0x00,0x00,0x00,0x00,0x00,0x00,0x00,
    0x00,0x00,0x00,0x00,0x00,0x00,0x00,0x00,0x00,0x00,0x00,0x00,0x00,0x00,0x00,0x00,0x00,0x00,0x00,0x00,0x00,0x00,0x00,0x00,
    0x00,0x00,0x00,0x00,0x00,0x00,0x00,0x00,0x00,0x00,0x00,0x00,0x00,0x00,0x00,0x00,0x00,0x00,0x00,0x00,0x00,0x00,0x00,0x00,
    0x00,0x00,0x00,0x00,0x00,0x00,0x00,0x00,0x00,0x00,0x00,0x00,0x00,0x00,0x00,0x00,0x00,0x00,0x00,0x00,0x00,0x00,0x00,0x00,
    0x00,0x00,0x00,0x00,0x00,0x00,0x00,0x00,0x00,0x00,0x00,0x00,0x00,0x00,0x00,0x00,0x00,0x00,0x00,0x00,0x00,0x00,0x00,0x00,
    0x00,0x00,0x00,0x00,0x00,0x00,0x00,0x00,0x00,0x00,0x00,0x00,0x00,0x00,0x00,0x00,0x00,0x00,0x00,0x00,0x00,0x00,0x00,0x00,
    0x00,0x00,0x00,0x00,0x00,0x00,0x00,0x00,0x00,0x00,0x00,0x00,0x00,0x00,0x00,0x00,0x00,0x00,0x00,0x00,0x00,0x00,0x00,0x00,
    0x00,0x00,0x00,0x00,0x00,0x00,0x00,0x00,0x00,0x00,0x00,0x00,0x00,0x00,0x00,0x00,0x00,0x00,0x00,0x00,0x00,0x00,0x00,0x00,
    0x00,0x00,0x00,0x00,0x00,0x00,0x00,0x00,0x00,0x00,0x00,0x00,0x00,0x00,0x00,0x00,0x00,0x00,0x00,0x00,0x00,0x00,0x00,0x00,
    0x00,0x00,0x00,0x00,0x00,0x00,0x00,0x00,0x00,0x00,0x00,0x00,0x00,0x00,0x00,0x00,0x00,0x00,0x00,0x00,0x00,0x00,0x00,0x00,
    0x00,0x00,0x00,0x00,0x00,0x00,0x00,0x00,0x00,0x00,0x00,0x00,0x00,0x00,0x00,0x00,0x00,0x00,0x00,0x00,0x00,0x00,0x00,0x00,
    0x00,0x00,0x00,0x00,0x00,0x00,0x00,0x00,0x00,0x00,0x00,0x00,0x00,0x00,0x00,0x00,0x00,0x00,0x00,0x00,0x00,0x00,0x00,0x00,
    0x00,0x00,0x00,0x00,0x00,0x00,0x00,0x00,0x00,0x00,0x00,0x00,0x00,0x00,0x00,0x00,0x00,0x00,0x00,0x00,0x00,0x00,0x00,0x00,
    0x00,0x00,0x00,0x00,0x00,0x00,0x00,0x00,0x00,0x00,0x00,0x00,0x00,0x00,0x00,0x00,0x00,0x00,0x00,0x00,0x00,0x00,0x00,0x00,
    0xe0,0xfb,0x02,0x00,0x00,0x00,0x64,0xe1,0x40,0x65,0xf1,0xab,0x64,0xe1,0xce,0x85,0xe9,0xff,0x85,0xf1,0xff,0x85,0xf9,0xff,
    0x65,0xe9,0xff,0x64,0xe1,0xfe,0x64,0xe1,0xfa,0x64,0xe1,0xfb,0x64,0xe1,0xfd,0x64,0xe1,0xfe,0x64,0xe1,0xff,0x64,0xe1,0xfc,
    0x85,0xf1,0xff,0x64,0xe1,0xcf,0x00,0xf8,0x03,0x00,0xf8,0x02,0x00,0x00,0x00,0x00,0x00,0x00,0x00,0x00,0x00,0x00,0x00,0x00,
    0x00,0x00,0x00,0x00,0x00,0x00,0x00,0x00,0x00,0x00,0x00,0x00,0x00,0x00,0x00,0x00,0x00,0x00,0x00,0x00,0x00,0x00,0x00,0x00,
    0x00,0x00,0x00,0x00,0x00,0x00,0x00,0x00,0x00,0x00,0x00,0x00,0x00,0x00,0x00,0x00,0x00,0x00,0x00,0x00,0x00,0x00,0x00,0x00,
    0x00,0x00,0x00,0x00,0x00,0x00,0x00,0x00,0x00,0x00,0x00,0x00,0x00,0x00,0x00,0x00,0x00,0x00,0x00,0x00,0x00,0x00,0x00,0x00,
    0x00,0x00,0x00,0x00,0x00,0x00,0x00,0x00,0x00,0x00,0x00,0x00,0x00,0x00,0x00,0x00,0x00,0x00,0x00,0x00,0x00,0x00,0x00,0x00,
    0x00,0x00,0x00,0x00,0x00,0x00,0x00,0x00,0x00,0x00,0x00,0x00,0x00,0x00,0x00,0x00,0x00,0x00,0x00,0x00,0x00,0x00,0x00,0x00,
    0x00,0x00,0x00,0x00,0x00,0x00,0x00,0x00,0x00,0x00,0x00,0x00,0x00,0x00,0x00,0x00,0x00,0x00,0x00,0x00,0x00,0x00,0x00,0x00,
    0x00,0x00,0x00,0x00,0x00,0x00,0x00,0x00,0x00,0x00,0x00,0x00,0x00,0x00,0x00,0x00,0x00,0x00,0x00,0x00,0x00,0x00,0x00,0x00,
    0x00,0x00,0x00,0x00,0x00,0x00,0x00,0x00,0x00,0x00,0x00,0x00,0x00,0x00,0x00,0x00,0x00,0x00,0x00,0x00,0x00,0x00,0x00,0x00,
    0x00,0x00,0x00,0x00,0x00,0x00,0x00,0x00,0x00,0x00,0x00,0x00,0x00,0x00,0x00,0x00,0x00,0x00,0x00,0x00,0x00,0x00,0x00,0x00,
    0x00,0x00,0x00,0x00,0x00,0x00,0x00,0x00,0x00,0x00,0x00,0x00,0x00,0x00,0x00,0x00,0x00,0x00,0x00,0x00,0x00,0x00,0x00,0x00,
    0x00,0x00,0x00,0x00,0x00,0x00,0x00,0x00,0x00,0x00,0x00,0x00,0x00,0x00,0x00,0x00,0x00,0x00,0x00,0x00,0x00,0x00,0x00,0x00,
    0x00,0x00,0x00,0x00,0x00,0x00,0x00,0x00,0x00,0x00,0x00,0x00,0x00,0x00,0x00,0x00,0x00,0x00,0x00,0x00,0x00,0x00,0x00,0x00,
    0x00,0x00,0x00,0x00,0x00,0x00,0x00,0x00,0x00,0x00,0x00,0x00,0x00,0x00,0x00,0x00,0x00,0x00,0x00,0x00,0x00,0x00,0x00,0x00,
    0x00,0x00,0x00,0x00,0x00,0x00,0x00,0x00,0x00,0x00,0x00,0x00,0x00,0x00,0x00,0x00,0x00,0x00,0x00,0x00,0x00,0x00,0x00,0x00,
    0x00,0x00,0x00,0x00,0x00,0x00,0x00,0x00,0x00,0x00,0x00,0x00,0x00,0x00,0x00,0x00,0x00,0x00,0x00,0x00,0x00,0x00,0x00,0x00,
    0x00,0x00,0x00,0x00,0x00,0x00,0x00,0x00,0x00,0x00,0x00,0x00,0x00,0x00,0x00,0x00,0x00,0x00,0x00,0x00,0x00,0x00,0x00,0x00,
    0x00,0x00,0x00,0x00,0x00,0x00,0x00,0x00,0x00,0x00,0x00,0x00,0x00,0x00,0x00,0x00,0x00,0x00,0x00,0x00,0x00,0x00,0x00,0x00,
    0x00,0x00,0x00,0x00,0x00,0x00,0x00,0x00,0x00,0x00,0x00,0x00,0x00,0x00,0x00,0x00,0x00,0x00,0x00,0x00,0x00,0x00,0x00,0x00,
    0x00,0x00,0x00,0x00,0x00,0x00,0x00,0x00,0x00,0x00,0x00,0x00,0x00,0x00,0x00,0x00,0x00,0x00,0x00,0x00,0x00,0x00,0x00,0x00,
    0x00,0x00,0x00,0x00,0x00,0x00,0x00,0x00,0x00,0x00,0x00,0x00,0x00,0x00,0x00,0x00,0x00,0x00,0x00,0x00,0x00,0x00,0x00,0x00,
    0x00,0x00,0x00,0x00,0x00,0x00,0x00,0x00,0x00,0x00,0x00,0x00,0x00,0x00,0x00,0x00,0x00,0x00,0x00,0x00,0x00,0x00,0x00,0x00,
    0x00,0x00,0x00,0x00,0x00,0x00,0x00,0x00,0x00,0x00,0x00,0x00,0x00,0x00,0x00,0x00,0x00,0x00,0x00,0x00,0x00,0x00,0x00,0x00,
    0x00,0x00,0x00,0x00,0x00,0x00,0x00,0x00,0x00,0x00,0x00,0x00,0x00,0x00,0x00,0x00,0x00,0x00,0x00,0x00,0x00,0x00,0x00,0x00,
    0x00,0x00,0x00,0x00,0x00,0x00,0x00,0x00,0x00,0x00,0x00,0x00,0x00,0x00,0x00,0x00,0x00,0x00,0x86,0xf9,0x05,0xa5,0xf9,0x30,
    0x64,0xe1,0x8d,0x64,0xe1,0x8f,0x64,0xe1,0xe2,0x85,0xe9,0xff,0x85,0xf9,0xff,0x85,0xf1,0xff,0x65,0xe9,0xff,0x64,0xe9,0xff,
    0x64,0xe1,0xfb,0x64,0xe1,0xf9,0x85,0xe9,0xfe,0x84,0xe9,0x4d,0x00,0x00,0x00,0xe7,0xb9,0x04,0x00,0x00,0x00,0x00,0x00,0x00,
    0x00,0x00,0x00,0x00,0x00,0x00,0x00,0x00,0x00,0x00,0x00,0x00,0x00,0x00,0x00,0x00,0x00,0x00,0x00,0x00,0x00,0x00,0x00,0x00,
    0x00,0x00,0x00,0x00,0x00,0x00,0x00,0x00,0x00,0x00,0x00,0x00,0x00,0x00,0x00,0x00,0x00,0x00,0x00,0x00,0x00,0x00,0x00,0x00,
    0x00,0x00,0x00,0x00,0x00,0x00,0x00,0x00,0x00,0x00,0x00,0x00,0x00,0x00,0x00,0x00,0x00,0x00,0x00,0x00,0x00,0x00,0x00,0x00,
    0x00,0x00,0x00,0x00,0x00,0x00,0x00,0x00,0x00,0x00,0x00,0x00,0x00,0x00,0x00,0x00,0x00,0x00,0x00,0x00,0x00,0x00,0x00,0x00,
    0x00,0x00,0x00,0x00,0x00,0x00,0x00,0x00,0x00,0x00,0x00,0x00,0x00,0x00,0x00,0x00,0x00,0x00,0x00,0x00,0x00,0x00,0x00,0x00,
    0x00,0x00,0x00,0x00,0x00,0x00,0x00,0x00,0x00,0x00,0x00,0x00,0x00,0x00,0x00,0x00,0x00,0x00,0x00,0x00,0x00,0x00,0x00,0x00,
    0x00,0x00,0x00,0x00,0x00,0x00,0x00,0x00,0x00,0x00,0x00,0x00,0x00,0x00,0x00,0x00,0x00,0x00,0x00,0x00,0x00,0x00,0x00,0x00,
    0x00,0x00,0x00,0x00,0x00,0x00,0x00,0x00,0x00,0x00,0x00,0x00,0x00,0x00,0x00,0x00,0x00,0x00,0x00,0x00,0x00,0x00,0x00,0x00,
    0x00,0x00,0x00,0x00,0x00,0x00,0x00,0x00,0x00,0x00,0x00,0x00,0x00,0x00,0x00,0x00,0x00,0x00,0x00,0x00,0x00,0x00,0x00,0x00,
    0x00,0x00,0x00,0x00,0x00,0x00,0x00,0x00,0x00,0x00,0x00,0x00,0x00,0x00,0x00,0x00,0x00,0x00,0x00,0x00,0x00,0x00,0x00,0x00,
    0x00,0x00,0x00,0x00,0x00,0x00,0x00,0x00,0x00,0x00,0x00,0x00,0x00,0x00,0x00,0x00,0x00,0x00,0x00,0x00,0x00,0x00,0x00,0x00,
    0x00,0x00,0x00,0x00,0x00,0x00,0x00,0x00,0x00,0x00,0x00,0x00,0x00,0x00,0x00,0x00,0x00,0x00,0x00,0x00,0x00,0x00,0x00,0x00,
    0x00,0x00,0x00,0x00,0x00,0x00,0x00,0x00,0x00,0x00,0x00,0x00,0x00,0x00,0x00,0x00,0x00,0x00,0x00,0x00,0x00,0x00,0x00,0x00,
    0x00,0x00,0x00,0x00,0x00,0x00,0x00,0x00,0x00,0x00,0x00,0x00,0x00,0x00,0x00,0x00,0x00,0x00,0x00,0x00,0x00,0x00,0x00,0x00,
    0x00,0x00,0x00,0x00,0x00,0x00,0x00,0x00,0x00,0x00,0x00,0x00,0x00,0x00,0x00,0x00,0x00,0x00,0x00,0x00,0x00,0x00,0x00,0x00,
    0x00,0x00,0x00,0x00,0x00,0x00,0x00,0x00,0x00,0x00,0x00,0x00,0x00,0x00,0x00,0x00,0x00,0x00,0x00,0x00,0x00,0x00,0x00,0x00,
    0x00,0x00,0x00,0x00,0x00,0x00,0x00,0x00,0x00,0x00,0x00,0x00,0x00,0x00,0x00,0x00,0x00,0x00,0x00,0x00,0x00,0x00,0x00,0x00,
    0x00,0x00,0x00,0x00,0x00,0x00,0x00,0x00,0x00,0x00,0x00,0x00,0x00,0x00,0x00,0x00,0x00,0x00,0x00,0x00,0x00,0x00,0x00,0x00,
    0x00,0x00,0x00,0x00,0x00,0x00,0x00,0x00,0x00,0x00,0x00,0x00,0x00,0x00,0x00,0x00,0x00,0x00,0x00,0x00,0x00,0x00,0x00,0x00,
    0x00,0x00,0x00,0x00,0x00,0x00,0x00,0x00,0x00,0x00,0x00,0x00,0x00,0x00,0x00,0x00,0x00,0x00,0x00,0x00,0x00,0x00,0x00,0x00,
    0x00,0x00,0x00,0x00,0x00,0x00,0x00,0x00,0x00,0x00,0x00,0x00,0x00,0x00,0x00,0x00,0x00,0x00,0x00,0x00,0x00,0x00,0x00,0x00,
    0x00,0x00,0x00,0x00,0x00,0x00,0x00,0x00,0x00,0x00,0x00,0x00,0x00,0x00,0x00,0x00,0x00,0x00,0x00,0x00,0x00,0x00,0x00,0x00,
    0x00,0x00,0x00,0x00,0x00,0x00,0x00,0x00,0x00,0x00,0x00,0x00,0x00,0x00,0x00,0x00,0x00,0x00,0x00,0x00,0x00,0x00,0x00,0x00,
    0x00,0x00,0x00,0x00,0x00,0x00,0x00,0x00,0x00,0x00,0x00,0x00,0x00,0x00,0x00,0x00,0x00,0x00,0x00,0xf8,0x02,0xe7,0xf9,0x04,
    0x00,0x00,0x00,0x00,0x00,0x00,0x00,0x00,0x00,0x00,0x00,0x00,0xc3,0xe1,0x09,0x85,0xe9,0x44,0x85,0xf1,0x71,0x64,0xe1,0x90,
    0x65,0xe9,0xdd,0x64,0xe1,0xf6,0x85,0xf9,0xff,0x85,0xf9,0xff,0x64,0xe1,0xf7,0x84,0xe9,0x0f,0x00,0xf8,0x01,0x00,0xf8,0x01,
    0x00,0x00,0x00,0x00,0x00,0x00,0x00,0x00,0x00,0x00,0x00,0x00,0x00,0x00,0x00,0x00,0x00,0x00,0x00,0x00,0x00,0x00,0x00,0x00,
    0x00,0x00,0x00,0x00,0x00,0x00,0x00,0x00,0x00,0x00,0x00,0x00,0x00,0x00,0x00,0x00,0x00,0x00,0x00,0x00,0x00,0x00,0x00,0x00,
    0x00,0x00,0x00,0x00,0x00,0x00,0x00,0x00,0x00,0x00,0x00,0x00,0x00,0x00,0x00,0x00,0x00,0x00,0x00,0x00,0x00,0x00,0x00,0x00,
    0x00,0x00,0x00,0x00,0x00,0x00,0x00,0x00,0x00,0x00,0x00,0x00,0x00,0x00,0x00,0x00,0x00,0x00,0x00,0x00,0x00,0x00,0x00,0x00,
    0x00,0x00,0x00,0x00,0x00,0x00,0x00,0x00,0x00,0x00,0x00,0x00,0x00,0x00,0x00,0x00,0x00,0x00,0x00,0x00,0x00,0x00,0x00,0x00,
    0x00,0x00,0x00,0x00,0x00,0x00,0x00,0x00,0x00,0x00,0x00,0x00,0x00,0x00,0x00,0x00,0x00,0x00,0x00,0x00,0x00,0x00,0x00,0x00,
    0x00,0x00,0x00,0x00,0x00,0x00,0x00,0x00,0x00,0x00,0x00,0x00,0x00,0x00,0x00,0x00,0x00,0x00,0x00,0x00,0x00,0x00,0x00,0x00,
    0x00,0x00,0x00,0x00,0x00,0x00,0x00,0x00,0x00,0x00,0x00,0x00,0x00,0x00,0x00,0x00,0x00,0x00,0x00,0x00,0x00,0x00,0x00,0x00,
    0x00,0x00,0x00,0x00,0x00,0x00,0x00,0x00,0x00,0x00,0x00,0x00,0x00,0x00,0x00,0x00,0x00,0x00,0x00,0x00,0x00,0x00,0x00,0x00,
    0x00,0x00,0x00,0x00,0x00,0x00,0x00,0x00,0x00,0x00,0x00,0x00,0x00,0x00,0x00,0x00,0x00,0x00,0x00,0x00,0x00,0x00,0x00,0x00,
    0x00,0x00,0x00,0x00,0x00,0x00,0x00,0x00,0x00,0x00,0x00,0x00,0x00,0x00,0x00,0x00,0x00,0x00,0x00,0x00,0x00,0x00,0x00,0x00,
    0x00,0x00,0x00,0x00,0x00,0x00,0x00,0x00,0x00,0x00,0x00,0x00,0x00,0x00,0x00,0x00,0x00,0x00,0x00,0x00,0x00,0x00,0x00,0x00,
    0x00,0x00,0x00,0x00,0x00,0x00,0x00,0x00,0x00,0x00,0x00,0x00,0x00,0x00,0x00,0x00,0x00,0x00,0x00,0x00,0x00,0x00,0x00,0x00,
    0x00,0x00,0x00,0x00,0x00,0x00,0x00,0x00,0x00,0x00,0x00,0x00,0x00,0x00,0x00,0x00,0x00,0x00,0x00,0x00,0x00,0x00,0x00,0x00,
    0x00,0x00,0x00,0x00,0x00,0x00,0x00,0x00,0x00,0x00,0x00,0x00,0x00,0x00,0x00,0x00,0x00,0x00,0x00,0x00,0x00,0x00,0x00,0x00,
    0x00,0x00,0x00,0x00,0x00,0x00,0x00,0x00,0x00,0x00,0x00,0x00,0x00,0x00,0x00,0x00,0x00,0x00,0x00,0x00,0x00,0x00,0x00,0x00,
    0x00,0x00,0x00,0x00,0x00,0x00,0x00,0x00,0x00,0x00,0x00,0x00,0x00,0x00,0x00,0x00,0x00,0x00,0x00,0x00,0x00,0x00,0x00,0x00,
    0x00,0x00,0x00,0x00,0x00,0x00,0x00,0x00,0x00,0x00,0x00,0x00,0x00,0x00,0x00,0x00,0x00,0x00,0x00,0x00,0x00,0x00,0x00,0x00,
    0x00,0x00,0x00,0x00,0x00,0x00,0x00,0x00,0x00,0x00,0x00,0x00,0x00,0x00,0x00,0x00,0x00,0x00,0x00,0x00,0x00,0x00,0x00,0x00,
    0x00,0x00,0x00,0x00,0x00,0x00,0x00,0x00,0x00,0x00,0x00,0x00,0x00,0x00,0x00,0x00,0x00,0x00,0x00,0x00,0x00,0x00,0x00,0x00,
    0x00,0x00,0x00,0x00,0x00,0x00,0x00,0x00,0x00,0x00,0x00,0x00,0x00,0x00,0x00,0x00,0x00,0x00,0x00,0x00,0x00,0x00,0x00,0x00,
    0x00,0x00,0x00,0x00,0x00,0x00,0x00,0x00,0x00,0x00,0x00,0x00,0x00,0x00,0x00,0x00,0x00,0x00,0x00,0x00,0x00,0x00,0x00,0x00,
    0x00,0x00,0x00,0x00,0x00,0x00,0x00,0x00,0x00,0x00,0x00,0x00,0x00,0x00,0x00,0x00,0x00,0x00,0x00,0x00,0x00,0x00,0x00,0x00,
    0x00,0x00,0x00,0x00,0x00,0x00,0x00,0x00,0x00,0x00,0x00,0x00,0x00,0x00,0x00,0x00,0x00,0x00,0x00,0x00,0x00,0x00,0x00,0x00,
    0x00,0x00,0x00,0x00,0x00,0x00,0x00,0xf8,0x01,0x00,0xf8,0x02,0x86,0xc9,0x05,0xe7,0xf9,0x04,0x00,0x00,0x00,0x00,0x00,0x00,
    0x00,0x00,0x00,0x00,0x00,0x00,0x00,0x00,0x00,0x65,0xe1,0x2c,0x85,0xf1,0x55,0x65,0xe9,0xaa,0x84,0xe9,0x4f,0x00,0xf8,0x02,
    0x00,0xf8,0x02,0x00,0x00,0x00,0x00,0x00,0x00,0x00,0x00,0x00,0x00,0x00,0x00,0x00,0x00,0x00,0x00,0x00,0x00,0x00,0x00,0x00,
    0x00,0x00,0x00,0x00,0x00,0x00,0x00,0x00,0x00,0x00,0x00,0x00,0x00,0x00,0x00,0x00,0x00,0x00,0x00,0x00,0x00,0x00,0x00,0x00,
    0x00,0x00,0x00,0x00,0x00,0x00,0x00,0x00,0x00,0x00,0x00,0x00,0x00,0x00,0x00,0x00,0x00,0x00,0x00,0x00,0x00,0x00,0x00,0x00,
    0x00,0x00,0x00,0x00,0x00,0x00,0x00,0x00,0x00,0x00,0x00,0x00,0x00,0x00,0x00,0x00,0x00,0x00,0x00,0x00,0x00,0x00,0x00,0x00,
    0x00,0x00,0x00,0x00,0x00,0x00,0x00,0x00,0x00,0x00,0x00,0x00,0x00,0x00,0x00,0x00,0x00,0x00,0x00,0x00,0x00,0x00,0x00,0x00,
    0x00,0x00,0x00,0x00,0x00,0x00,0x00,0x00,0x00,0x00,0x00,0x00,0x00,0x00,0x00,0x00,0x00,0x00,0x00,0x00,0x00,0x00,0x00,0x00,
    0x00,0x00,0x00,0x00,0x00,0x00,0x00,0x00,0x00,0x00,0x00,0x00,0x00,0x00,0x00,0x00,0x00,0x00,0x00,0x00,0x00,0x00,0x00,0x00,
    0x00,0x00,0x00,0x00,0x00,0x00,0x00,0x00,0x00,0x00,0x00,0x00,0x00,0x00,0x00,0x00,0x00,0x00,0x00,0x00,0x00,0x00,0x00,0x00,
    0x00,0x00,0x00,0x00,0x00,0x00,0x00,0x00,0x00,0x00,0x00,0x00,0x00,0x00,0x00,0x00,0x00,0x00,0x00,0x00,0x00,0x00,0x00,0x00,
    0x00,0x00,0x00,0x00,0x00,0x00,0x00,0x00,0x00,0x00,0x00,0x00,0x00,0x00,0x00,0x00,0x00,0x00,0x00,0x00,0x00,0x00,0x00,0x00,
    0x00,0x00,0x00,0x00,0x00,0x00,0x00,0x00,0x00,0x00,0x00,0x00,0x00,0x00,0x00,0x00,0x00,0x00,0x00,0x00,0x00,0x00,0x00,0x00,
    0x00,0x00,0x00,0x00,0x00,0x00,0x00,0x00,0x00,0x00,0x00,0x00,0x00,0x00,0x00,0x00,0x00,0x00,0x00,0x00,0x00,0x00,0x00,0x00,
    0x00,0x00,0x00,0x00,0x00,0x00,0x00,0x00,0x00,0x00,0x00,0x00,0x00,0x00,0x00,0x00,0x00,0x00,0x00,0x00,0x00,0x00,0x00,0x00,
    0x00,0x00,0x00,0x00,0x00,0x00,0x00,0x00,0x00,0x00,0x00,0x00,0x00,0x00,0x00,0x00,0x00,0x00,0x00,0x00,0x00,0x00,0x00,0x00,
    0x00,0x00,0x00,0x00,0x00,0x00,0x00,0x00,0x00,0x00,0x00,0x00,0x00,0x00,0x00,0x00,0x00,0x00,0x00,0x00,0x00,0x00,0x00,0x00,
    0x00,0x00,0x00,0x00,0x00,0x00,0x00,0x00,0x00,0x00,0x00,0x00,0x00,0x00,0x00,0x00,0x00,0x00,0x00,0x00,0x00,0x00,0x00,0x00,
    0x00,0x00,0x00,0x00,0x00,0x00,0x00,0x00,0x00,0x00,0x00,0x00,0x00,0x00,0x00,0x00,0x00,0x00,0x00,0x00,0x00,0x00,0x00,0x00,
    0x00,0x00,0x00,0x00,0x00,0x00,0x00,0x00,0x00,0x00,0x00,0x00,0x00,0x00,0x00,0x00,0x00,0x00,0x00,0x00,0x00,0x00,0x00,0x00,
    0x00,0x00,0x00,0x00,0x00,0x00,0x00,0x00,0x00,0x00,0x00,0x00,0x00,0x00,0x00,0x00,0x00,0x00,0x00,0x00,0x00,0x00,0x00,0x00,
    0x00,0x00,0x00,0x00,0x00,0x00,0x00,0x00,0x00,0x00,0x00,0x00,0x00,0x00,0x00,0x00,0x00,0x00,0x00,0x00,0x00,0x00,0x00,0x00,
    0x00,0x00,0x00,0x00,0x00,0x00,0x00,0x00,0x00,0x00,0x00,0x00,0x00,0x00,0x00,0x00,0x00,0x00,0x00,0x00,0x00,0x00,0x00,0x00,
    0x00,0x00,0x00,0x00,0x00,0x00,0x00,0x00,0x00,0x00,0x00,0x00,0x00,0x00,0x00,0x00,0x00,0x00,0x00,0x00,0x00,0x00,0x00,0x00,
    0x00,0x00,0x00,0x00,0x00,0x00,0x00,0x00,0x00,0x00,0x00,0x00,0x00,0x00,0x00,0x00,0x00,0x00,0x00,0x00,0x00,0x00,0x00,0x00,
    0x00,0x00,0x00,0x00,0x00,0x00,0x00,0x00,0x00,0x00,0x00,0x00,0x00,0x00,0x00,0x00,0x00,0x00,0x00,0x00,0x00,0x00,0x00,0x00,
    0x00,0x00,0x00,0x00,0x00,0x00,0x00,0x00,0x00,0x00,0x00,0x00,0x00,0x00,0x00,0x00,0x00,0x00,0x00,0x00,0x00,0x00,0x00,0x00,
    0x00,0xf8,0x01,0xa0,0xfa,0x03,0xe7,0xf9,0x04,0x00,0xa8,0x03,0x00,0x00,0x00,0x00,0x00,0x00,0x00,0x00,0x00,0x00,0x00,0x00,
    0x00,0x00,0x00,0x00,0x00,0x00,0x00,0x00,0x00,0x00,0x00,0x00,0x00,0x00,0x00,0x00,0x00,0x00,0x00,0x00,0x00,0x00,0x00,0x00,
    0x00,0x00,0x00,0x00,0x00,0x00,0x00,0x00,0x00,0x00,0x00,0x00,0x00,0x00,0x00,0x00,0x00,0x00,0x00,0x00,0x00,0x00,0x00,0x00,
    0x00,0x00,0x00,0x00,0x00,0x00,0x00,0x00,0x00,0x00,0x00,0x00,0x00,0x00,0x00,0x00,0x00,0x00,0x00,0x00,0x00,0x00,0x00,0x00,
    0x00,0x00,0x00,0x00,0x00,0x00,0x00,0x00,0x00,0x00,0x00,0x00,0x00,0x00,0x00,0x00,0x00,0x00,0x00,0x00,0x00,0x00,0x00,0x00,
    0x00,0x00,0x00,0x00,0x00,0x00,0x00,0x00,0x00,0x00,0x00,0x00,0x00,0x00,0x00,0x00,0x00,0x00,0x00,0x00,0x00,0x00,0x00,0x00,
    0x00,0x00,0x00,0x00,0x00,0x00,0x00,0x00,0x00,0x00,0x00,0x00,0x00,0x00,0x00,0x00,0x00,0x00,0x00,0x00,0x00,0x00,0x00,0x00,
    0x00,0x00,0x00,0x00,0x00,0x00,0x00,0x00,0x00,0x00,0x00,0x00,0x00,0x00,0x00,0x00,0x00,0x00,0x00,0x00,0x00,0x00,0x00,0x00,
    0x00,0x00,0x00,0x00,0x00,0x00,0x00,0x00,0x00,0x00,0x00,0x00,0x00,0x00,0x00,0x00,0x00,0x00,0x00,0x00,0x00,0x00,0x00,0x00,
    0x00,0x00,0x00,0x00,0x00,0x00,0x00,0x00,0x00,0x00,0x00,0x00,0x00,0x00,0x00,0x00,0x00,0x00,0x00,0x00,0x00,0x00,0x00,0x00,
    0x00,0x00,0x00,0x00,0x00,0x00,0x00,0x00,0x00,0x00,0x00,0x00,0x00,0x00,0x00,0x00,0x00,0x00,0x00,0x00,0x00,0x00,0x00,0x00,
    0x00,0x00,0x00,0x00,0x00,0x00,0x00,0x00,0x00,0x00,0x00,0x00,0x00,0x00,0x00,0x00,0x00,0x00,0x00,0x00,0x00,0x00,0x00,0x00,
    0x00,0x00,0x00,0x00,0x00,0x00,0x00,0x00,0x00,0x00,0x00,0x00,0x00,0x00,0x00,0x00,0x00,0x00,0x00,0x00,0x00,0x00,0x00,0x00,
    0x00,0x00,0x00,0x00,0x00,0x00,0x00,0x00,0x00,0x00,0x00,0x00,0x00,0x00,0x00,0x00,0x00,0x00,0x00,0x00,0x00,0x00,0x00,0x00,
    0x00,0x00,0x00,0x00,0x00,0x00,0x00,0x00,0x00,0x00,0x00,0x00,0x00,0x00,0x00,0x00,0x00,0x00,0x00,0x00,0x00,0x00,0x00,0x00,
    0x00,0x00,0x00,0x00,0x00,0x00,0x00,0x00,0x00,0x00,0x00,0x00,0x00,0x00,0x00,0x00,0x00,0x00,0x00,0x00,0x00,0x00,0x00,0x00,
    0x00,0x00,0x00,0x00,0x00,0x00,0x00,0x00,0x00,0x00,0x00,0x00,0x00,0x00,0x00,0x00,0x00,0x00,0x00,0x00,0x00,0x00,0x00,0x00,
    0x00,0x00,0x00,0x00,0x00,0x00,0x00,0x00,0x00,0x00,0x00,0x00,0x00,0x00,0x00,0x00,0x00,0x00,0x00,0x00,0x00,0x00,0x00,0x00,
    0x00,0x00,0x00,0x00,0x00,0x00,0x00,0x00,0x00,0x00,0x00,0x00,0x00,0x00,0x00,0x00,0x00,0x00,0x00,0x00,0x00,0x00,0x00,0x00,
    0x00,0x00,0x00,0x00,0x00,0x00,0x00,0x00,0x00,0x00,0x00,0x00,0x00,0x00,0x00,0x00,0x00,0x00,0x00,0x00,0x00,0x00,0x00,0x00,
    0x00,0x00,0x00,0x00,0x00,0x00,0x00,0x00,0x00,0x00,0x00,0x00,0x00,0x00,0x00,0x00,0x00,0x00,0x00,0x00,0x00,0x00,0x00,0x00,
    0x00,0x00,0x00,0x00,0x00,0x00,0x00,0x00,0x00,0x00,0x00,0x00,0x00,0x00,0x00,0x00,0x00,0x00,0x00,0x00,0x00,0x00,0x00,0x00,
    0x00,0x00,0x00,0x00,0x00,0x00,0x00,0x00,0x00,0x00,0x00,0x00,0x00,0x00,0x00,0x00,0x00,0x00,0x00,0x00,0x00,0x00,0x00,0x00,
    0x00,0x00,0x00,0x00,0x00,0x00,0x00,0x00,0x00,0x00,0x00,0x00,0x00,0x00,0x00,0x00,0x00,0x00,0x00,0x00,0x00,0x00,0x00,0x00,
    0x00,0x00,0x00,0x00,0x00,0x00,0x00,0x00,0x00,0x00,0x00,0x00,0x00,0x00,0x00,0x00,0x00,0x00,0x00,0x00,0x00,0x00,0x00,0x00,
    0x00,0x00,0x00,0x00,0x00,0x00,0x00,0x00,0x00,0x00,0x00,0x00,0x00,0x00,0x00,0x00,0x00,0x00,0x00,0x00,0x00,0x00,0x00,0x00,
    0x00,0x00,0x00,0x00,0x00,0x00,0x00,0x00,0x00,0x00,0x00,0x00,0x00,0x00,0x00,0x00,0x00,0x00,0x00,0x00,0x00,0x00,0xf8,0x02,
    0xe7,0xf9,0x04,0xa0,0xfa,0x03,0x00,0xf8,0x02,0x00,0x00,0x00,0x00,0x00,0x00,0x00,0x00,0x00,0x00,0x00,0x00,0x00,0x00,0x00,
    0x00,0x00,0x00,0x00,0x00,0x00,0x00,0x00,0x00,0x00,0x00,0x00,0x00,0x00,0x00,0x00,0x00,0x00,0x00,0x00,0x00,0x00,0x00,0x00,
    0x00,0x00,0x00,0x00,0x00,0x00,0x00,0x00,0x00,0x00,0x00,0x00,0x00,0x00,0x00,0x00,0x00,0x00,0x00,0x00,0x00,0x00,0x00,0x00,
    0x00,0x00,0x00,0x00,0x00,0x00,0x00,0x00,0x00,0x00,0x00,0x00,0x00,0x00,0x00,0x00,0x00,0x00,0x00,0x00,0x00,0x00,0x00,0x00,
    0x00,0x00,0x00,0x00,0x00,0x00,0x00,0x00,0x00,0x00,0x00,0x00,0x00,0x00,0x00,0x00,0x00,0x00,0x00,0x00,0x00,0x00,0x00,0x00,
    0x00,0x00,0x00,0x00,0x00,0x00,0x00,0x00,0x00,0x00,0x00,0x00,0x00,0x00,0x00,0x00,0x00,0x00,0x00,0x00,0x00,0x00,0x00,0x00,
    0x00,0x00,0x00,0x00,0x00,0x00,0x00,0x00,0x00,0x00,0x00,0x00,0x00,0x00,0x00,0x00,0x00,0x00,0x00,0x00,0x00,0x00,0x00,0x00,
    0x00,0x00,0x00,0x00,0x00,0x00,0x00,0x00,0x00,0x00,0x00,0x00,0x00,0x00,0x00,0x00,0x00,0x00,0x00,0x00,0x00,0x00,0x00,0x00,
    0x00,0x00,0x00,0x00,0x00,0x00,0x00,0x00,0x00,0x00,0x00,0x00,0x00,0x00,0x00,0x00,0x00,0x00,0x00,0x00,0x00,0x00,0x00,0x00,
    0x00,0x00,0x00,0x00,0x00,0x00,0x00,0x00,0x00,0x00,0x00,0x00,0x00,0x00,0x00,0x00,0x00,0x00,0x00,0x00,0x00,0x00,0x00,0x00,
    0x00,0x00,0x00,0x00,0x00,0x00,0x00,0x00,0x00,0x00,0x00,0x00,0x00,0x00,0x00,0x00,0x00,0x00,0x00,0x00,0x00,0x00,0x00,0x00,
    0x00,0x00,0x00,0x00,0x00,0x00,0x00,0x00,0x00,0x00,0x00,0x00,0x00,0x00,0x00,0x00,0x00,0x00,0x00,0x00,0x00,0x00,0x00,0x00,
};
const lv_img_dsc_t ui_img_mini_gp3 = {
    .header.always_zero = 0,
    .header.w = 210,
    .header.h = 88,
    .data_size = sizeof(ui_img_mini_gp3_data),
    .header.cf = LV_IMG_CF_TRUE_COLOR_ALPHA,
    .data = ui_img_mini_gp3_data,
};
